Ticker,timestamp,Date,Error,data_source,last_price,volume,iv_30d,IV_7_D_Call,IV_14_D_Call,IV_21_D_Call,IV_30_D_Call,IV_60_D_Call,IV_90_D_Call,IV_120_D_Call,IV_150_D_Call,IV_180_D_Call,IV_270_D_Call,IV_360_D_Call,IV_720_D_Call,IV_1080_D_Call,IV_7_D_Put,IV_14_D_Put,IV_21_D_Put,IV_30_D_Put,IV_60_D_Put,IV_90_D_Put,IV_120_D_Put,IV_150_D_Put,IV_180_D_Put,IV_270_D_Put,IV_360_D_Put,IV_720_D_Put,IV_1080_D_Put,hv_10,hv_20,hv_30,hv_60,hv_90,HV_10_D_Cur,HV_20_D_Cur,HV_30_D_Cur,HV_60_D_Cur,HV_90_D_Cur,HV_120_D_Cur,HV_150_D_Cur,HV_180_D_Cur,hv_slope,volatility_regime,snapshot_ts,Snapshot_Age_Hours,IV_Rank_30D,IV_Term_Structure,IV_Trend_7D,HV_Trend_30D,VVIX,Recent_Vol_Spike,Volatility_Regime,Trend_State,Price_vs_SMA20,Price_vs_SMA50,Volume_Trend,ADX,RSI,Trend_Strength,RV_10D,RV_Calculated,RV_IV_Ratio,Chart_Pattern,Pattern_Confidence,Candlestick_Pattern,Entry_Timing_Quality,Reversal_Confirmation,IVHV_gap_30D,Signal_Type,Regime
BKNG,2025-12-31 18:14:39.805704,2025-12-31,,schwab,,,,,,,,,,,,,,,,,,,,,,,,,,,,,,13.039141322399423,20.285821278167116,26.716685543427477,29.74080452084934,26.235234233377376,13.039141322399423,20.285821278167116,26.716685543427477,29.74080452084934,26.235234233377376,24.502100935828867,23.650244081589857,24.058932343050948,-13.677544221028052,Normal_Contraction,2025-12-31 18:14:39.805704,0.030136308611111114,,Unknown,Unknown,Falling,,False,Unknown,Bullish,0.6495094423004233,4.6620255541471405,Falling,47.75860043410222,57.87108364274597,Strong,12.945716365038756,True,,,0.0,,,False,,Bullish,Unknown
AZO,2025-12-31 18:14:39.805704,2025-12-31,,schwab,,,,,,,,,,,,,,,,,,,,,,,,,,,,,,13.174583009577676,30.460916585296577,28.391785290496347,25.737439477085893,23.276120413404755,13.174583009577676,30.460916585296577,28.391785290496347,25.737439477085893,23.276120413404755,22.88044240146845,22.6760309511943,22.72406197167855,-15.21720228091867,Normal_Contraction,2025-12-31 18:14:39.805704,0.030136308611111114,,Unknown,Unknown,Falling,,False,Unknown,Bearish,-3.36571697858468,-8.113276682806145,Falling,66.92454474737553,46.477919231621996,Strong,13.205467522762051,True,,,0.0,,,False,,Bearish,Unknown
MELI,2025-12-31 18:14:39.805704,2025-12-31,,schwab,,,,,,,,,,,,,,,,,,,,,,,,,,,,,,15.631857550220197,29.386639942937386,39.35667404569207,42.240083143935806,40.79991367585692,15.631857550220197,29.386639942937386,39.35667404569207,42.240083143935806,40.79991367585692,37.565608449880344,35.93323012254809,35.85601921607978,-23.72481649547187,Normal_Contraction,2025-12-31 18:14:39.805704,0.030136308611111114,,Unknown,Unknown,Falling,,False,Unknown,Bearish,-0.07803185789823522,-3.486152883791572,Falling,34.764961665942025,58.0092050224241,Strong,15.777903861972586,True,,,0.0,,,False,,Bearish,Unknown
MKL,2025-12-31 18:14:39.805704,2025-12-31,,schwab,,,,,,,,,,,,,,,,,,,,,,,,,,,,,,9.84740177780977,13.210810079953797,12.130368974826752,19.475850985020728,18.51357093340765,9.84740177780977,13.210810079953797,12.130368974826752,19.475850985020728,18.51357093340765,19.24607808138054,18.518567339086008,19.101089519461887,-2.2829671970169834,Low_Compression,2025-12-31 18:14:39.805704,0.030136308611111114,,Unknown,Unknown,Falling,,False,Unknown,Bullish,0.7039375380185909,4.669635380817589,Falling,36.361788517821616,65.04106913527397,Strong,9.83003616763756,True,,,0.0,,,False,,Bullish,Unknown
FCNCA,2025-12-31 18:14:39.805704,2025-12-31,,schwab,,,,,,,,,,,,,,,,,,,,,,,,,,,,,,12.656726745012634,18.79688405851855,17.890583550329016,27.03604774285723,26.44348962572849,12.656726745012634,18.79688405851855,17.890583550329016,27.03604774285723,26.44348962572849,26.816557715661627,26.28278510174751,26.77395967149339,-5.233856805316382,Normal,2025-12-31 18:14:39.805704,0.030136308611111114,,Unknown,Unknown,Falling,,False,Unknown,Bullish,2.94280541488984,11.547035849316304,Stable,88.07926145813725,69.87397873627985,Strong,12.705290810741838,True,,,0.0,,,False,,Bullish,Unknown
FICO,2025-12-31 18:14:39.805704,2025-12-31,,schwab,,,,,,,,,,,,,,,,,,,,,,,,,,,,,,22.71197608276822,26.18951898442678,28.76272814537725,38.722575253813005,45.93774246021896,22.71197608276822,26.18951898442678,28.76272814537725,38.722575253813005,45.93774246021896,43.57173316422309,43.692199664732115,49.82946893115483,-6.050752062609028,Normal,2025-12-31 18:14:39.805704,0.030136308611111114,,Unknown,Unknown,Falling,,False,Unknown,Bearish,-4.1960618014983115,-2.196067345161515,Rising,19.037029075737845,41.23968935745586,Moderate,22.25879698274482,True,,,0.0,,,False,,Bearish,Unknown
TDG,2025-12-31 18:14:39.805704,2025-12-31,,schwab,,,,,,,,,,,,,,,,,,,,,,,,,,,,,,12.700413262428253,18.2458608123702,17.030634976526652,21.826837411442177,20.562289582160385,12.700413262428253,18.2458608123702,17.030634976526652,21.826837411442177,20.562289582160385,28.17114095876352,26.171138424368827,26.792722608742757,-4.3302217140984,Normal_Compression,2025-12-31 18:14:39.805704,0.030136308611111114,,Unknown,Unknown,Falling,,False,Unknown,Bullish,1.554802671528511,0.8394868716212533,Falling,53.74013737909594,59.03088205457128,Strong,12.76243773765096,True,,,0.0,,,False,,Bullish,Unknown
NFLX,2025-12-31 18:14:39.805704,2025-12-31,,schwab,,,,,,,,,,,,,,,,,,,,,,,,,,,,,,9.950730486361715,28.91887667363554,33.29783324738847,36.22663928273201,32.06216088227116,9.950730486361715,28.91887667363554,33.29783324738847,36.22663928273201,32.06216088227116,31.071662975871327,29.68652221701123,30.05690784637841,-23.34710276102675,Normal_Contraction,2025-12-31 18:14:39.805704,0.030136308611111114,,Unknown,Unknown,Falling,,False,Unknown,Bearish,-1.8713084720242972,-10.248016380910954,Falling,40.586721439311646,55.70033814512241,Strong,9.930279092748547,True,,,0.0,,,False,,Bearish,Unknown
MTD,2025-12-31 18:14:39.805704,2025-12-31,,schwab,,,,,,,,,,,,,,,,,,,,,,,,,,,,,,10.038613710928011,19.119537957227532,21.781062355069785,24.360407719799188,25.693931709385353,10.038613710928011,19.119537957227532,21.781062355069785,24.360407719799188,25.693931709385353,27.264170852732654,26.494212557655818,30.746431943775637,-11.742448644141772,Normal_Contraction,2025-12-31 18:14:39.805704,0.030136308611111114,,Unknown,Unknown,Falling,,False,Unknown,Bearish,-0.8194833774738459,-1.7455654838985493,Falling,40.34881286896417,46.1548432494491,Strong,10.240664067572954,True,,,0.0,,,False,,Bearish,Unknown
TPL,2025-12-31 18:14:39.805704,2025-12-31,,schwab,,,,,,,,,,,,,,,,,,,,,,,,,,,,,,46.13087859837683,46.85052873719562,41.52978869236018,42.13023506366215,41.142060243478,46.13087859837683,46.85052873719562,41.52978869236018,42.13023506366215,41.142060243478,41.706907820055214,40.04195586592064,39.76260920890199,4.601089906016654,High_Compression,2025-12-31 18:14:39.805704,0.030136308611111114,,Unknown,Unknown,Rising,,False,Unknown,Bearish,-2.5152936780088746,-5.29753873428647,Falling,17.207745344726693,43.836439068107566,Moderate,47.190573734064586,True,,,0.0,,,False,,Bearish,Unknown
BLK,2025-12-31 18:14:39.805704,2025-12-31,,schwab,,,,,,,,,,,,,,,,,,,,,,,,,,,,,,,,,,,,,,,,,,,,Unknown,2025-12-31 18:14:39.805704,0.030136308611111114,,Unknown,Unknown,Unknown,,False,Unknown,Neutral,-0.706568782706232,0.061573947934145216,Falling,33.9215470862044,44.15931607157329,Strong,15.884760684084952,True,,,0.0,,,False,,Bidirectional,Unknown
GWW,2025-12-31 18:14:39.805704,2025-12-31,,schwab,,,,,,,,,,,,,,,,,,,,,,,,,,,,,,,,,,,,,,,,,,,,Unknown,2025-12-31 18:14:39.805704,0.030136308611111114,,Unknown,Unknown,Unknown,,False,Unknown,Bullish,0.05294723334251973,3.6979295987674243,Falling,61.85712498877716,55.496643119390264,Strong,11.528661349753135,True,,,0.0,,,False,,Bullish,Unknown
NOW,2025-12-31 18:14:39.805704,2025-12-31,,schwab,,,,,,,,,,,,,,,,,,,,,,,,,,,,,,,,,,,,,,,,,,,,Unknown,2025-12-31 18:14:39.805704,0.030136308611111114,,Unknown,Unknown,Unknown,,False,Unknown,Bearish,-4.7943380233716075,-9.175356208896185,Falling,32.933238011386216,28.394564181759876,Strong,17.457996447937298,True,,,0.0,,,False,,Bearish,Unknown
COST,2025-12-31 18:14:39.805704,2025-12-31,,schwab,,,,,,,,,,,,,,,,,,,,,,,,,,,,,,,,,,,,,,,,,,,,Unknown,2025-12-31 18:14:39.805704,0.030136308611111114,,Unknown,Unknown,Unknown,,False,Unknown,Bearish,-1.3045070291600982,-4.157062239553098,Falling,49.97368772370919,42.766417248755594,Strong,12.780226300816299,True,,,0.0,,,False,,Bearish,Unknown
KLAC,2025-12-31 18:14:39.805704,2025-12-31,,schwab,,,,,,,,,,,,,,,,,,,,,,,,,,,,,,,,,,,,,,,,,,,,Unknown,2025-12-31 18:14:39.805704,0.030136308611111114,,Unknown,Unknown,Unknown,,False,Unknown,Neutral,-1.462080529101193,1.5293879364816785,Falling,22.636798590421034,46.22834276299164,Moderate,38.19119796318882,True,,,0.0,,,False,,Bidirectional,Unknown
AXON,2025-12-31 18:14:39.805704,2025-12-31,,schwab,,,,,,,,,,,,,,,,,,,,,,,,,,,,,,,,,,,,,,,,,,,,Unknown,2025-12-31 18:14:39.805704,0.030136308611111114,,Unknown,Unknown,Unknown,,False,Unknown,Bearish,-0.009685825758712165,-5.027222872645007,Falling,35.636048856198144,49.82695545842225,Strong,35.10315230169835,True,,,0.0,,,False,,Bearish,Unknown
INTU,2025-12-31 18:14:39.805704,2025-12-31,,schwab,,,,,,,,,,,,,,,,,,,,,,,,,,,,,,,,,,,,,,,,,,,,Unknown,2025-12-31 18:14:39.805704,0.030136308611111114,,Unknown,Unknown,Unknown,,False,Unknown,Neutral,-0.670576108817157,0.24797671166876734,Falling,16.40096626333995,49.99446055986176,Moderate,12.27028772842673,True,,,0.0,,,False,,Bidirectional,Unknown
LLY,2025-12-31 18:14:39.805704,2025-12-31,,schwab,,,,,,,,,,,,,,,,,,,,,,,,,,,,,,,,,,,,,,,,,,,,Unknown,2025-12-31 18:14:39.805704,0.030136308611111114,,Unknown,Unknown,Unknown,,False,Unknown,Bullish,2.8830231913901905,8.391133837235156,Falling,36.80718438026605,78.60377982827737,Strong,12.893357249195159,True,,,0.0,,,False,,Bullish,Unknown
SPOT,2025-12-31 18:14:39.805704,2025-12-31,,schwab,,,,,,,,,,,,,,,,,,,,,,,,,,,,,,,,,,,,,,,,,,,,Unknown,2025-12-31 18:14:39.805704,0.030136308611111114,,Unknown,Unknown,Unknown,,False,Unknown,Neutral,0.2322422570818789,-4.698678458307569,Falling,13.721872300039264,34.53998719063206,Weak,23.10740031648808,True,,,0.0,,,False,,Bidirectional,Unknown
URI,2025-12-31 18:14:39.805704,2025-12-31,,schwab,,,,,,,,,,,,,,,,,,,,,,,,,,,,,,,,,,,,,,,,,,,,Unknown,2025-12-31 18:14:39.805704,0.030136308611111114,,Unknown,Unknown,Unknown,,False,Unknown,Bearish,-0.2500759423546159,-3.0005299912919425,Falling,16.52869622381402,48.383424976222756,Moderate,21.50845246795896,True,,,0.0,,,False,,Bearish,Unknown
MPWR,2025-12-31 18:14:39.805704,2025-12-31,,schwab,,,,,,,,,,,,,,,,,,,,,,,,,,,,,,,,,,,,,,,,,,,,Unknown,2025-12-31 18:14:39.805704,0.030136308611111114,,Unknown,Unknown,Unknown,,False,Unknown,Bearish,-4.371071464145267,-5.636885119711619,Falling,16.942295065069626,28.93910562380097,Moderate,28.147375785736067,True,,,0.0,,,False,,Bearish,Unknown
META,2025-12-31 18:14:39.805704,2025-12-31,,schwab,,,,,,,,,,,,,,,,,,,,,,,,,,,,,,17.3828835728788,21.576930995403856,23.967890962250166,34.71648352759793,30.241035601594024,17.3828835728788,21.576930995403856,23.967890962250166,34.71648352759793,30.241035601594024,32.82858751271557,31.418667550857933,32.98326402972302,-6.585007389371366,Normal,2025-12-31 18:14:39.805704,0.030136308611111114,,Unknown,Unknown,Falling,,False,Unknown,Bullish,0.3138554419140646,1.0133007308591648,Falling,61.54923900565639,56.278618466477624,Strong,17.41588243100343,True,,,0.0,,,False,,Bullish,Unknown
MCK,2025-12-31 18:14:39.805704,2025-12-31,,schwab,,,,,,,,,,,,,,,,,,,,,,,,,,,,,,,,,,,,,,,,,,,,Unknown,2025-12-31 18:14:39.805704,0.030136308611111114,,Unknown,Unknown,Unknown,,False,Unknown,Neutral,0.5829887223615982,-1.1305090645751037,Falling,35.75592399314025,55.317268517975194,Strong,9.948804323239592,True,,,0.0,,,False,,Bidirectional,Unknown
PH,2025-12-31 18:14:39.805704,2025-12-31,,schwab,,,,,,,,,,,,,,,,,,,,,,,,,,,,,,,,,,,,,,,,,,,,Unknown,2025-12-31 18:14:39.805704,0.030136308611111114,,Unknown,Unknown,Unknown,,False,Unknown,Neutral,-0.177165334067719,4.7435808965063915,Falling,25.07387397592302,43.93064582671825,Strong,12.637296836619669,True,,,0.0,,,False,,Bidirectional,Unknown
GS,2025-12-31 18:14:39.805704,2025-12-31,,schwab,,,,,,,,,,,,,,,,,,,,,,,,,,,,,,,,,,,,,,,,,,,,Unknown,2025-12-31 18:14:39.805704,0.030136308611111114,,Unknown,Unknown,Unknown,,False,Unknown,Neutral,-0.37086138996791107,6.549690898354832,Falling,55.19586427378677,46.17854067868418,Strong,16.83451146740931,True,,,0.0,,,False,,Bidirectional,Unknown
NEU,2025-12-31 18:14:39.805704,2025-12-31,,schwab,,,,,,,,,,,,,,,,,,,,,,,,,,,,,,,,,,,,,,,,,,,,Unknown,2025-12-31 18:14:39.805704,0.030136308611111114,,Unknown,Unknown,Unknown,,False,Unknown,Bearish,-6.048344910162688,-8.126392913985205,Stable,47.98515570550263,17.002883439317714,Strong,16.0647168619548,True,,,0.0,,,False,,Bearish,Unknown
TYL,2025-12-31 18:14:39.805704,2025-12-31,,schwab,,,,,,,,,,,,,,,,,,,,,,,,,,,,,,,,,,,,,,,,,,,,Unknown,2025-12-31 18:14:39.805704,0.030136308611111114,,Unknown,Unknown,Unknown,,False,Unknown,Bearish,-0.8907690779453218,-3.211635303087467,Falling,28.404396157555933,47.799967860782886,Strong,11.901566167421478,True,,,0.0,,,False,,Bearish,Unknown
MSCI,2025-12-31 18:14:39.805704,2025-12-31,,schwab,,,,,,,,,,,,,,,,,,,,,,,,,,,,,,,,,,,,,,,,,,,,Unknown,2025-12-31 18:14:39.805704,0.030136308611111114,,Unknown,Unknown,Unknown,,False,Unknown,Bullish,2.447300246503668,1.984423276510602,Falling,36.909356288026636,77.69632581461741,Strong,15.236318355288722,True,,,0.0,,,False,,Bullish,Unknown
LII,2025-12-31 18:14:39.805704,2025-12-31,,schwab,,,,,,,,,,,,,,,,,,,,,,,,,,,,,,,,,,,,,,,,,,,,Unknown,2025-12-31 18:14:39.805704,0.030136308611111114,,Unknown,Unknown,Unknown,,False,Unknown,Bearish,-2.6428491298011507,-1.1084648054281256,Falling,24.2024964435958,34.3362289044064,Moderate,13.695053025583523,True,,,0.0,,,False,,Bearish,Unknown
ROP,2025-12-31 18:14:39.805704,2025-12-31,,schwab,,,,,,,,,,,,,,,,,,,,,,,,,,,,,,,,,,,,,,,,,,,,Unknown,2025-12-31 18:14:39.805704,0.030136308611111114,,Unknown,Unknown,Unknown,,False,Unknown,Bearish,-0.4331554543763514,-1.2743629355935993,Falling,7.351558118079792,54.192423479259425,Weak,14.586418995431869,True,,,0.0,,,False,,Bearish,Unknown
CHE,2025-12-31 18:14:39.805704,2025-12-31,,schwab,,,,,,,,,,,,,,,,,,,,,,,,,,,,,,,,,,,,,,,,,,,,Unknown,2025-12-31 18:14:39.805704,0.030136308611111114,,Unknown,Unknown,Unknown,,False,Unknown,Bearish,-0.2667830808777706,-1.5780513333692392,Falling,34.10958342275414,53.71847655847018,Strong,11.229557381990709,True,,,0.0,,,False,,Bearish,Unknown
HUBS,2025-12-31 18:14:39.805704,2025-12-31,,schwab,,,,,,,,,,,,,,,,,,,,,,,,,,,,,,,,,,,,,,,,,,,,Unknown,2025-12-31 18:14:39.805704,0.030136308611111114,,Unknown,Unknown,Unknown,,False,Unknown,Neutral,3.414905432654823,-0.8389060889234357,Falling,28.242772933483764,55.370385287712004,Strong,28.54470589177079,True,,,0.0,,,False,,Bidirectional,Unknown
MA,2025-12-31 18:14:39.805704,2025-12-31,,schwab,,,,,,,,,,,,,,,,,,,,,,,,,,,,,,,,,,,,,,,,,,,,Unknown,2025-12-31 18:14:39.805704,0.030136308611111114,,Unknown,Unknown,Unknown,,False,Unknown,Bullish,1.309043795382693,2.5973196054295817,Falling,50.07145031754646,75.66529097857801,Strong,9.357609424924101,True,,,0.0,,,False,,Bullish,Unknown
MLM,2025-12-31 18:14:39.805704,2025-12-31,,schwab,,,,,,,,,,,,,,,,,,,,,,,,,,,,,,,,,,,,,,,,,,,,Unknown,2025-12-31 18:14:39.805704,0.030136308611111114,,Unknown,Unknown,Unknown,,False,Unknown,Neutral,-0.9407071202257068,0.6993008180272926,Falling,19.32102515583653,49.554685155736976,Moderate,17.84883866766072,True,,,0.0,,,False,,Bidirectional,Unknown
FIX,2025-12-31 18:14:39.805704,2025-12-31,,schwab,,,,,,,,,,,,,,,,,,,,,,,,,,,,,,,,,,,,,,,,,,,,Unknown,2025-12-31 18:14:39.805704,0.030136308611111114,,Unknown,Unknown,Unknown,,False,Unknown,Bearish,-3.2446528767145044,-1.6295316659362253,Falling,22.773484720364625,33.74913139208145,Moderate,54.30706092401305,True,,,0.0,,,False,,Bearish,Unknown
ISRG,2025-12-31 18:14:39.805704,2025-12-31,,schwab,,,,,,,,,,,,,,,,,,,,,,,,,,,,,,,,,,,,,,,,,,,,Unknown,2025-12-31 18:14:39.805704,0.030136308611111114,,Unknown,Unknown,Unknown,,False,Unknown,Bullish,0.0977327090234043,1.5726181549418219,Falling,20.127466029531615,56.88836554097646,Moderate,14.518263732514466,True,,,0.0,,,False,,Bullish,Unknown
IDXX,2025-12-31 18:14:39.805704,2025-12-31,,schwab,,,,,,,,,,,,,,,,,,,,,,,,,,,,,,,,,,,,,,,,,,,,Unknown,2025-12-31 18:14:39.805704,0.030136308611111114,,Unknown,Unknown,Unknown,,False,Unknown,Bearish,-3.1545963448104675,-2.642392335137602,Falling,46.476608063006374,31.079856093435197,Strong,16.707503997458602,True,,,0.0,,,False,,Bearish,Unknown
EME,2025-12-31 18:14:39.805704,2025-12-31,,schwab,,,,,,,,,,,,,,,,,,,,,,,,,,,,,,,,,,,,,,,,,,,,Unknown,2025-12-31 18:14:39.805704,0.030136308611111114,,Unknown,Unknown,Unknown,,False,Unknown,Bearish,-1.614750910208379,-4.323740982679046,Falling,25.013249129058426,42.83697471272286,Strong,30.34325542754947,True,,,0.0,,,False,,Bearish,Unknown
AMP,2025-12-31 18:14:39.805704,2025-12-31,,schwab,,,,,,,,,,,,,,,,,,,,,,,,,,,,,,,,,,,,,,,,,,,,Unknown,2025-12-31 18:14:39.805704,0.030136308611111114,,Unknown,Unknown,Unknown,,False,Unknown,Bullish,0.19350441704923158,4.034722708152224,Falling,58.838394252088925,41.3672326794529,Strong,10.98112749545694,True,,,0.0,,,False,,Bullish,Unknown
REGN,2025-12-31 18:14:39.805704,2025-12-31,,schwab,,,,,,,,,,,,,,,,,,,,,,,,,,,,,,,,,,,,,,,,,,,,Unknown,2025-12-31 18:14:39.805704,0.030136308611111114,,Unknown,Unknown,Unknown,,False,Unknown,Bullish,2.916480094885863,9.182664552311696,Falling,27.63913827546733,72.7209719479475,Strong,16.394172514797063,True,,,0.0,,,False,,Bullish,Unknown
GEV,2025-12-31 18:14:39.805704,2025-12-31,,schwab,,,,,,,,,,,,,,,,,,,,,,,,,,,,,,,,,,,,,,,,,,,,Unknown,2025-12-31 18:14:39.805704,0.030136308611111114,,Unknown,Unknown,Unknown,,False,Unknown,Neutral,-0.3604774315375184,7.508151047540059,Falling,25.398187621879494,33.101290851435465,Strong,61.85193676631141,True,,,0.0,,,False,,Bidirectional,Unknown
SPGI,2025-12-31 18:14:39.805704,2025-12-31,,schwab,,,,,,,,,,,,,,,,,,,,,,,,,,,,,,,,,,,,,,,,,,,,Unknown,2025-12-31 18:14:39.805704,0.030136308611111114,,Unknown,Unknown,Unknown,,False,Unknown,Bullish,2.668635195191594,4.86716027399802,Falling,36.95223314084668,77.50225728423744,Strong,16.607419389130975,True,,,0.0,,,False,,Bullish,Unknown
DE,2025-12-31 18:14:39.805704,2025-12-31,,schwab,,,,,,,,,,,,,,,,,,,,,,,,,,,,,,,,,,,,,,,,,,,,Unknown,2025-12-31 18:14:39.805704,0.030136308611111114,,Unknown,Unknown,Unknown,,False,Unknown,Bearish,-1.736810380942663,-1.6214473016478308,Falling,11.851823114263555,46.643836416975425,Weak,9.304973546301165,True,,,0.0,,,False,,Bearish,Unknown
TDY,2025-12-31 18:14:39.805704,2025-12-31,,schwab,,,,,,,,,,,,,,,,,,,,,,,,,,,,,,,,,,,,,,,,,,,,Unknown,2025-12-31 18:14:39.805704,0.030136308611111114,,Unknown,Unknown,Unknown,,False,Unknown,Bearish,-0.6977172260446992,-0.4899398531778147,Stable,28.549784771260097,45.2771484717745,Strong,13.897341910728295,True,,,0.0,,,False,,Bearish,Unknown
CASY,2025-12-31 18:14:39.805704,2025-12-31,,schwab,,,,,,,,,,,,,,,,,,,,,,,,,,,,,,,,,,,,,,,,,,,,Unknown,2025-12-31 18:14:39.805704,0.030136308611111114,,Unknown,Unknown,Unknown,,False,Unknown,Neutral,-0.8601668147169674,0.9730220778610158,Falling,30.162779000792025,61.55486157855053,Strong,22.433917727653327,True,,,0.0,,,False,,Bidirectional,Unknown
CACC,2025-12-31 18:14:39.805704,2025-12-31,,schwab,,,,,,,,,,,,,,,,,,,,,,,,,,,,,,,,,,,,,,,,,,,,Unknown,2025-12-31 18:14:39.805704,0.030136308611111114,,Unknown,Unknown,Unknown,,False,Unknown,Bearish,-3.9157603821111,-2.7805747518497284,Rising,28.065989326187626,20.79956236422271,Strong,12.526574767282508,True,,,0.0,,,False,,Bearish,Unknown
SNPS,2025-12-31 18:14:39.805704,2025-12-31,,schwab,,,,,,,,,,,,,,,,,,,,,,,,,,,,,,,,,,,,,,,,,,,,Unknown,2025-12-31 18:14:39.805704,0.030136308611111114,,Unknown,Unknown,Unknown,,False,Unknown,Bullish,0.36430430016190474,6.9303977442717475,Falling,55.36683890065202,46.71823633314232,Strong,26.588261347759367,True,,,0.0,,,False,,Bullish,Unknown
MSFT,2025-12-31 18:14:39.805704,2025-12-31,,schwab,,,,,,,,,,,,,,,,,,,,,,,,,,,,,,9.929490784901542,17.804031476388115,19.68975580842117,18.892310095271835,17.847902332732776,9.929490784901542,17.804031476388115,19.68975580842117,18.892310095271835,17.847902332732776,17.899090344656283,16.870129769074786,20.066997785130315,-9.76026502351963,Normal,2025-12-31 18:14:39.805704,0.030136308611111114,,Unknown,Unknown,Falling,,False,Unknown,Neutral,0.04281910129948894,-2.51227449492649,Falling,10.83822795340549,57.34183739437081,Weak,9.994995589317488,True,,,0.0,,,False,,Bidirectional,Unknown
NOC,2025-12-31 18:14:39.805704,2025-12-31,,schwab,,,,,,,,,,,,,,,,,,,,,,,,,,,,,,,,,,,,,,,,,,,,Unknown,2025-12-31 18:14:39.805704,0.030136308611111114,,Unknown,Unknown,Unknown,,False,Unknown,Bullish,0.669830067687313,0.13514435850103163,Falling,20.871525459184827,59.089275534273206,Moderate,20.06483980667491,True,,,0.0,,,False,,Bullish,Unknown
MCO,2025-12-31 18:14:39.805704,2025-12-31,,schwab,,,,,,,,,,,,,,,,,,,,,,,,,,,,,,,,,,,,,,,,,,,,Unknown,2025-12-31 18:14:39.805704,0.030136308611111114,,Unknown,Unknown,Unknown,,False,Unknown,Bullish,2.252825759927979,4.381448739069661,Falling,30.499661757556357,79.73030422948307,Strong,13.155917094653171,True,,,0.0,,,False,,Bullish,Unknown
CW,2025-12-31 18:14:39.805704,2025-12-31,,schwab,,,,,,,,,,,,,,,,,,,,,,,,,,,,,,,,,,,,,,,,,,,,Unknown,2025-12-31 18:14:39.805704,0.030136308611111114,,Unknown,Unknown,Unknown,,False,Unknown,Bearish,-0.25042510598271683,-1.598548038618069,Falling,23.126132142952322,48.26659515339145,Moderate,23.634817932188888,True,,,0.0,,,False,,Bearish,Unknown
KNSL,2025-12-31 18:14:39.805704,2025-12-31,,schwab,,,,,,,,,,,,,,,,,,,,,,,,,,,,,,,,,,,,,,,,,,,,Unknown,2025-12-31 18:14:39.805704,0.030136308611111114,,Unknown,Unknown,Unknown,,False,Unknown,Neutral,1.6471637757648605,-0.5117976210204971,Falling,27.780135844050893,60.54225854260412,Strong,28.583998079959937,True,,,0.0,,,False,,Bidirectional,Unknown
LIN,2025-12-31 18:14:39.805704,2025-12-31,,schwab,,,,,,,,,,,,,,,,,,,,,,,,,,,,,,,,,,,,,,,,,,,,Unknown,2025-12-31 18:14:39.805704,0.030136308611111114,,Unknown,Unknown,Unknown,,False,Unknown,Bullish,2.9025312868551856,1.8429426669434312,Falling,31.37913811268167,85.59661657963632,Strong,7.3933982091876045,True,,,0.0,,,False,,Bullish,Unknown
CACI,2025-12-31 18:14:39.805704,2025-12-31,,schwab,,,,,,,,,,,,,,,,,,,,,,,,,,,,,,,,,,,,,,,,,,,,Unknown,2025-12-31 18:14:39.805704,0.030136308611111114,,Unknown,Unknown,Unknown,,False,Unknown,Bearish,-5.849984788018613,-7.810012982146464,Falling,39.993459676531934,10.244827181261797,Strong,15.011056506446721,True,,,0.0,,,False,,Bearish,Unknown
LMT,2025-12-31 18:14:39.805704,2025-12-31,,schwab,,,,,,,,,,,,,,,,,,,,,,,,,,,,,,,,,,,,,,,,,,,,Unknown,2025-12-31 18:14:39.805704,0.030136308611111114,,Unknown,Unknown,Unknown,,False,Unknown,Bullish,2.054404178666708,3.0359000778270837,Falling,16.41380324340636,62.65080230729923,Moderate,15.649561989952652,True,,,0.0,,,False,,Bullish,Unknown
ULTA,2025-12-31 18:14:39.805704,2025-12-31,,schwab,,,,,,,,,,,,,,,,,,,,,,,,,,,,,,,,,,,,,,,,,,,,Unknown,2025-12-31 18:14:39.805704,0.030136308611111114,,Unknown,Unknown,Unknown,,False,Unknown,Bullish,1.889128219228186,10.02714541944156,Falling,44.39552241328783,52.749039063955166,Strong,17.829991942897006,True,,,0.0,,,False,,Bullish,Unknown
DPZ,2025-12-31 18:14:39.805704,2025-12-31,,schwab,,,,,,,,,,,,,,,,,,,,,,,,,,,,,,,,,,,,,,,,,,,,Unknown,2025-12-31 18:14:39.805704,0.030136308611111114,,Unknown,Unknown,Unknown,,False,Unknown,Neutral,-2.147074973289155,0.3839472892167452,Falling,33.21011025322374,49.66668654746577,Strong,12.404338016877778,True,,,0.0,,,False,,Bidirectional,Unknown
FDS,2025-12-31 18:14:39.805704,2025-12-31,,schwab,,,,,,,,,,,,,,,,,,,,,,,,,,,,,,,,,,,,,,,,,,,,Unknown,2025-12-31 18:14:39.805704,0.030136308611111114,,Unknown,Unknown,Unknown,,False,Unknown,Bullish,0.4548664228188183,3.8161756791646657,Falling,24.10946163629189,51.76011971664469,Moderate,51.002900189191124,True,,,0.0,,,False,,Bullish,Unknown
GPI,2025-12-31 18:14:39.805704,2025-12-31,,schwab,,,,,,,,,,,,,,,,,,,,,,,,,,,,,,,,,,,,,,,,,,,,Unknown,2025-12-31 18:14:39.805704,0.030136308611111114,,Unknown,Unknown,Unknown,,False,Unknown,Bearish,-3.5674903185348974,-2.5206419859722566,Falling,17.865362359201093,26.56355805663128,Moderate,12.87533520988529,True,,,0.0,,,False,,Bearish,Unknown
WSO,2025-12-31 18:14:39.805704,2025-12-31,,schwab,,,,,,,,,,,,,,,,,,,,,,,,,,,,,,,,,,,,,,,,,,,,Unknown,2025-12-31 18:14:39.805704,0.030136308611111114,,Unknown,Unknown,Unknown,,False,Unknown,Bearish,-2.9906031778091444,-3.5240940011680775,Falling,11.374408729821734,30.11462948934104,Weak,15.42989770848452,True,,,0.0,,,False,,Bearish,Unknown
TT,2025-12-31 18:14:39.805704,2025-12-31,,schwab,,,,,,,,,,,,,,,,,,,,,,,,,,,,,,,,,,,,,,,,,,,,Unknown,2025-12-31 18:14:39.805704,0.030136308611111114,,Unknown,Unknown,Unknown,,False,Unknown,Bearish,-1.449513972418552,-5.417264438994521,Falling,60.74412018518881,40.80310280994499,Strong,20.939674557842206,True,,,0.0,,,False,,Bearish,Unknown
CVCO,2025-12-31 18:14:39.805704,2025-12-31,,schwab,,,,,,,,,,,,,,,,,,,,,,,,,,,,,,,,,,,,,,,,,,,,Unknown,2025-12-31 18:14:39.805704,0.030136308611111114,,Unknown,Unknown,Unknown,,False,Unknown,Neutral,-0.557695970601183,2.612291990319458,Stable,12.101611621607882,44.47946202191717,Weak,18.2168849388556,True,,,0.0,,,False,,Bidirectional,Unknown
MSI,2025-12-31 18:14:39.805704,2025-12-31,,schwab,,,,,,,,,,,,,,,,,,,,,,,,,,,,,,,,,,,,,,,,,,,,Unknown,2025-12-31 18:14:39.805704,0.030136308611111114,,Unknown,Unknown,Unknown,,False,Unknown,Neutral,2.850119641197186,-0.8747439269676527,Stable,23.526106564854583,66.47594972815014,Moderate,19.169658848333555,True,,,0.0,,,False,,Bidirectional,Unknown
DUOL,2025-12-31 18:14:39.805704,2025-12-31,,schwab,,,,,,,,,,,,,,,,,,,,,,,,,,,,,,,,,,,,,,,,,,,,Unknown,2025-12-31 18:14:39.805704,0.030136308611111114,,Unknown,Unknown,Unknown,,False,Unknown,Bearish,-6.908404506252473,-16.594429764930098,Stable,26.061993633379483,23.57902698141679,Strong,22.41187625069235,True,,,0.0,,,False,,Bearish,Unknown
TMO,2025-12-31 18:14:39.805704,2025-12-31,,schwab,,,,,,,,,,,,,,,,,,,,,,,,,,,,,,,,,,,,,,,,,,,,Unknown,2025-12-31 18:14:39.805704,0.030136308611111114,,Unknown,Unknown,Unknown,,False,Unknown,Bullish,0.9177873939859752,0.949165395003854,Falling,36.37674972891829,55.125850529435894,Strong,13.075413037582265,True,,,0.0,,,False,,Bullish,Unknown
MUSA,2025-12-31 18:14:39.805704,2025-12-31,,schwab,,,,,,,,,,,,,,,,,,,,,,,,,,,,,,,,,,,,,,,,,,,,Unknown,2025-12-31 18:14:39.805704,0.030136308611111114,,Unknown,Unknown,Unknown,,False,Unknown,Bullish,0.4994809861889811,5.057015522200032,Falling,28.71209055688283,66.3013024533109,Strong,13.861561571309153,True,,,0.0,,,False,,Bullish,Unknown
HUBB,2025-12-31 18:14:39.805704,2025-12-31,,schwab,,,,,,,,,,,,,,,,,,,,,,,,,,,,,,,,,,,,,,,,,,,,Unknown,2025-12-31 18:14:39.805704,0.030136308611111114,,Unknown,Unknown,Unknown,,False,Unknown,Neutral,-0.17050340223917776,0.4985482380388301,Falling,42.46433970390949,47.648755038659104,Strong,20.73611831773708,True,,,0.0,,,False,,Bidirectional,Unknown
IT,2025-12-31 18:14:39.805704,2025-12-31,,schwab,,,,,,,,,,,,,,,,,,,,,,,,,,,,,,,,,,,,,,,,,,,,Unknown,2025-12-31 18:14:39.805704,0.030136308611111114,,Unknown,Unknown,Unknown,,False,Unknown,Bullish,3.851409254129142,5.391385958013721,Falling,62.46206526151402,85.40707520446918,Strong,11.136306730729961,True,,,0.0,,,False,,Bullish,Unknown
CHTR,2025-12-31 18:14:39.805704,2025-12-31,,schwab,,,,,,,,,,,,,,,,,,,,,,,,,,,,,,,,,,,,,,,,,,,,Unknown,2025-12-31 18:14:39.805704,0.030136308611111114,,Unknown,Unknown,Unknown,,False,Unknown,Neutral,0.7711705518457984,-2.1311272119305005,Falling,36.44450776680576,41.654423170025,Strong,14.474231221294835,True,,,0.0,,,False,,Bidirectional,Unknown
SYK,2025-12-31 18:14:39.805704,2025-12-31,,schwab,,,,,,,,,,,,,,,,,,,,,,,,,,,,,,,,,,,,,,,,,,,,Unknown,2025-12-31 18:14:39.805704,0.030136308611111114,,Unknown,Unknown,Unknown,,False,Unknown,Bearish,-1.054151137480393,-3.1340927942563823,Falling,30.563397499142386,44.14868587036659,Strong,7.160426378050795,True,,,0.0,,,False,,Bearish,Unknown
ADBE,2025-12-31 18:14:39.805704,2025-12-31,,schwab,,,,,,,,,,,,,,,,,,,,,,,,,,,,,,,,,,,,,,,,,,,,Unknown,2025-12-31 18:14:39.805704,0.030136308611111114,,Unknown,Unknown,Unknown,,False,Unknown,Bullish,0.38491232748027726,3.061482118225293,Falling,63.88333461103711,58.2096703977374,Strong,13.769838410377632,True,,,0.0,,,False,,Bullish,Unknown
CAT,2025-12-31 18:14:39.805704,2025-12-31,,schwab,,,,,,,,,,,,,,,,,,,,,,,,,,,,,,,,,,,,,,,,,,,,Unknown,2025-12-31 18:14:39.805704,0.030136308611111114,,Unknown,Unknown,Unknown,,False,Unknown,Neutral,-2.62785988455056,0.6438800738422004,Falling,21.91804280427422,30.101187766893034,Moderate,27.344015782124025,True,,,0.0,,,False,,Bidirectional,Unknown
ELV,2025-12-31 18:14:39.805704,2025-12-31,,schwab,,,,,,,,,,,,,,,,,,,,,,,,,,,,,,,,,,,,,,,,,,,,Unknown,2025-12-31 18:14:39.805704,0.030136308611111114,,Unknown,Unknown,Unknown,,False,Unknown,Bullish,1.8366584015485587,5.164243871807304,Falling,24.431759468632908,58.36116156832652,Moderate,16.396364982696674,True,,,0.0,,,False,,Bullish,Unknown
RBC,2025-12-31 18:14:39.805704,2025-12-31,,schwab,,,,,,,,,,,,,,,,,,,,,,,,,,,,,,,,,,,,,,,,,,,,Unknown,2025-12-31 18:14:39.805704,0.030136308611111114,,Unknown,Unknown,Unknown,,False,Unknown,Neutral,-0.571279138948718,2.78259851682613,Falling,18.556900856241842,50.67881000484986,Moderate,16.101453324692198,True,,,0.0,,,False,,Bidirectional,Unknown
PWR,2025-12-31 18:14:39.805704,2025-12-31,,schwab,,,,,,,,,,,,,,,,,,,,,,,,,,,,,,,,,,,,,,,,,,,,Unknown,2025-12-31 18:14:39.805704,0.030136308611111114,,Unknown,Unknown,Unknown,,False,Unknown,Bearish,-4.3245070158133645,-4.537618903091305,Falling,38.89942424414926,29.237780426905076,Strong,33.18190325407577,True,,,0.0,,,False,,Bearish,Unknown
HCA,2025-12-31 18:14:39.805704,2025-12-31,,schwab,,,,,,,,,,,,,,,,,,,,,,,,,,,,,,,,,,,,,,,,,,,,Unknown,2025-12-31 18:14:39.805704,0.030136308611111114,,Unknown,Unknown,Unknown,,False,Unknown,Bearish,-2.0687271678490102,-1.6942056335478124,Falling,54.654722006015724,49.02771830649838,Strong,13.20520291191448,True,,,0.0,,,False,,Bearish,Unknown
CSL,2025-12-31 18:14:39.805704,2025-12-31,,schwab,,,,,,,,,,,,,,,,,,,,,,,,,,,,,,,,,,,,,,,,,,,,Unknown,2025-12-31 18:14:39.805704,0.030136308611111114,,Unknown,Unknown,Unknown,,False,Unknown,Bearish,-2.409262634515604,-0.9168190881809437,Falling,57.884559146489345,30.43607554041354,Strong,13.219556678264258,True,,,0.0,,,False,,Bearish,Unknown
HD,2025-12-31 18:14:39.805704,2025-12-31,,schwab,,,,,,,,,,,,,,,,,,,,,,,,,,,,,,,,,,,,,,,,,,,,Unknown,2025-12-31 18:14:39.805704,0.030136308611111114,,Unknown,Unknown,Unknown,,False,Unknown,Bearish,-1.9322824610603924,-4.1210233339994495,Falling,28.38284549613843,42.12060493329712,Strong,17.69204542218647,True,,,0.0,,,False,,Bearish,Unknown
LPLA,2025-12-31 18:14:39.805704,2025-12-31,,schwab,,,,,,,,,,,,,,,,,,,,,,,,,,,,,,,,,,,,,,,,,,,,Unknown,2025-12-31 18:14:39.805704,0.030136308611111114,,Unknown,Unknown,Unknown,,False,Unknown,Bearish,-3.2851127222371344,-1.3898556072107047,Falling,28.666301393083586,29.802247683381324,Strong,29.47806505887385,True,,,0.0,,,False,,Bearish,Unknown
ETN,2025-12-31 18:14:39.805704,2025-12-31,,schwab,,,,,,,,,,,,,,,,,,,,,,,,,,,,,,,,,,,,,,,,,,,,Unknown,2025-12-31 18:14:39.805704,0.030136308611111114,,Unknown,Unknown,Unknown,,False,Unknown,Bearish,-3.418452963912863,-8.604820073163182,Falling,32.19311228980894,17.099794250508623,Strong,23.431195849238616,True,,,0.0,,,False,,Bearish,Unknown
AON,2025-12-31 18:14:39.805704,2025-12-31,,schwab,,,,,,,,,,,,,,,,,,,,,,,,,,,,,,,,,,,,,,,,,,,,Unknown,2025-12-31 18:14:39.805704,0.030136308611111114,,Unknown,Unknown,Unknown,,False,Unknown,Bullish,0.5370461657935881,1.755989746042252,Falling,16.63590964927823,70.6336539197729,Moderate,10.940136285430118,True,,,0.0,,,False,,Bullish,Unknown
WAT,2025-12-31 18:14:39.805704,2025-12-31,,schwab,,,,,,,,,,,,,,,,,,,,,,,,,,,,,,,,,,,,,,,,,,,,Unknown,2025-12-31 18:14:39.805704,0.030136308611111114,,Unknown,Unknown,Unknown,,False,Unknown,Neutral,-1.6448232042268647,0.32784538552773834,Falling,38.584995099147,28.69708331605392,Strong,11.41154003538391,True,,,0.0,,,False,,Bidirectional,Unknown
V,2025-12-31 18:14:39.805704,2025-12-31,,schwab,,,,,,,,,,,,,,,,,,,,,,,,,,,,,,,,,,,,,,,,,,,,Unknown,2025-12-31 18:14:39.805704,0.030136308611111114,,Unknown,Unknown,Unknown,,False,Unknown,Bullish,2.148045608595516,3.4701260206425637,Falling,51.48363530027456,80.70302970288117,Strong,8.666160287566107,True,,,0.0,,,False,,Bullish,Unknown
WING,2025-12-31 18:14:39.805704,2025-12-31,,schwab,,,,,,,,,,,,,,,,,,,,,,,,,,,,,,,,,,,,,,,,,,,,Unknown,2025-12-31 18:14:39.805704,0.030136308611111114,,Unknown,Unknown,Unknown,,False,Unknown,Bearish,-4.357432442758736,-3.183242136321728,Falling,20.34913373884945,43.33081368942862,Moderate,35.11317753158987,True,,,0.0,,,False,,Bearish,Unknown
SHW,2025-12-31 18:14:39.805704,2025-12-31,,schwab,,,,,,,,,,,,,,,,,,,,,,,,,,,,,,,,,,,,,,,,,,,,Unknown,2025-12-31 18:14:39.805704,0.030136308611111114,,Unknown,Unknown,Unknown,,False,Unknown,Bearish,-0.981536455740118,-2.9351189058105986,Falling,32.41186191634004,44.25055066251829,Strong,10.508856854318802,True,,,0.0,,,False,,Bearish,Unknown
NVDA,2025-12-31 18:14:39.805704,2025-12-31,,schwab,,,,,,,,,,,,,,,,,,,,,,,,,,,,,,35.557544648223036,30.66349089365304,32.03194172222958,37.59536236706529,35.00018651474861,35.557544648223036,30.66349089365304,32.03194172222958,37.59536236706529,35.00018651474861,32.93932109808358,31.98568059377947,34.52902244672645,3.5256029259934536,Normal_Compression,2025-12-31 18:14:39.805704,0.030136308611111114,,Unknown,Unknown,Rising,,False,Unknown,Bullish,2.19178039470607,0.0800157742782074,Falling,13.420488978452296,53.15838524723775,Weak,35.60362783182869,True,,,0.0,,,False,,Bullish,Unknown
AAPL,2025-12-31 18:14:39.805704,2025-12-31,,schwab,,,,,,,,,,,,,,,,,,,,,,,,,,,,,,9.27326332960144,9.784584750888694,13.072381475517968,17.82886914279431,20.11937480172731,9.27326332960144,9.784584750888694,13.072381475517968,17.82886914279431,20.11937480172731,21.43471822209874,20.657879262203245,23.255733472618275,-3.7991181459165286,Low_Compression,2025-12-31 18:14:39.805704,0.030136308611111114,,Unknown,Unknown,Falling,,False,Unknown,Bearish,-1.311387611847851,-0.2677152772437241,Falling,41.555923667084976,31.27709291476414,Strong,9.245092428597733,True,,,0.0,,,False,,Bearish,Unknown
AMZN,2025-12-31 18:14:39.805704,2025-12-31,,schwab,,,,,,,,,,,,,,,,,,,,,,,,,,,,,,15.44640001539566,17.53639736090539,23.68636383028828,33.23236231143906,30.24717287945818,15.44640001539566,17.53639736090539,23.68636383028828,33.23236231143906,30.24717287945818,31.049594709013125,29.324912887115396,30.793672459959097,-8.23996381489262,Normal,2025-12-31 18:14:39.805704,0.030136308611111114,,Unknown,Unknown,Falling,,False,Unknown,Neutral,0.8949968673702328,-0.2665061094256393,Falling,15.06563946460606,48.03441415456752,Moderate,15.599209091889717,True,,,0.0,,,False,,Bidirectional,Unknown
GOOG,2025-12-31 18:14:39.805704,2025-12-31,,schwab,,,,,,,,,,,,,,,,,,,,,,,,,,,,,,,,,,,,,,,,,,,,Unknown,2025-12-31 18:14:39.805704,0.030136308611111114,,Unknown,Unknown,Unknown,,False,Unknown,Bullish,0.16369021396386718,5.584351979101976,Falling,27.92105991839736,41.58089237616315,Strong,22.778659103333887,True,,,0.0,,,False,,Bullish,Unknown
AVGO,2025-12-31 18:14:39.805704,2025-12-31,,schwab,,,,,,,,,,,,,,,,,,,,,,,,,,,,,,,,,,,,,,,,,,,,Unknown,2025-12-31 18:14:39.805704,0.030136308611111114,,Unknown,Unknown,Unknown,,False,Unknown,Bearish,-4.460525169925044,-4.155188591439182,Falling,37.24761532052833,23.23361379273858,Strong,33.01558495847448,True,,,0.0,,,False,,Bearish,Unknown
TSLA,2025-12-31 18:14:39.805704,2025-12-31,,schwab,,,,,,,,,,,,,,,,,,,,,,,,,,,,,,,,,,,,,,,,,,,,Unknown,2025-12-31 18:14:39.805704,0.030136308611111114,,Unknown,Unknown,Unknown,,False,Unknown,Neutral,-3.2236893931740522,1.0373786340462032,Falling,43.59079658322299,49.359207532931485,Strong,36.24356737621542,True,,,0.0,,,False,,Bidirectional,Unknown
JPM,2025-12-31 18:14:39.805704,2025-12-31,,schwab,,,,,,,,,,,,,,,,,,,,,,,,,,,,,,,,,,,,,,,,,,,,Unknown,2025-12-31 18:14:39.805704,0.030136308611111114,,Unknown,Unknown,Unknown,,False,Unknown,Bullish,1.3071334158233445,3.6417092896123098,Falling,14.892419717098411,65.11861464736401,Weak,15.768961723344715,True,,,0.0,,,False,,Bullish,Unknown
WMT,2025-12-31 18:14:39.805704,2025-12-31,,schwab,,,,,,,,,,,,,,,,,,,,,,,,,,,,,,,,,,,,,,,,,,,,Unknown,2025-12-31 18:14:39.805704,0.030136308611111114,,Unknown,Unknown,Unknown,,False,Unknown,Neutral,-2.122497480762597,3.0438729389488786,Falling,36.874948654845944,44.059691827694294,Strong,12.490835852802903,True,,,0.0,,,False,,Bidirectional,Unknown
ORCL,2025-12-31 18:14:39.805704,2025-12-31,,schwab,,,,,,,,,,,,,,,,,,,,,,,,,,,,,,,,,,,,,,,,,,,,Unknown,2025-12-31 18:14:39.805704,0.030136308611111114,,Unknown,Unknown,Unknown,,False,Unknown,Bearish,-2.405194086010661,-12.422670096826787,Falling,22.16107720919246,33.34519283936652,Moderate,50.560658759816455,True,,,0.0,,,False,,Bearish,Unknown
XOM,2025-12-31 18:14:39.805704,2025-12-31,,schwab,,,,,,,,,,,,,,,,,,,,,,,,,,,,,,,,,,,,,,,,,,,,Unknown,2025-12-31 18:14:39.805704,0.030136308611111114,,Unknown,Unknown,Unknown,,False,Unknown,Bullish,1.7911105894453203,3.1989627723058986,Falling,16.100079077567283,52.82085826920356,Moderate,15.402496609561675,True,,,0.0,,,False,,Bullish,Unknown
PG,2025-12-31 18:14:39.805704,2025-12-31,,schwab,,,,,,,,,,,,,,,,,,,,,,,,,,,,,,,,,,,,,,,,,,,,Unknown,2025-12-31 18:14:39.805704,0.030136308611111114,,Unknown,Unknown,Unknown,,False,Unknown,Bearish,-0.20438522015754218,-2.1789880577501175,Falling,23.291979805634988,60.518357458597066,Moderate,15.757921018528572,True,,,0.0,,,False,,Bearish,Unknown
JNJ,2025-12-31 18:14:39.805704,2025-12-31,,schwab,,,,,,,,,,,,,,,,,,,,,,,,,,,,,,,,,,,,,,,,,,,,Unknown,2025-12-31 18:14:39.805704,0.030136308611111114,,Unknown,Unknown,Unknown,,False,Unknown,Bullish,0.027549352015701675,3.8452254958049887,Falling,28.793240164671914,50.89559501906515,Strong,10.208327803767357,True,,,0.0,,,False,,Bullish,Unknown
BAC,2025-12-31 18:14:39.805704,2025-12-31,,schwab,,,,,,,,,,,,,,,,,,,,,,,,,,,,,,,,,,,,,,,,,,,,Unknown,2025-12-31 18:14:39.805704,0.030136308611111114,,Unknown,Unknown,Unknown,,False,Unknown,Bullish,0.2752674993918483,3.051322416398674,Falling,39.47830248897081,58.27335710884638,Strong,14.85009519770521,True,,,0.0,,,False,,Bullish,Unknown
ABBV,2025-12-31 18:14:39.805704,2025-12-31,,schwab,,,,,,,,,,,,,,,,,,,,,,,,,,,,,,,,,,,,,,,,,,,,Unknown,2025-12-31 18:14:39.805704,0.030136308611111114,,Unknown,Unknown,Unknown,,False,Unknown,Bullish,0.7822565327126872,0.7911039529676694,Falling,24.0803727997903,57.43156994634402,Moderate,11.294768719011778,True,,,0.0,,,False,,Bullish,Unknown
PLTR,2025-12-31 18:14:39.805704,2025-12-31,,schwab,,,,,,,,,,,,,,,,,,,,,,,,,,,,,,,,,,,,,,,,,,,,Unknown,2025-12-31 18:14:39.805704,0.030136308611111114,,Unknown,Unknown,Unknown,,False,Unknown,Bearish,-3.8989193938770708,-1.9086831659317904,Falling,38.09743621367084,40.40060366199312,Strong,49.66689275109296,True,,,0.0,,,False,,Bearish,Unknown
KO,2025-12-31 18:14:39.805704,2025-12-31,,schwab,,,,,,,,,,,,,,,,,,,,,,,,,,,,,,,,,,,,,,,,,,,,Unknown,2025-12-31 18:14:39.805704,0.030136308611111114,,Unknown,Unknown,Unknown,,False,Unknown,Bearish,-0.4180650860649831,-0.41366624590395684,Falling,45.53042204321024,47.49167207827416,Strong,5.963660242833919,True,,,0.0,,,False,,Bearish,Unknown
PM,2025-12-31 18:14:39.805704,2025-12-31,,schwab,,,,,,,,,,,,,,,,,,,,,,,,,,,,,,,,,,,,,,,,,,,,Unknown,2025-12-31 18:14:39.805704,0.030136308611111114,,Unknown,Unknown,Unknown,,False,Unknown,Bullish,3.5632735803194495,4.830600012945887,Falling,40.39421105576774,80.34858899669372,Strong,14.180617537656653,True,,,0.0,,,False,,Bullish,Unknown
UNH,2025-12-31 18:14:39.805704,2025-12-31,,schwab,,,,,,,,,,,,,,,,,,,,,,,,,,,,,,,,,,,,,,,,,,,,Unknown,2025-12-31 18:14:39.805704,0.030136308611111114,,Unknown,Unknown,Unknown,,False,Unknown,Bearish,-0.1879811519282575,-0.45346799344183575,Falling,22.91367684025028,51.903708719477414,Moderate,13.600029106297093,True,,,0.0,,,False,,Bearish,Unknown
CSCO,2025-12-31 18:14:39.805704,2025-12-31,,schwab,,,,,,,,,,,,,,,,,,,,,,,,,,,,,,,,,,,,,,,,,,,,Unknown,2025-12-31 18:14:39.805704,0.030136308611111114,,Unknown,Unknown,Unknown,,False,Unknown,Neutral,-1.2992689529902375,1.8322651975922022,Falling,28.789227444442464,32.575761328901024,Strong,16.794542474496094,True,,,0.0,,,False,,Bidirectional,Unknown
GE,2025-12-31 18:14:39.805704,2025-12-31,,schwab,,,,,,,,,,,,,,,,,,,,,,,,,,,,,,,,,,,,,,,,,,,,Unknown,2025-12-31 18:14:39.805704,0.030136308611111114,,Unknown,Unknown,Unknown,,False,Unknown,Bullish,2.725175544601889,2.2358469694868153,Falling,30.46095789105383,70.81202879422638,Strong,27.29396253025966,True,,,0.0,,,False,,Bullish,Unknown
IBM,2025-12-31 18:14:39.805704,2025-12-31,,schwab,,,,,,,,,,,,,,,,,,,,,,,,,,,,,,,,,,,,,,,,,,,,Unknown,2025-12-31 18:14:39.805704,0.030136308611111114,,Unknown,Unknown,Unknown,,False,Unknown,Bearish,-3.0039303747903987,-2.3609019863787037,Stable,29.313747768094768,19.875516910889147,Strong,13.184561144847715,True,,,0.0,,,False,,Bearish,Unknown
TMUS,2025-12-31 18:14:39.805704,2025-12-31,,schwab,,,,,,,,,,,,,,,,,,,,,,,,,,,,,,,,,,,,,,,,,,,,Unknown,2025-12-31 18:14:39.805704,0.030136308611111114,,Unknown,Unknown,Unknown,,False,Unknown,Neutral,1.2231594499616798,-1.870899523515615,Falling,30.256028508868727,70.75262660063282,Strong,14.193317570010974,True,,,0.0,,,False,,Bidirectional,Unknown
CRM,2025-12-31 18:14:39.805704,2025-12-31,,schwab,,,,,,,,,,,,,,,,,,,,,,,,,,,,,,,,,,,,,,,,,,,,Unknown,2025-12-31 18:14:39.805704,0.030136308611111114,,Unknown,Unknown,Unknown,,False,Unknown,Bullish,2.0183490378859794,6.033822381149843,Falling,61.51640804389712,52.23711212549997,Strong,11.660077087358452,True,,,0.0,,,False,,Bullish,Unknown
WFC,2025-12-31 18:14:39.805704,2025-12-31,,schwab,,,,,,,,,,,,,,,,,,,,,,,,,,,,,,,,,,,,,,,,,,,,Unknown,2025-12-31 18:14:39.805704,0.030136308611111114,,Unknown,Unknown,Unknown,,False,Unknown,Bullish,0.8718018702691346,5.764542864252154,Falling,52.74812341460539,62.125588053610734,Strong,15.883870139154238,True,,,0.0,,,False,,Bullish,Unknown
CVX,2025-12-31 18:14:39.805704,2025-12-31,,schwab,,,,,,,,,,,,,,,,,,,,,,,,,,,,,,,,,,,,,,,,,,,,Unknown,2025-12-31 18:14:39.805704,0.030136308611111114,,Unknown,Unknown,Unknown,,False,Unknown,Bullish,1.5653647852235473,0.6295336520820123,Falling,17.09538202397925,53.3422478983454,Moderate,14.036347238445934,True,,,0.0,,,False,,Bullish,Unknown
ABT,2025-12-31 18:14:39.805704,2025-12-31,,schwab,,,,,,,,,,,,,,,,,,,,,,,,,,,,,,,,,,,,,,,,,,,,Unknown,2025-12-31 18:14:39.805704,0.030136308611111114,,Unknown,Unknown,Unknown,,False,Unknown,Neutral,0.31064454713576517,-0.6510126307240198,Falling,14.120446582769917,60.7198866692496,Weak,9.186835615583778,True,,,0.0,,,False,,Bidirectional,Unknown
AMD,2025-12-31 18:14:39.805704,2025-12-31,,schwab,,,,,,,,,,,,,,,,,,,,,,,,,,,,,,,,,,,,,,,,,,,,Unknown,2025-12-31 18:14:39.805704,0.030136308611111114,,Unknown,Unknown,Unknown,,False,Unknown,Neutral,0.022187022395628333,-6.036627073655026,Falling,15.606024153025505,42.04993297956704,Moderate,43.70225680869538,True,,,0.0,,,False,,Bidirectional,Unknown
MS,2025-12-31 18:14:39.805704,2025-12-31,,schwab,,,,,,,,,,,,,,,,,,,,,,,,,,,,,,,,,,,,,,,,,,,,Unknown,2025-12-31 18:14:39.805704,0.030136308611111114,,Unknown,Unknown,Unknown,,False,Unknown,Neutral,-0.1956398978090618,4.8469823128082075,Falling,39.736859587664995,44.97229410965662,Strong,19.40516768149102,True,,,0.0,,,False,,Bidirectional,Unknown
AXP,2025-12-31 18:14:39.805704,2025-12-31,,schwab,,,,,,,,,,,,,,,,,,,,,,,,,,,,,,,,,,,,,,,,,,,,Unknown,2025-12-31 18:14:39.805704,0.030136308611111114,,Unknown,Unknown,Unknown,,False,Unknown,Neutral,-1.552222818867775,1.173998666206549,Falling,31.345944278927863,42.87887482540955,Strong,13.23805131848364,True,,,0.0,,,False,,Bidirectional,Unknown
DIS,2025-12-31 18:14:39.805704,2025-12-31,,schwab,,,,,,,,,,,,,,,,,,,,,,,,,,,,,,,,,,,,,,,,,,,,Unknown,2025-12-31 18:14:39.805704,0.030136308611111114,,Unknown,Unknown,Unknown,,False,Unknown,Bullish,2.983041596663766,4.185408365613634,Falling,66.04917582758289,70.98735212191744,Strong,13.848159617654844,True,,,0.0,,,False,,Bullish,Unknown
MCD,2025-12-31 18:14:39.805704,2025-12-31,,schwab,,,,,,,,,,,,,,,,,,,,,,,,,,,,,,,,,,,,,,,,,,,,Unknown,2025-12-31 18:14:39.805704,0.030136308611111114,,Unknown,Unknown,Unknown,,False,Unknown,Bearish,-2.130907949852332,-0.38847532215695135,Falling,20.054972560512255,43.71473510076356,Moderate,14.845370698666219,True,,,0.0,,,False,,Bearish,Unknown
T,2025-12-31 18:14:39.805704,2025-12-31,,schwab,,,,,,,,,,,,,,,,,,,,,,,,,,,,,,,,,,,,,,,,,,,,Unknown,2025-12-31 18:14:39.805704,0.030136308611111114,,Unknown,Unknown,Unknown,,False,Unknown,Neutral,0.9243284716537089,-0.7931747520516828,Falling,43.17568599860979,60.76554805596826,Strong,8.516029040077964,True,,,0.0,,,False,,Bidirectional,Unknown
ACN,2025-12-31 18:14:39.805704,2025-12-31,,schwab,,,,,,,,,,,,,,,,,,,,,,,,,,,,,,,,,,,,,,,,,,,,Unknown,2025-12-31 18:14:39.805704,0.030136308611111114,,Unknown,Unknown,Unknown,,False,Unknown,Neutral,-0.8822006068193918,4.486570342167155,Falling,45.41692639654469,41.62387889964253,Strong,10.678160876679263,True,,,0.0,,,False,,Bidirectional,Unknown
MRK,2025-12-31 18:14:39.805704,2025-12-31,,schwab,,,,,,,,,,,,,,,,,,,,,,,,,,,,,,,,,,,,,,,,,,,,Unknown,2025-12-31 18:14:39.805704,0.030136308611111114,,Unknown,Unknown,Unknown,,False,Unknown,Bullish,3.739831560287854,10.498451719767155,Falling,29.816835735798175,77.33623980886229,Strong,19.96435746695146,True,,,0.0,,,False,,Bullish,Unknown
RTX,2025-12-31 18:14:39.805704,2025-12-31,,schwab,,,,,,,,,,,,,,,,,,,,,,,,,,,,,,,,,,,,,,,,,,,,Unknown,2025-12-31 18:14:39.805704,0.030136308611111114,,Unknown,Unknown,Unknown,,False,Unknown,Bullish,2.473269047857166,3.923648889378345,Falling,47.57596456852612,67.74322338198343,Strong,17.998766140468327,True,,,0.0,,,False,,Bullish,Unknown
UBER,2025-12-31 18:14:39.805704,2025-12-31,,schwab,,,,,,,,,,,,,,,,,,,,,,,,,,,,,,,,,,,,,,,,,,,,Unknown,2025-12-31 18:14:39.805704,0.030136308611111114,,Unknown,Unknown,Unknown,,False,Unknown,Bearish,-2.739507626688237,-7.674821528000549,Falling,36.082906865253996,40.04873879686321,Strong,18.781192190707767,True,,,0.0,,,False,,Bearish,Unknown
TXN,2025-12-31 18:14:39.805704,2025-12-31,,schwab,,,,,,,,,,,,,,,,,,,,,,,,,,,,,,,,,,,,,,,,,,,,Unknown,2025-12-31 18:14:39.805704,0.030136308611111114,,Unknown,Unknown,Unknown,,False,Unknown,Neutral,-2.6837800788036112,2.5542872532683796,Falling,46.554863284139806,25.855987317371955,Strong,15.09510809108298,True,,,0.0,,,False,,Bidirectional,Unknown
BX,2025-12-31 18:14:39.805704,2025-12-31,,schwab,,,,,,,,,,,,,,,,,,,,,,,,,,,,,,,,,,,,,,,,,,,,Unknown,2025-12-31 18:14:39.805704,0.030136308611111114,,Unknown,Unknown,Unknown,,False,Unknown,Bullish,0.3744337814535942,3.576172329198109,Falling,44.52686686149335,43.36568620431113,Strong,17.336505300752243,True,,,0.0,,,False,,Bullish,Unknown
PEP,2025-12-31 18:14:39.805704,2025-12-31,,schwab,,,,,,,,,,,,,,,,,,,,,,,,,,,,,,,,,,,,,,,,,,,,Unknown,2025-12-31 18:14:39.805704,0.030136308611111114,,Unknown,Unknown,Unknown,,False,Unknown,Bearish,-2.239752180244897,-1.7618012656751947,Falling,22.343837399514772,23.49925145782514,Moderate,11.707122793366164,True,,,0.0,,,False,,Bearish,Unknown
VZ,2025-12-31 18:14:39.805704,2025-12-31,,schwab,,,,,,,,,,,,,,,,,,,,,,,,,,,,,,,,,,,,,,,,,,,,Unknown,2025-12-31 18:14:39.805704,0.030136308611111114,,Unknown,Unknown,Unknown,,False,Unknown,Bullish,0.39932973300743374,0.9267515750830905,Falling,12.516500220507583,62.16216216216216,Weak,12.068249649155733,True,,,0.0,,,False,,Bullish,Unknown
QCOM,2025-12-31 18:14:39.805704,2025-12-31,,schwab,,,,,,,,,,,,,,,,,,,,,,,,,,,,,,,,,,,,,,,,,,,,Unknown,2025-12-31 18:14:39.805704,0.030136308611111114,,Unknown,Unknown,Unknown,,False,Unknown,Bearish,-2.542829693850634,-0.9656166291261419,Falling,38.32974910499562,22.833498005363595,Strong,15.538649225625642,True,,,0.0,,,False,,Bearish,Unknown
SCHW,2025-12-31 18:14:39.805704,2025-12-31,,schwab,,,,,,,,,,,,,,,,,,,,,,,,,,,,,,,,,,,,,,,,,,,,Unknown,2025-12-31 18:14:39.805704,0.030136308611111114,,Unknown,Unknown,Unknown,,False,Unknown,Bullish,2.3232981653264155,5.0291019966079595,Falling,66.35332804056698,66.9983488641324,Strong,17.146817769740487,True,,,0.0,,,False,,Bullish,Unknown
BA,2025-12-31 18:14:39.805704,2025-12-31,,schwab,,,,,,,,,,,,,,,,,,,,,,,,,,,,,,,,,,,,,,,,,,,,Unknown,2025-12-31 18:14:39.805704,0.030136308611111114,,Unknown,Unknown,Unknown,,False,Unknown,Bullish,3.9149967291171075,7.121674301614549,Falling,70.54151557341723,86.27756778905339,Strong,16.518450859402932,True,,,0.0,,,False,,Bullish,Unknown
BSX,2025-12-31 18:14:39.805704,2025-12-31,,schwab,,,,,,,,,,,,,,,,,,,,,,,,,,,,,,,,,,,,,,,,,,,,Unknown,2025-12-31 18:14:39.805704,0.030136308611111114,,Unknown,Unknown,Unknown,,False,Unknown,Neutral,0.3483503243847584,-3.033965560398488,Falling,41.779605683191676,64.6086086827055,Strong,13.791302295018404,True,,,0.0,,,False,,Bidirectional,Unknown
C,2025-12-31 18:14:39.805704,2025-12-31,,schwab,,,,,,,,,,,,,,,,,,,,,,,,,,,,,,,,,,,,,,,,,,,,Unknown,2025-12-31 18:14:39.805704,0.030136308611111114,,Unknown,Unknown,Unknown,,False,Unknown,Bullish,2.7607792803555666,10.579023048872896,Falling,66.64973703866866,65.2339625022415,Strong,23.737441766014452,True,,,0.0,,,False,,Bullish,Unknown
PGR,2025-12-31 18:14:39.805704,2025-12-31,,schwab,,,,,,,,,,,,,,,,,,,,,,,,,,,,,,,,,,,,,,,,,,,,Unknown,2025-12-31 18:14:39.805704,0.030136308611111114,,Unknown,Unknown,Unknown,,False,Unknown,Neutral,-0.026121472292015974,2.22872313459044,Falling,23.764243739965337,56.99630118913334,Moderate,15.39507290859955,True,,,0.0,,,False,,Bidirectional,Unknown
AMGN,2025-12-31 18:14:39.805704,2025-12-31,,schwab,,,,,,,,,,,,,,,,,,,,,,,,,,,,,,,,,,,,,,,,,,,,Unknown,2025-12-31 18:14:39.805704,0.030136308611111114,,Unknown,Unknown,Unknown,,False,Unknown,Neutral,-0.0016819768830027,1.6168792915445274,Falling,27.134804657954867,69.96990124420451,Strong,11.234946947097924,True,,,0.0,,,False,,Bidirectional,Unknown
SHOP,2025-12-31 18:14:39.805704,2025-12-31,,schwab,,,,,,,,,,,,,,,,,,,,,,,,,,,,,,,,,,,,,,,,,,,,Unknown,2025-12-31 18:14:39.805704,0.030136308611111114,,Unknown,Unknown,Unknown,,False,Unknown,Bearish,-2.211584226785356,-0.20334948819873902,Falling,26.785055125058676,38.598106266005495,Strong,26.870684197875107,True,,,0.0,,,False,,Bearish,Unknown
HON,2025-12-31 18:14:39.805704,2025-12-31,,schwab,,,,,,,,,,,,,,,,,,,,,,,,,,,,,,,,,,,,,,,,,,,,Unknown,2025-12-31 18:14:39.805704,0.030136308611111114,,Unknown,Unknown,Unknown,,False,Unknown,Bearish,-0.10369225895534576,-0.20536993169596218,Falling,35.35058743681564,58.05422427583611,Strong,12.105615842415453,True,,,0.0,,,False,,Bearish,Unknown
AMAT,2025-12-31 18:14:39.805704,2025-12-31,,schwab,,,,,,,,,,,,,,,,,,,,,,,,,,,,,,,,,,,,,,,,,,,,Unknown,2025-12-31 18:14:39.805704,0.030136308611111114,,Unknown,Unknown,Unknown,,False,Unknown,Neutral,-2.025523497078317,4.93436660069576,Falling,33.26242263220005,32.48455282064083,Strong,27.370079907843714,True,,,0.0,,,False,,Bidirectional,Unknown
NEE,2025-12-31 18:14:39.805704,2025-12-31,,schwab,,,,,,,,,,,,,,,,,,,,,,,,,,,,,,,,,,,,,,,,,,,,Unknown,2025-12-31 18:14:39.805704,0.030136308611111114,,Unknown,Unknown,Unknown,,False,Unknown,Bearish,-0.9628620568227773,-2.703916385259626,Falling,42.56553776906685,41.50944383883248,Strong,12.928181535940395,True,,,0.0,,,False,,Bearish,Unknown
DHR,2025-12-31 18:14:39.805704,2025-12-31,,schwab,,,,,,,,,,,,,,,,,,,,,,,,,,,,,,,,,,,,,,,,,,,,Unknown,2025-12-31 18:14:39.805704,0.030136308611111114,,Unknown,Unknown,Unknown,,False,Unknown,Bullish,0.6342148573581236,2.7605614568474857,Falling,15.850161267275883,47.877023775315706,Moderate,12.295471457998305,True,,,0.0,,,False,,Bullish,Unknown
MU,2025-12-31 18:14:39.805704,2025-12-31,,schwab,,,,,,,,,,,,,,,,,,,,,,,,,,,,,,,,,,,,,,,,,,,,Unknown,2025-12-31 18:14:39.805704,0.030136308611111114,,Unknown,Unknown,Unknown,,False,Unknown,Bullish,10.502274823382649,18.963796831780243,Falling,30.84877193402526,59.048813159754935,Strong,67.8707459923703,True,,,0.0,,,False,,Bullish,Unknown
UNP,2025-12-31 18:14:39.805704,2025-12-31,,schwab,,,,,,,,,,,,,,,,,,,,,,,,,,,,,,,,,,,,,,,,,,,,Unknown,2025-12-31 18:14:39.805704,0.030136308611111114,,Unknown,Unknown,Unknown,,False,Unknown,Neutral,-1.5976098114630597,1.9397834542513186,Falling,22.96753499575496,39.96120924732472,Moderate,8.490336742180816,True,,,0.0,,,False,,Bidirectional,Unknown
GILD,2025-12-31 18:14:39.805704,2025-12-31,,schwab,,,,,,,,,,,,,,,,,,,,,,,,,,,,,,,,,,,,,,,,,,,,Unknown,2025-12-31 18:14:39.805704,0.030136308611111114,,Unknown,Unknown,Unknown,,False,Unknown,Bullish,0.4346261313855548,0.41879487386655734,Falling,31.2831229544776,56.72873917019323,Strong,18.716999428042786,True,,,0.0,,,False,,Bullish,Unknown
TJX,2025-12-31 18:14:39.805704,2025-12-31,,schwab,,,,,,,,,,,,,,,,,,,,,,,,,,,,,,,,,,,,,,,,,,,,Unknown,2025-12-31 18:14:39.805704,0.030136308611111114,,Unknown,Unknown,Unknown,,False,Unknown,Neutral,-0.8231913968270937,2.8946328117124676,Falling,49.89595590667169,41.529617852777825,Strong,11.674285373860151,True,,,0.0,,,False,,Bidirectional,Unknown
PFE,2025-12-31 18:14:39.805704,2025-12-31,,schwab,,,,,,,,,,,,,,,,,,,,,,,,,,,,,,,,,,,,,,,,,,,,Unknown,2025-12-31 18:14:39.805704,0.030136308611111114,,Unknown,Unknown,Unknown,,False,Unknown,Bearish,-1.9993724847065266,-0.49983343052204776,Falling,13.409907410817999,35.033988449506495,Weak,12.782172711900843,True,,,0.0,,,False,,Bearish,Unknown
COF,2025-12-31 18:14:39.805704,2025-12-31,,schwab,,,,,,,,,,,,,,,,,,,,,,,,,,,,,,,,,,,,,,,,,,,,Unknown,2025-12-31 18:14:39.805704,0.030136308611111114,,Unknown,Unknown,Unknown,,False,Unknown,Bullish,1.079358927215714,7.515269701217441,Falling,83.31459426230893,58.991405454029206,Strong,14.709184624397937,True,,,0.0,,,False,,Bullish,Unknown
PANW,2025-12-31 18:14:39.805704,2025-12-31,,schwab,,,,,,,,,,,,,,,,,,,,,,,,,,,,,,,,,,,,,,,,,,,,Unknown,2025-12-31 18:14:39.805704,0.030136308611111114,,Unknown,Unknown,Unknown,,False,Unknown,Bearish,-2.8957339296047864,-7.628707225049452,Falling,20.207628942479108,34.5774442812303,Moderate,17.949432839857995,True,,,0.0,,,False,,Bearish,Unknown
CMCSA,2025-12-31 18:14:39.805704,2025-12-31,,schwab,,,,,,,,,,,,,,,,,,,,,,,,,,,,,,,,,,,,,,,,,,,,Unknown,2025-12-31 18:14:39.805704,0.030136308611111114,,Unknown,Unknown,Unknown,,False,Unknown,Bullish,4.2007998928799495,6.413275788588561,Falling,58.703030470158595,70.7360754172966,Strong,19.257572233959888,True,,,0.0,,,False,,Bullish,Unknown
LOW,2025-12-31 18:14:39.805704,2025-12-31,,schwab,,,,,,,,,,,,,,,,,,,,,,,,,,,,,,,,,,,,,,,,,,,,Unknown,2025-12-31 18:14:39.805704,0.030136308611111114,,Unknown,Unknown,Unknown,,False,Unknown,Neutral,-1.6050973621574074,0.5580827629896877,Falling,24.368971942044173,38.9764076480738,Moderate,17.008858739197024,True,,,0.0,,,False,,Bidirectional,Unknown
ANET,2025-12-31 18:14:39.805704,2025-12-31,,schwab,,,,,,,,,,,,,,,,,,,,,,,,,,,,,,,,,,,,,,,,,,,,Unknown,2025-12-31 18:14:39.805704,0.030136308611111114,,Unknown,Unknown,Unknown,,False,Unknown,Neutral,1.2596593242440655,-2.8159135621882174,Falling,26.98468707273898,48.02024027950083,Strong,35.45056487154802,True,,,0.0,,,False,,Bidirectional,Unknown
CRWD,2025-12-31 18:14:39.805704,2025-12-31,,schwab,,,,,,,,,,,,,,,,,,,,,,,,,,,,,,,,,,,,,,,,,,,,Unknown,2025-12-31 18:14:39.805704,0.030136308611111114,,Unknown,Unknown,Unknown,,False,Unknown,Bearish,-5.009319632865275,-8.634857956266886,Falling,36.453328451978265,20.916414742394025,Strong,24.20364169161355,True,,,0.0,,,False,,Bearish,Unknown
LRCX,2025-12-31 18:14:39.805704,2025-12-31,,schwab,,,,,,,,,,,,,,,,,,,,,,,,,,,,,,,,,,,,,,,,,,,,Unknown,2025-12-31 18:14:39.805704,0.030136308611111114,,Unknown,Unknown,Unknown,,False,Unknown,Bullish,2.266002243380285,7.556866047828814,Falling,29.439437979523824,52.812015172964685,Strong,51.13042020330965,True,,,0.0,,,False,,Bullish,Unknown
ADP,2025-12-31 18:14:39.805704,2025-12-31,,schwab,,,,,,,,,,,,,,,,,,,,,,,,,,,,,,,,,,,,,,,,,,,,Unknown,2025-12-31 18:14:39.805704,0.030136308611111114,,Unknown,Unknown,Unknown,,False,Unknown,Bearish,-1.0303000055720242,-0.7436172067351579,Falling,28.135944799164893,49.320447615056274,Strong,15.14204009950463,True,,,0.0,,,False,,Bearish,Unknown
KKR,2025-12-31 18:14:39.805704,2025-12-31,,schwab,,,,,,,,,,,,,,,,,,,,,,,,,,,,,,,,,,,,,,,,,,,,Unknown,2025-12-31 18:14:39.805704,0.030136308611111114,,Unknown,Unknown,Unknown,,False,Unknown,Neutral,-3.5459036377393427,2.26312671917072,Falling,37.695657724618236,11.24590824457961,Strong,7.939267003978748,True,,,0.0,,,False,,Bidirectional,Unknown
APH,2025-12-31 18:14:39.805704,2025-12-31,,schwab,,,,,,,,,,,,,,,,,,,,,,,,,,,,,,,,,,,,,,,,,,,,Unknown,2025-12-31 18:14:39.805704,0.030136308611111114,,Unknown,Unknown,Unknown,,False,Unknown,Bearish,-0.15725325476528035,-0.7055803418217327,Falling,26.74821509864788,44.271605558095516,Strong,29.355204045145978,True,,,0.0,,,False,,Bearish,Unknown
ADI,2025-12-31 18:14:39.805704,2025-12-31,,schwab,,,,,,,,,,,,,,,,,,,,,,,,,,,,,,,,,,,,,,,,,,,,Unknown,2025-12-31 18:14:39.805704,0.030136308611111114,,Unknown,Unknown,Unknown,,False,Unknown,Neutral,-2.117446558241949,6.670541753491579,Falling,43.4486198741786,32.85951220299587,Strong,17.505187650425476,True,,,0.0,,,False,,Bidirectional,Unknown
CB,2025-12-31 18:14:39.805704,2025-12-31,,schwab,,,,,,,,,,,,,,,,,,,,,,,,,,,,,,,,,,,,,,,,,,,,Unknown,2025-12-31 18:14:39.805704,0.030136308611111114,,Unknown,Unknown,Unknown,,False,Unknown,Bullish,1.6007332742086604,5.540074720309225,Falling,37.76964622354713,77.7224502296425,Strong,7.288589045279655,True,,,0.0,,,False,,Bullish,Unknown
COP,2025-12-31 18:14:39.805704,2025-12-31,,schwab,,,,,,,,,,,,,,,,,,,,,,,,,,,,,,,,,,,,,,,,,,,,Unknown,2025-12-31 18:14:39.805704,0.030136308611111114,,Unknown,Unknown,Unknown,,False,Unknown,Bullish,0.22698588181356377,3.983287254767298,Falling,33.1005343248039,41.791035399147454,Strong,31.971106848723927,True,,,0.0,,,False,,Bullish,Unknown
VRTX,2025-12-31 18:14:39.805704,2025-12-31,,schwab,,,,,,,,,,,,,,,,,,,,,,,,,,,,,,,,,,,,,,,,,,,,Unknown,2025-12-31 18:14:39.805704,0.030136308611111114,,Unknown,Unknown,Unknown,,False,Unknown,Neutral,-0.07152839597408318,3.7896845298156916,Falling,18.654294440354786,59.30825903735344,Moderate,16.108677088707793,True,,,0.0,,,False,,Bidirectional,Unknown
APP,2025-12-31 18:14:39.805704,2025-12-31,,schwab,,,,,,,,,,,,,,,,,,,,,,,,,,,,,,,,,,,,,,,,,,,,Unknown,2025-12-31 18:14:39.805704,0.030136308611111114,,Unknown,Unknown,Unknown,,False,Unknown,Neutral,-3.316698861469918,6.335384827038445,Falling,44.3969156009102,43.39638697722577,Strong,46.19814276766841,True,,,0.0,,,False,,Bidirectional,Unknown
GOOGL,2025-12-31 18:14:39.805704,2025-12-31,,schwab,,,,,,,,,,,,,,,,,,,,,,,,,,,,,,,,,,,,,,,,,,,,Unknown,2025-12-31 18:14:39.805704,0.030136308611111114,,Unknown,Unknown,Unknown,,False,Unknown,Bullish,0.2579571153260583,5.573958801198061,Falling,28.58858234917466,41.64543166289352,Strong,23.08606740976956,True,,,0.0,,,False,,Bullish,Unknown
SPY,2025-12-31 18:14:39.805704,2025-12-31,,schwab,,,,,,,,,,,,,,,,,,,,,,,,,,,,,,,,,,,,,,,,,,,,Unknown,2025-12-31 18:14:39.805704,0.030136308611111114,,Unknown,Unknown,Unknown,,False,Unknown,Neutral,-0.10943049347809268,0.7530519325202245,Stable,22.40782947846599,46.28128260398519,Moderate,10.524470667257892,True,,,0.0,,,False,,Bidirectional,Unknown
QQQ,2025-12-31 18:14:39.805704,2025-12-31,,schwab,,,,,,,,,,,,,,,,,,,,,,,,,,,,,,,,,,,,,,,,,,,,Unknown,2025-12-31 18:14:39.805704,0.030136308611111114,,Unknown,Unknown,Unknown,,False,Unknown,Bearish,-0.6802445389247376,-0.22431344808329845,Stable,22.4906523137484,40.16258865282314,Moderate,15.613348872242968,True,,,0.0,,,False,,Bearish,Unknown
TLT,2025-12-31 18:14:39.805704,2025-12-31,,schwab,,,,,,,,,,,,,,,,,,,,,,,,,,,,,,,,,,,,,,,,,,,,Unknown,2025-12-31 18:14:39.805704,0.030136308611111114,,Unknown,Unknown,Unknown,,False,Unknown,Bearish,-0.6142074301411574,-1.7271817044869349,Stable,25.611039886377444,41.44483864971674,Strong,6.979142711417816,True,,,0.0,,,False,,Bearish,Unknown
XLE,2025-12-31 18:14:39.805704,2025-12-31,,schwab,,,,,,,,,,,,,,,,,,,,,,,,,,,,,,,,,,,,,,,,,,,,Unknown,2025-12-31 18:14:39.805704,0.030136308611111114,,Unknown,Unknown,Unknown,,False,Unknown,Neutral,-0.1282939125133012,0.6390035053462005,Falling,29.676904126325233,41.01659753671378,Strong,16.458965708337338,True,,,0.0,,,False,,Bidirectional,Unknown
XLF,2025-12-31 18:14:39.805704,2025-12-31,,schwab,,,,,,,,,,,,,,,,,,,,,,,,,,,,,,,,,,,,,,,,,,,,Unknown,2025-12-31 18:14:39.805704,0.030136308611111114,,Unknown,Unknown,Unknown,,False,Unknown,Bullish,0.5032904062721062,2.970916641638189,Falling,54.76689071771795,63.74277849737752,Strong,9.28631464206193,True,,,0.0,,,False,,Bullish,Unknown
XLI,2025-12-31 18:14:39.805704,2025-12-31,,schwab,,,,,,,,,,,,,,,,,,,,,,,,,,,,,,,,,,,,,,,,,,,,Unknown,2025-12-31 18:14:39.805704,0.030136308611111114,,Unknown,Unknown,Unknown,,False,Unknown,Neutral,-0.21930819533439266,0.9887458658112904,Falling,26.498926450459233,48.47358537606273,Strong,12.937190686510311,True,,,0.0,,,False,,Bidirectional,Unknown
XLK,2025-12-31 18:14:39.805704,2025-12-31,,schwab,,,,,,,,,,,,,,,,,,,,,,,,,,,,,,,,,,,,,,,,,,,,Unknown,2025-12-31 18:14:39.805704,0.030136308611111114,,Unknown,Unknown,Unknown,,False,Unknown,Bearish,-0.7068294911456282,-0.5015657654617202,Stable,15.320349632942353,38.52320815237666,Moderate,19.660469187784493,True,,,0.0,,,False,,Bearish,Unknown
XLU,2025-12-31 18:14:39.805704,2025-12-31,,schwab,,,,,,,,,,,,,,,,,,,,,,,,,,,,,,,,,,,,,,,,,,,,Unknown,2025-12-31 18:14:39.805704,0.030136308611111114,,Unknown,Unknown,Unknown,,False,Unknown,Bearish,-0.10973763559063879,-2.379147610260227,Falling,33.18040397183741,54.208744087965755,Strong,10.530806250282115,True,,,0.0,,,False,,Bearish,Unknown
XLP,2025-12-31 18:14:39.805704,2025-12-31,,schwab,,,,,,,,,,,,,,,,,,,,,,,,,,,,,,,,,,,,,,,,,,,,Unknown,2025-12-31 18:14:39.805704,0.030136308611111114,,Unknown,Unknown,Unknown,,False,Unknown,Neutral,-0.5515226149042275,0.3462921614096358,Falling,13.06214526776567,50.8239469335222,Weak,7.573878109493477,True,,,0.0,,,False,,Bidirectional,Unknown
SMH,2025-12-31 18:14:39.805704,2025-12-31,,schwab,,,,,,,,,,,,,,,,,,,,,,,,,,,,,,,,,,,,,,,,,,,,Unknown,2025-12-31 18:14:39.805704,0.030136308611111114,,Unknown,Unknown,Unknown,,False,Unknown,Bullish,0.027086992781308182,1.9916298816874451,Falling,19.845508860840486,40.60250501953185,Moderate,28.2152932979427,True,,,0.0,,,False,,Bullish,Unknown
DKNG,2025-12-31 18:14:39.805704,2025-12-31,,schwab,,,,,,,,,,,,,,,,,,,,,,,,,,,,,,,,,,,,,,,,,,,,Unknown,2025-12-31 18:14:39.805704,0.030136308611111114,,Unknown,Unknown,Unknown,,False,Unknown,Neutral,-0.7488502360121494,6.137557140049359,Falling,31.895385408364184,48.323452998372545,Strong,17.513153187263768,True,,,0.0,,,False,,Bidirectional,Unknown
COIN,2025-12-31 18:14:39.805704,2025-12-31,,schwab,,,,,,,,,,,,,,,,,,,,,,,,,,,,,,,,,,,,,,,,,,,,Unknown,2025-12-31 18:14:39.805704,0.030136308611111114,,Unknown,Unknown,Unknown,,False,Unknown,Bearish,-10.858129277943712,-19.434194327901643,Stable,27.513200356149234,15.396578605204652,Strong,27.320870954721848,True,,,0.0,,,False,,Bearish,Unknown
U,2025-12-31 18:14:39.805704,2025-12-31,,schwab,,,,,,,,,,,,,,,,,,,,,,,,,,,,,,,,,,,,,,,,,,,,Unknown,2025-12-31 18:14:39.805704,0.030136308611111114,,Unknown,Unknown,Unknown,,False,Unknown,Neutral,-3.804695076755471,5.6183060867310965,Falling,26.583793991388863,28.584142611936585,Strong,31.04528432783092,True,,,0.0,,,False,,Bidirectional,Unknown
TSM,2025-12-31 18:14:39.805704,2025-12-31,,schwab,,,,,,,,,,,,,,,,,,,,,,,,,,,,,,,,,,,,,,,,,,,,Unknown,2025-12-31 18:14:39.805704,0.030136308611111114,,Unknown,Unknown,Unknown,,False,Unknown,Bullish,2.8039870078526223,4.04382434961269,Falling,11.921040791788487,45.88494382814627,Weak,27.571588484041378,True,,,0.0,,,False,,Bullish,Unknown
INTC,2025-12-31 18:14:39.805704,2025-12-31,,schwab,,,,,,,,,,,,,,,,,,,,,,,,,,,,,,,,,,,,,,,,,,,,Unknown,2025-12-31 18:14:39.805704,0.030136308611111114,,Unknown,Unknown,Unknown,,False,Unknown,Bearish,-3.466312899605767,-2.8543406372470375,Falling,45.13162565672941,24.805202654634016,Strong,24.52175329069713,True,,,0.0,,,False,,Bearish,Unknown
PYPL,2025-12-31 18:14:39.805704,2025-12-31,,schwab,,,,,,,,,,,,,,,,,,,,,,,,,,,,,,,,,,,,,,,,,,,,Unknown,2025-12-31 18:14:39.805704,0.030136308611111114,,Unknown,Unknown,Unknown,,False,Unknown,Bearish,-3.457056099519895,-7.945658949359598,Stable,25.058816990117446,30.477544193143615,Strong,14.294998501811158,True,,,0.0,,,False,,Bearish,Unknown
BIDU,2025-12-31 18:14:39.805704,2025-12-31,,schwab,,,,,,,,,,,,,,,,,,,,,,,,,,,,,,,,,,,,,,,,,,,,Unknown,2025-12-31 18:14:39.805704,0.030136308611111114,,Unknown,Unknown,Unknown,,False,Unknown,Bullish,5.2330638149560516,6.783439807726871,Stable,20.311753310669555,57.88931478394969,Moderate,26.623206224170893,True,,,0.0,,,False,,Bullish,Unknown
MDB,2025-12-31 18:14:39.805704,2025-12-31,,schwab,,,,,,,,,,,,,,,,,,,,,,,,,,,,,,,,,,,,,,,,,,,,Unknown,2025-12-31 18:14:39.805704,0.030136308611111114,,Unknown,Unknown,Unknown,,False,Unknown,Neutral,-0.42682064203751513,11.667079952160915,Falling,56.160648401016154,44.788006578218116,Strong,28.876442250450996,True,,,0.0,,,False,,Bidirectional,Unknown
CLS,2025-12-31 18:14:39.805704,2025-12-31,,schwab,,,,,,,,,,,,,,,,,,,,,,,,,,,,,,,,,,,,,,,,,,,,Unknown,2025-12-31 18:14:39.805704,0.030136308611111114,,Unknown,Unknown,Unknown,,False,Unknown,Bearish,-4.59947143651516,-5.925421306782954,Falling,28.82619231729748,31.14648201818214,Strong,57.8980568197116,True,,,0.0,,,False,,Bearish,Unknown
