Ticker,timestamp,IV_7_D_Call,IV_7_D_CallChg,IV_7_D_Put,IV_7_D_PutChg,IV_7_D_Call_1W,IV_7_D_Put_1W,IV_7_D_Call_1M,IV_7_D_Put_1M,IV_14_D_Call,IV_14_D_CallChg,IV_14_D_Put,IV_14_D_PutChg,IV_14_D_Call_1W,IV_14_D_Put_1W,IV_14_D_Call_1M,IV_14_D_Put_1M,IV_21_D_Call,IV_21_D_CallChg,IV_21_D_Put,IV_21_D_PutChg,IV_21_D_Call_1W,IV_21_D_Put_1W,IV_21_D_Call_1M,IV_21_D_Put_1M,IV_30_D_Call,IV_30_D_CallChg,IV_30_D_Put,IV_30_D_PutChg,IV_30_D_Call_1W,IV_30_D_Put_1W,IV_30_D_Call_1M,IV_30_D_Put_1M,IV_60_D_Call,IV_60_D_CallChg,IV_60_D_Put,IV_60_D_PutChg,IV_60_D_Call_1W,IV_60_D_Put_1W,IV_60_D_Call_1M,IV_60_D_Put_1M,IV_90_D_Call,IV_90_D_CallChg,IV_90_D_Put,IV_90_D_PutChg,IV_90_D_Call_1W,IV_90_D_Put_1W,IV_90_D_Call_1M,IV_90_D_Put_1M,IV_120_D_Call,IV_120_D_CallChg,IV_120_D_Put,IV_120_D_PutChg,IV_120_D_Call_1W,IV_120_D_Put_1W,IV_120_D_Call_1M,IV_120_D_Put_1M,IV_150_D_Call,IV_150_D_CallChg,IV_150_D_Put,IV_150_D_PutChg,IV_150_D_Call_1W,IV_150_D_Put_1W,IV_150_D_Call_1M,IV_150_D_Put_1M,IV_180_D_Call,IV_180_D_CallChg,IV_180_D_Put,IV_180_D_PutChg,IV_180_D_Call_1W,IV_180_D_Put_1W,IV_180_D_Call_1M,IV_180_D_Put_1M,IV_270_D_Call,IV_270_D_CallChg,IV_270_D_Put,IV_270_D_PutChg,IV_270_D_Call_1W,IV_270_D_Put_1W,IV_270_D_Call_1M,IV_270_D_Put_1M,IV_360_D_Call,IV_360_D_CallChg,IV_360_D_Put,IV_360_D_PutChg,IV_360_D_Call_1W,IV_360_D_Put_1W,IV_360_D_Call_1M,IV_360_D_Put_1M,IV_720_D_Call,IV_720_D_CallChg,IV_720_D_Put,IV_720_D_PutChg,IV_720_D_Call_1W,IV_720_D_Put_1W,IV_720_D_Call_1M,IV_720_D_Put_1M,IV_1080_D_Call,IV_1080_D_CallChg,IV_1080_D_Put,IV_1080_D_PutChg,IV_1080_D_Call_1W,IV_1080_D_Put_1W,IV_1080_D_Call_1M,IV_1080_D_Put_1M,HV_10_D_Cur,HV_20_D_Cur,HV_30_D_Cur,HV_60_D_Cur,HV_90_D_Cur,HV_120_D_Cur,HV_150_D_Cur,HV_180_D_Cur,Date,IV30_Call,HV30,IVHV_gap_30D,IV_Rank_XS,HardPass,SoftPass,PSC_Pass,LowRank,df_gem,df_psc,Best_Strategy,Mapped_Strategy,Vega
MDB,2025-08-25T07:32:14.076906,116.69,9.53,117.07,10.23,105.9,104.65,50.0,49.13,105.59,-1.58,105.82,-1.02,105.9,104.65,48.11,47.48,91.22,-1.32,91.05,-0.06,90.46,88.8,46.13,45.53,82.7,0.26,81.98,-0.48,78.88,79.58,46.62,46.36,66.91,-0.25,66.69,-0.14,64.64,64.06,60.76,60.06,61.65,0.7,61.03,0.25,59.45,58.7,55.85,55.19,64.36,-0.21,63.74,0.07,61.84,60.53,53.22,52.58,61.05,0.17,60.39,-0.12,59.78,58.63,56.45,55.73,58.96,0.27,58.29,-0.08,57.86,57.58,55.1,53.71,59.62,0.14,58.59,0.15,58.24,57.1,55.65,54.48,58.42,-0.16,57.48,0.0,57.43,56.03,55.45,54.2,57.61,0.74,55.2,-0.04,56.91,54.6,55.39,52.83,57.59,0.87,55.02,-0.03,56.56,54.51,55.47,53.03,57.7,61.6,54.34,50.24,46.95,72.12,66.97,67.09,8/25/25,82.7,54.34,28.36,100.0,True,False,False,False,True,False,Neutral,Neutral,0.0
ADBE,2025-08-25T07:26:06.104202,30.27,1.71,30.31,1.53,30.65,30.12,29.23,28.13,45.01,16.45,44.6,15.82,30.65,30.12,28.18,27.22,52.04,1.52,51.69,1.45,30.29,29.82,27.54,26.46,47.51,0.19,47.24,0.21,46.86,45.93,27.4,26.87,41.12,0.87,40.17,0.81,40.73,40.21,36.08,35.18,38.15,0.67,37.71,0.69,38.14,37.57,34.08,33.21,39.22,0.15,38.73,0.32,39.17,38.28,33.06,32.1,37.13,-0.44,36.83,-0.08,38.38,37.43,34.88,33.74,36.61,0.07,36.03,0.12,37.37,36.4,34.3,32.93,36.2,0.23,34.68,-0.48,36.89,35.28,34.01,32.58,35.58,0.14,34.38,0.37,36.97,35.17,34.34,32.71,35.57,0.19,33.26,-0.27,36.29,33.77,34.5,32.29,35.72,0.35,33.31,-0.47,36.48,33.93,34.53,32.56,30.09,29.64,25.11,27.45,25.73,36.75,33.93,36.92,8/25/25,47.51,25.11,22.4,47.95918367346938,True,False,False,False,True,False,Neutral,Neutral,0.0
CRWD,2025-08-25T07:31:39.668210,66.11,4.6,66.06,4.7,66.19,67.03,39.73,36.81,60.8,-0.71,60.82,-0.53,66.19,67.03,38.15,36.0,54.39,-0.33,54.01,0.09,57.36,58.01,37.46,36.25,49.34,-1.05,49.57,-0.58,52.44,52.76,36.43,35.61,44.17,0.17,43.91,0.44,46.49,46.23,43.77,43.38,42.84,0.73,41.77,0.14,44.73,43.96,42.19,41.13,43.86,-0.09,43.36,-0.01,45.21,44.51,41.6,40.3,42.42,-0.36,41.65,-0.48,44.6,43.82,43.78,42.21,41.75,0.05,40.98,-0.07,43.58,42.84,42.22,41.27,42.37,0.4,41.34,0.14,44.14,43.01,43.24,42.13,42.95,0.64,41.71,0.33,44.56,43.24,43.74,42.51,43.64,0.53,41.39,-0.27,44.58,42.31,43.92,42.22,43.64,0.53,41.39,-0.27,44.58,42.31,43.92,42.22,21.41,31.41,27.85,32.86,37.03,50.06,49.49,48.55,8/25/25,49.34,27.85,21.490000000000002,50.66548358473825,True,False,False,False,True,False,Neutral,Neutral,0.0
CASY,2025-08-25T07:25:16.942786,36.8,0.44,36.88,1.4,32.22,33.49,23.61,22.63,36.8,0.44,36.88,1.4,32.22,33.49,23.61,22.63,36.8,0.44,36.88,1.4,32.22,33.49,23.61,22.63,35.05,-0.69,35.03,0.08,32.22,33.49,26.15,25.25,30.31,-0.71,29.97,-0.88,29.35,30.08,29.58,28.78,28.95,-0.32,28.53,-0.32,28.35,28.34,28.12,27.39,30.29,-0.44,29.94,-0.33,29.89,29.27,27.37,26.67,29.3,-0.38,28.82,-0.27,29.44,28.69,29.11,28.14,28.64,-0.32,28.07,-0.21,28.73,27.95,28.79,27.79,28.64,-0.28,28.07,-0.16,28.56,27.77,28.54,27.52,28.64,-0.28,28.07,-0.16,28.56,27.77,28.54,27.52,28.64,-0.28,28.07,-0.16,28.56,27.77,28.54,27.52,28.64,-0.28,28.07,-0.16,28.56,27.77,28.54,27.52,12.96,12.99,13.62,27.71,26.4,32.27,31.0,29.37,8/25/25,35.05,13.62,21.43,29.5326826382727,True,False,False,True,True,False,Neutral,Neutral,0.0
AVGO,2025-08-25T07:26:34.236724,61.76,4.6,61.69,5.1,40.33,40.5,40.76,39.51,58.1,0.94,57.96,1.37,40.33,40.5,39.4,37.82,52.99,0.45,52.79,0.71,51.26,50.97,37.75,37.1,49.27,0.8,49.11,0.46,47.76,47.73,37.05,35.5,44.85,0.31,44.58,0.53,44.02,43.65,42.75,42.14,43.83,0.43,43.42,0.61,43.16,42.79,41.42,40.64,44.67,-0.01,44.14,0.11,44.11,43.66,41.52,40.34,43.53,-0.12,42.95,0.2,43.75,43.04,43.42,41.71,42.95,-0.01,42.3,0.27,43.15,42.28,42.85,41.33,43.16,0.04,42.26,0.16,43.41,42.31,42.53,40.99,42.72,-0.83,41.63,-0.38,43.33,41.98,42.76,41.06,43.12,-0.21,41.3,-0.37,43.65,41.92,43.07,41.17,43.16,0.07,41.04,-0.5,43.42,41.75,43.24,41.22,28.44,30.41,29.23,30.97,33.34,50.61,56.09,61.37,8/25/25,49.27,29.23,20.040000000000003,50.56196391600118,True,False,False,False,True,False,Neutral,Neutral,0.0
ORCL,2025-08-25T07:26:40.739799,38.13,2.56,38.02,2.05,37.03,36.79,36.21,35.43,50.92,15.35,51.25,15.29,37.03,36.79,34.76,34.15,56.96,-0.21,57.17,-0.05,35.92,35.83,34.17,33.42,52.5,-0.16,52.35,-0.09,51.44,50.92,34.62,32.72,47.41,-0.17,47.18,-0.54,46.38,45.91,43.7,42.52,44.32,-0.24,44.1,0.02,44.22,43.48,41.82,40.74,45.71,-0.48,45.55,-0.01,45.18,44.44,40.57,39.4,44.35,-0.09,43.91,-0.79,44.1,43.53,42.67,41.54,42.57,-0.9,42.66,0.15,42.68,42.27,41.26,40.05,42.29,-0.17,41.72,0.08,42.38,41.43,41.03,39.7,42.64,0.04,41.78,0.38,42.53,41.58,41.18,39.74,41.75,0.22,40.11,0.03,41.54,39.88,40.6,38.61,41.71,0.6,39.92,0.27,41.32,39.93,40.62,38.63,38.73,35.28,33.34,42.82,40.45,46.84,50.28,47.93,8/25/25,52.5,33.34,19.159999999999997,55.338657202011234,True,False,False,False,True,False,Neutral,Neutral,0.0
CRM,2025-08-25T07:27:01.157154,59.99,4.75,59.82,4.19,31.12,30.68,32.23,31.09,55.54,0.3,55.12,-0.51,31.12,30.68,31.3,30.68,48.96,-0.01,48.65,-1.24,48.97,48.58,30.1,29.28,43.99,-0.04,44.03,0.04,44.96,44.08,29.79,27.98,38.1,0.3,37.91,0.18,38.99,38.31,36.74,35.64,36.16,0.37,35.67,0.13,36.65,35.41,34.25,33.49,37.35,-0.25,36.49,-0.16,37.51,36.41,33.33,32.61,35.85,-0.15,35.09,-0.02,36.49,35.39,35.31,34.02,34.76,-0.08,34.09,0.01,35.48,34.56,34.06,32.79,34.62,0.12,33.71,0.09,35.0,34.2,33.95,32.38,34.14,0.05,33.33,0.13,35.34,34.2,34.4,32.51,35.04,0.53,32.92,-0.31,35.31,33.19,34.4,32.49,34.93,0.41,32.53,-0.5,34.94,32.89,35.01,32.46,31.09,29.5,25.25,25.19,28.29,33.37,32.91,33.76,8/25/25,43.99,25.25,18.740000000000002,42.753623188405804,True,False,False,False,True,False,Neutral,Neutral,0.0
NVDA,2025-08-25T07:26:28.339205,55.79,5.45,55.58,5.21,52.02,51.92,36.77,35.73,52.36,2.02,52.13,1.76,52.02,51.92,35.24,34.39,47.85,1.36,47.6,1.08,46.51,46.59,34.42,33.64,44.63,1.05,44.4,0.88,42.98,43.03,33.87,33.13,41.67,0.71,41.28,0.56,39.29,39.13,40.18,39.46,42.13,0.22,41.72,0.3,40.34,39.34,38.88,38.2,41.6,-0.01,41.03,0.04,40.24,40.57,40.22,39.36,40.82,-0.05,40.12,0.09,39.4,40.55,40.32,39.39,40.48,0.02,39.76,0.13,39.69,38.58,39.68,38.66,41.23,0.14,40.23,0.07,40.6,39.43,40.04,38.77,41.47,0.06,40.19,-0.09,40.86,39.49,40.8,39.33,42.19,0.09,40.06,-0.27,41.12,39.2,40.89,38.7,42.27,0.3,39.85,-0.37,41.2,39.04,40.75,38.24,22.31,25.34,26.17,26.64,33.82,48.38,56.82,54.48,8/25/25,44.63,26.17,18.46,43.70008873114464,True,False,False,False,True,False,Neutral,Neutral,0.0
ULTA,2025-08-25T07:25:36.169526,53.88,4.06,53.6,3.92,52.39,50.87,24.53,25.43,49.08,-0.74,48.7,-0.98,52.39,50.87,24.28,24.02,42.71,-0.99,42.46,0.01,42.25,43.9,24.16,23.9,38.59,-0.72,38.09,-0.57,38.48,38.85,23.65,23.76,33.91,0.02,33.21,0.28,33.52,32.86,31.73,31.07,33.88,-0.33,33.4,0.0,33.67,33.01,31.67,30.95,33.66,-0.69,33.21,-0.35,33.87,33.33,31.64,30.88,32.73,-1.23,31.97,-0.41,33.58,32.76,31.62,30.83,33.07,-1.23,32.37,-0.25,33.97,32.98,31.59,30.6,33.22,-0.78,32.34,-0.61,34.18,32.95,32.06,31.4,33.69,-0.27,32.38,-0.64,34.0,32.75,32.55,31.63,34.21,0.31,32.79,0.06,34.73,33.58,33.73,32.22,34.21,0.31,32.79,0.06,34.73,33.58,33.73,32.22,26.37,24.01,21.51,29.56,29.01,40.16,39.15,38.63,8/25/25,38.59,21.51,17.080000000000002,34.76782017154689,True,False,False,False,True,False,Neutral,Neutral,0.0
GOOG,2025-08-25T07:26:32.741984,34.4,1.94,34.37,2.47,32.33,32.78,50.25,49.52,33.18,0.73,33.12,1.23,32.33,32.78,46.01,44.72,31.57,0.84,31.49,0.92,30.96,30.78,39.05,38.45,30.63,0.75,30.34,0.86,30.21,29.47,36.98,34.12,29.72,1.3,29.43,1.09,28.72,28.13,32.01,32.52,30.91,0.59,30.47,0.71,30.19,29.4,29.64,28.94,29.93,0.27,29.41,0.67,29.87,29.02,31.67,32.58,29.74,0.46,29.11,1.32,29.5,28.9,31.24,29.72,30.47,0.16,29.7,0.6,30.23,29.07,30.48,28.47,30.44,0.32,29.38,0.62,30.68,29.08,31.42,28.34,30.54,0.25,29.3,0.42,30.93,29.16,31.09,28.43,31.38,0.32,29.24,0.1,31.58,29.11,32.42,30.1,31.55,0.32,29.2,0.01,31.7,29.24,32.33,30.09,19.1,22.37,19.66,21.75,27.29,32.95,33.21,32.98,8/25/25,30.63,19.66,10.969999999999999,22.996154983732623,True,False,False,True,True,False,Neutral,Neutral,0.0
GOOGL,2025-08-25T07:31:53.088480,34.54,2.35,34.32,2.16,33.45,33.11,52.03,50.43,33.32,1.14,33.22,1.06,33.45,33.11,44.03,43.31,31.69,0.69,31.65,0.77,31.23,31.04,40.46,39.7,30.39,0.52,30.31,0.61,29.81,29.79,37.08,35.45,29.59,0.73,29.29,0.81,28.51,28.19,32.37,32.26,30.83,0.35,30.4,0.51,30.23,29.13,30.89,30.25,29.96,0.25,29.43,0.36,29.99,29.32,30.54,29.04,29.79,0.28,29.17,0.55,29.62,28.35,31.61,29.49,30.51,0.17,29.81,0.49,30.41,29.04,30.8,29.42,30.62,0.15,29.65,0.35,31.04,29.38,31.14,29.43,30.86,0.32,29.66,0.31,31.28,29.53,30.62,29.14,31.45,0.04,29.4,0.04,31.77,29.35,32.66,30.03,31.69,0.29,29.37,-0.09,31.97,29.41,32.94,30.44,19.65,22.77,20.02,22.59,27.76,33.18,33.59,33.4,8/25/25,30.39,20.02,10.370000000000001,22.641230405205558,True,False,False,True,True,False,Neutral,Neutral,0.0
PWR,2025-08-25T07:26:12.020848,32.35,1.2,30.91,0.85,30.31,30.57,41.25,41.1,32.35,1.2,30.91,0.85,30.31,30.57,41.25,41.1,32.35,1.2,30.91,0.85,30.31,30.57,41.25,41.1,32.08,1.03,30.89,0.88,30.31,30.57,39.27,39.13,32.69,1.45,32.06,1.52,30.77,31.18,35.69,35.67,35.38,0.23,34.72,0.75,33.84,34.13,34.11,34.64,34.56,0.46,33.84,0.57,33.9,33.92,35.48,35.14,34.24,0.72,33.44,0.59,33.45,33.24,34.73,34.33,34.59,0.39,33.59,0.56,33.57,32.89,34.31,33.86,34.3,0.45,33.48,0.52,33.72,32.75,34.47,33.84,34.51,0.49,33.27,0.19,33.95,32.76,34.41,33.69,34.97,0.47,33.33,-0.03,34.42,32.94,34.81,33.73,34.97,0.47,33.33,-0.03,34.42,32.94,34.81,33.73,21.74,19.22,23.29,22.19,29.67,36.52,45.55,43.49,8/25/25,32.08,23.29,8.79,25.140490979000294,True,False,False,True,True,False,Neutral,Neutral,0.0
SMH,2025-08-25T07:32:04.866343,30.34,2.06,30.24,2.21,29.22,29.08,31.1,31.01,29.84,1.55,29.73,1.7,29.22,29.08,29.79,29.52,29.27,0.99,29.1,1.05,28.3,28.19,29.0,28.85,29.1,0.68,28.85,0.69,28.0,27.83,28.7,28.62,29.5,0.36,29.15,0.4,28.46,28.11,29.24,28.92,29.91,0.1,29.47,0.19,29.84,29.4,29.65,29.3,29.84,0.17,29.24,0.08,29.74,29.25,30.07,29.53,29.55,0.16,29.02,0.1,29.49,29.0,30.14,29.55,29.78,0.14,29.19,0.08,29.62,29.09,29.83,29.23,30.61,0.05,29.81,0.04,30.65,29.87,30.6,29.79,30.91,0.17,29.81,-0.01,31.02,29.99,31.06,30.02,31.62,0.34,29.62,-0.22,31.41,29.94,31.07,29.57,31.84,0.38,29.67,-0.21,31.47,29.85,31.37,29.49,23.22,23.27,20.81,20.94,26.37,41.8,42.56,40.5,8/25/25,29.1,20.81,8.290000000000003,20.7335107956226,True,False,False,True,True,False,Neutral,Neutral,0.0
UBER,2025-08-25T07:31:08.042593,32.81,2.45,32.82,3.47,31.95,31.06,36.56,35.48,33.44,3.08,33.36,4.01,31.95,31.06,50.98,50.77,34.03,2.29,33.74,2.27,31.54,30.93,49.15,48.56,34.24,1.76,33.27,0.68,32.28,31.23,43.46,43.36,35.43,1.56,35.18,1.85,32.85,32.11,39.3,38.99,38.26,0.66,37.88,1.25,36.2,35.32,38.02,37.33,37.05,0.58,36.82,0.86,36.04,35.06,39.38,38.54,36.91,1.09,36.25,1.32,35.54,34.41,38.77,37.9,37.37,0.85,36.56,0.93,36.12,34.89,37.93,36.63,38.23,0.6,36.99,0.5,37.31,35.67,39.24,37.61,37.67,-0.06,36.66,0.46,37.31,35.5,39.95,37.77,39.42,0.83,37.23,0.65,38.6,36.26,40.23,37.94,39.73,1.06,37.19,0.65,38.8,36.18,40.65,38.02,20.08,29.65,26.79,29.88,32.5,38.65,40.83,41.32,8/25/25,34.24,26.79,7.450000000000003,28.334812185743868,True,False,False,True,True,False,Neutral,Neutral,0.0
PLTR,2025-08-25T07:26:49.239004,59.66,10.27,59.72,10.38,45.49,45.47,45.57,45.53,58.63,9.23,58.57,9.23,45.49,45.47,71.77,71.71,57.09,6.96,56.87,6.73,45.08,45.09,70.87,70.6,56.65,6.05,55.93,5.4,45.71,45.92,65.4,64.6,57.53,4.51,57.37,4.64,48.19,48.14,57.69,57.03,61.28,3.08,60.94,3.16,54.87,54.6,56.54,56.23,59.54,2.69,58.94,2.44,55.33,55.03,60.45,59.57,58.88,2.8,58.15,2.45,54.47,54.15,58.62,58.01,60.34,2.24,59.58,2.09,56.36,55.85,57.62,56.85,60.4,1.77,59.4,1.34,57.53,56.91,59.21,58.16,60.5,1.66,59.62,1.54,57.22,56.6,59.25,58.0,59.64,1.86,57.28,0.79,56.74,55.52,58.66,56.87,59.41,2.08,56.89,0.71,56.22,54.98,57.88,56.37,52.24,55.21,49.34,52.6,58.63,70.43,75.95,73.64,8/25/25,56.65,49.34,7.309999999999995,61.47589470570836,True,False,False,False,True,False,Neutral,Neutral,0.0
COST,2025-08-25T07:24:24.432169,19.75,1.05,19.44,0.84,19.67,19.25,19.16,17.38,19.79,1.08,19.51,0.91,19.67,19.25,19.06,18.03,19.96,0.56,19.7,0.29,19.16,18.16,19.18,18.2,24.25,2.65,23.96,2.72,19.43,19.01,19.54,18.31,23.77,0.55,23.31,0.42,23.04,22.29,20.75,19.53,23.65,0.11,23.09,0.24,23.12,22.28,22.72,21.53,23.56,-0.11,22.92,0.11,23.2,22.33,23.07,21.92,23.39,0.25,22.61,0.28,23.17,21.93,23.28,22.14,23.47,-0.07,22.63,0.17,23.34,22.02,23.4,22.02,23.53,-0.15,22.31,0.23,23.42,22.08,23.73,22.06,23.77,-0.25,22.49,0.17,23.81,22.23,24.21,22.3,24.53,-0.34,22.76,0.07,24.84,22.54,25.32,22.72,24.53,-0.34,22.76,0.07,24.84,22.54,25.32,22.72,18.52,18.58,17.07,18.24,18.74,24.63,24.32,22.94,8/25/25,24.25,17.07,7.18,13.561076604554865,True,False,False,True,True,False,Neutral,Neutral,0.0
T,2025-08-25T07:27:14.589119,20.89,1.71,20.89,1.27,20.22,19.89,21.45,21.76,20.64,1.46,20.87,1.25,20.22,19.89,20.69,21.43,20.7,0.42,20.81,0.34,20.42,20.23,20.83,20.97,21.22,0.59,21.01,0.95,20.45,20.44,21.06,22.46,23.37,1.9,22.98,1.44,21.73,21.07,21.25,21.03,24.5,0.77,24.33,0.82,23.56,23.43,21.53,20.95,23.96,0.8,23.69,0.52,23.5,23.36,22.4,22.09,23.71,0.87,23.4,0.42,23.16,22.92,22.91,22.75,23.79,0.62,23.51,0.36,23.52,23.07,23.25,23.11,24.13,0.31,23.82,0.39,23.99,23.23,24.02,22.93,24.28,0.22,23.91,0.27,24.58,23.29,23.42,21.74,25.07,0.27,24.62,0.8,25.32,23.26,24.0,23.42,25.07,0.27,24.62,0.8,25.32,23.26,24.0,23.42,16.21,16.0,14.35,17.19,20.38,24.67,24.34,23.99,8/25/25,21.22,14.35,6.869999999999999,9.080153800650693,True,False,False,True,True,False,Neutral,Neutral,0.0
APH,2025-08-25T07:31:45.266468,30.89,0.36,31.15,0.89,30.43,30.96,30.21,29.5,30.89,0.36,31.15,0.89,30.43,30.96,30.21,29.5,30.89,0.36,31.15,0.89,30.43,30.96,30.21,29.5,30.84,0.29,30.98,0.72,30.43,30.96,30.43,29.21,31.2,0.21,31.0,0.42,29.96,30.33,30.59,28.69,32.38,-0.07,32.0,-0.18,31.32,31.18,29.21,28.33,32.81,-0.32,32.34,-0.59,32.11,31.68,31.02,29.0,32.59,-0.41,31.99,-1.02,31.32,30.59,31.94,29.35,33.44,-0.04,32.48,-0.8,31.8,31.2,30.06,28.78,34.36,0.19,33.24,-0.44,33.22,32.62,31.95,30.06,35.11,0.98,33.72,0.28,33.48,32.94,32.93,30.98,34.04,-0.8,32.92,-0.93,32.91,33.04,34.09,32.67,34.04,-0.8,32.92,-0.93,32.91,33.04,34.09,32.67,20.39,24.45,24.4,20.0,26.44,35.39,39.86,38.02,8/25/25,30.84,24.4,6.440000000000001,23.306713989943802,True,False,False,True,True,False,Neutral,Neutral,0.0
DKNG,2025-08-25T07:32:06.061547,36.74,2.57,36.33,2.96,36.23,35.77,39.77,38.45,37.09,2.93,36.47,3.09,36.23,35.77,59.89,59.97,37.86,2.7,36.77,2.22,35.72,34.97,58.88,58.24,37.77,1.7,37.12,1.66,35.76,35.42,53.86,52.85,38.41,1.02,38.36,1.68,36.65,35.74,47.58,46.85,41.55,-0.04,41.52,0.81,40.73,39.95,47.16,46.47,40.65,0.22,40.32,0.52,40.77,40.02,46.95,46.28,40.41,0.52,39.64,0.56,40.01,39.17,45.63,44.76,41.66,0.74,40.85,0.6,41.22,40.27,44.57,43.61,41.44,0.61,40.38,0.11,41.46,40.35,45.07,44.99,41.16,0.07,40.24,0.33,41.61,40.32,45.37,45.71,41.18,-1.08,39.91,-0.88,42.69,40.69,46.32,44.58,40.77,-1.64,39.7,-1.11,42.91,40.81,46.36,44.77,20.31,36.17,31.38,37.93,36.43,46.45,49.57,47.87,8/25/25,37.77,31.38,6.390000000000004,33.55516119491275,True,False,False,False,True,False,Neutral,Neutral,0.0
MU,2025-08-25T07:31:27.759154,43.73,1.57,43.36,2.23,43.48,43.45,45.01,44.43,43.57,1.41,43.09,1.96,43.48,43.45,43.51,42.88,43.87,1.54,43.35,2.15,42.15,41.96,42.17,41.71,51.55,5.91,50.3,5.31,42.68,42.18,42.55,39.59,48.78,0.44,48.28,0.18,48.02,47.77,42.28,41.46,46.91,0.41,46.32,0.42,46.52,45.98,45.41,44.49,47.92,0.31,46.99,0.02,47.42,46.39,44.41,43.6,47.47,0.17,46.34,0.09,47.22,46.13,45.83,44.46,46.26,-0.18,45.52,0.18,46.2,45.3,45.64,44.47,45.91,0.44,44.81,-0.54,46.14,45.03,45.44,43.71,45.12,-0.31,44.24,-0.89,45.65,44.46,45.26,43.61,45.86,-0.58,43.48,-0.56,46.01,43.67,46.61,44.22,45.87,-0.79,43.4,-0.41,46.21,43.7,47.05,44.46,45.52,47.98,45.21,39.61,40.9,63.18,63.16,65.36,8/25/25,51.55,45.21,6.339999999999996,53.93374741200828,True,False,False,False,True,False,Neutral,Neutral,0.0
ISRG,2025-08-25T07:25:03.360517,25.4,1.58,25.41,1.47,25.85,25.41,28.26,27.98,26.02,2.2,25.6,1.67,25.85,25.41,28.45,25.59,26.41,1.26,25.77,0.56,25.08,24.86,27.7,25.95,25.87,0.24,25.85,0.37,25.35,24.93,26.45,25.48,28.3,-0.01,27.44,-0.46,27.22,26.64,27.54,25.48,29.27,0.01,28.6,0.14,28.73,28.03,29.05,27.18,29.87,0.11,29.25,0.45,29.48,28.72,30.02,28.17,30.76,0.0,29.98,-0.41,30.69,29.21,30.58,28.75,30.95,0.12,30.05,-0.26,30.75,29.46,30.91,29.12,31.16,0.38,30.17,-0.07,30.81,29.69,30.88,29.63,31.34,0.51,29.98,-0.12,30.8,29.41,31.15,29.78,31.9,0.46,29.87,-0.48,31.55,29.62,32.16,30.25,31.9,0.46,29.87,-0.48,31.55,29.62,32.16,30.25,17.68,20.06,19.85,22.13,23.49,37.89,35.68,34.73,8/25/25,25.87,19.85,6.02,15.95681750961254,True,False,False,True,True,False,Neutral,Neutral,0.0
REGN,2025-08-25T07:25:09.483934,33.88,3.98,33.86,1.98,31.38,33.43,62.22,59.28,33.45,3.56,34.05,2.17,31.38,33.43,53.46,51.2,33.74,3.34,34.0,2.62,32.88,32.48,47.94,46.34,33.98,2.98,33.8,1.32,32.2,31.9,44.26,43.28,33.49,1.83,33.05,1.71,33.41,32.89,40.68,39.63,35.14,0.61,35.01,1.02,35.4,34.2,39.55,38.44,34.27,0.12,33.58,0.14,34.97,33.79,38.97,37.83,35.23,-0.01,34.46,-0.38,35.92,34.44,38.13,36.95,35.8,-0.21,35.5,0.52,36.03,34.37,38.0,36.73,35.34,0.11,34.36,-0.01,35.34,33.5,37.89,35.88,35.35,-0.24,34.55,0.15,35.66,33.55,37.81,35.58,36.0,0.11,34.51,0.02,36.63,33.87,38.14,35.67,36.0,0.11,34.51,0.02,36.63,33.87,38.14,35.67,31.2,27.87,28.25,51.04,51.12,49.08,45.69,43.56,8/25/25,33.98,28.25,5.729999999999997,27.950310559006205,True,False,False,True,True,False,Neutral,Neutral,0.0
ACN,2025-08-25T07:27:16.080784,26.35,0.94,26.44,1.08,28.26,27.57,23.22,26.1,26.57,1.16,26.51,1.15,28.26,27.57,23.47,22.75,26.96,0.87,26.75,1.32,27.54,26.9,23.58,22.77,34.49,4.67,34.31,4.42,28.05,27.86,23.14,23.21,34.6,0.87,34.28,0.92,35.13,34.29,23.79,24.19,33.36,0.72,32.85,0.65,33.95,33.3,25.5,25.86,33.91,0.18,33.49,0.75,34.44,33.58,26.32,26.66,33.93,-0.27,33.55,0.56,35.06,33.96,27.0,26.31,32.95,0.02,32.55,0.27,34.35,32.89,27.34,26.06,33.07,-0.33,32.47,0.16,34.34,33.07,27.35,26.18,32.77,-0.62,32.23,0.17,34.41,32.94,27.43,26.01,33.06,-0.71,32.27,0.28,35.08,32.68,28.38,26.31,33.06,-0.71,32.27,0.28,35.08,32.68,28.38,26.31,21.56,33.41,28.89,29.37,27.19,31.75,30.54,30.06,8/25/25,34.49,28.89,5.600000000000001,28.704525288376225,True,False,False,True,True,False,Neutral,Neutral,0.0
COP,2025-08-25T07:31:48.958174,26.6,2.59,26.55,2.59,27.63,27.52,28.15,27.35,26.47,2.46,26.37,2.41,27.63,27.52,30.63,29.86,26.38,1.14,26.26,1.5,26.79,26.68,30.46,30.42,26.45,0.4,25.91,1.06,26.9,25.95,29.5,28.97,27.07,-0.34,27.07,1.01,27.32,27.31,28.19,27.72,28.26,1.37,28.02,1.25,27.69,27.47,28.25,27.2,27.78,0.5,27.57,0.62,27.94,27.43,28.51,27.39,27.71,0.13,27.46,0.45,28.11,27.38,28.75,27.63,28.37,0.14,27.87,1.27,28.26,27.7,28.89,27.81,28.5,-0.88,27.73,0.74,28.73,27.53,29.28,27.96,28.34,-0.68,27.76,0.13,28.64,27.51,29.43,28.1,29.27,-0.79,28.36,0.38,29.99,28.36,30.47,28.24,29.19,-1.16,28.5,0.4,30.35,28.58,30.8,28.35,17.05,20.1,21.17,25.44,26.82,39.66,38.41,35.83,8/25/25,26.45,21.17,5.279999999999998,16.814551907719608,True,False,False,True,True,False,Neutral,Neutral,0.0
SNPS,2025-08-25T07:25:20.232723,29.88,-0.88,30.72,1.13,31.27,29.95,32.79,30.34,37.17,6.4,37.65,8.05,31.27,29.95,32.79,30.34,41.22,1.71,41.33,1.84,29.14,26.72,32.79,30.34,38.8,0.49,38.51,1.68,37.98,36.75,33.84,32.15,35.41,0.77,34.73,1.28,33.74,33.25,35.47,34.85,36.05,1.02,35.27,1.17,35.18,33.94,35.81,35.05,36.08,0.89,35.35,0.96,36.09,34.45,35.99,35.15,34.97,0.14,34.56,1.0,35.19,33.91,36.06,35.2,35.43,0.39,34.68,0.84,35.18,33.97,35.55,35.02,35.0,0.22,34.22,0.47,35.38,34.21,36.05,35.12,34.91,0.43,33.87,0.09,35.57,34.24,36.11,34.98,35.4,0.34,33.57,-0.43,35.58,34.16,36.24,34.69,35.4,0.34,33.57,-0.43,35.58,34.16,36.24,34.69,20.63,34.29,33.74,30.47,34.86,40.03,40.22,41.42,8/25/25,38.8,33.74,5.059999999999995,35.07837917775806,True,False,False,False,True,False,Neutral,Neutral,0.0
GE,2025-08-25T07:26:56.737585,27.61,1.71,26.74,0.23,26.55,27.48,28.09,27.54,27.42,1.51,26.66,0.15,26.55,27.48,27.85,27.11,27.11,1.76,26.67,0.43,26.44,26.33,27.99,27.35,27.25,0.67,26.96,0.28,25.92,26.01,28.48,27.76,30.01,0.93,29.54,0.67,27.73,27.45,28.49,27.69,32.43,0.66,31.77,0.35,30.87,30.29,29.34,28.46,31.78,0.41,30.92,0.07,31.23,30.58,31.03,30.28,31.55,0.14,30.67,-0.35,31.12,30.17,31.59,30.08,31.99,0.05,31.17,-0.35,31.52,30.66,31.29,30.0,33.13,0.06,32.04,-0.22,32.65,31.42,32.4,31.43,33.33,0.66,31.7,-0.06,32.61,31.41,32.59,31.38,32.97,0.16,31.38,-0.3,33.06,31.62,33.13,31.86,32.97,0.16,31.38,-0.3,33.06,31.62,33.13,31.86,23.62,21.01,22.31,23.09,24.37,35.22,34.33,33.51,8/25/25,27.25,22.31,4.940000000000001,17.99763383614315,False,True,False,True,True,False,Neutral,Neutral,0.0
JPM,2025-08-25T07:26:37.580099,19.96,1.32,19.8,1.15,20.59,20.35,19.41,19.34,20.36,1.72,20.17,1.52,20.59,20.35,18.47,18.98,20.77,1.08,20.55,1.17,20.05,19.87,19.33,19.23,20.89,0.7,20.68,0.78,20.83,20.37,19.35,18.74,23.89,0.86,23.7,0.53,23.1,22.72,20.45,20.07,23.93,0.48,23.56,0.22,23.25,22.97,22.28,22.21,23.4,0.57,22.96,0.25,23.1,22.83,23.04,22.57,23.86,0.27,23.53,0.27,23.73,23.31,22.68,22.21,23.75,0.05,23.4,0.3,23.76,23.31,23.43,23.25,24.46,0.35,23.76,0.27,23.99,23.26,24.09,23.18,24.76,0.15,24.05,0.17,24.7,23.82,24.6,23.44,24.85,0.28,23.66,-0.23,25.07,24.12,25.14,24.07,24.85,0.34,23.6,-0.43,25.08,24.12,25.21,23.8,14.65,17.29,15.96,16.74,17.76,29.33,27.91,26.58,8/25/25,20.89,15.96,4.93,8.592132505175982,False,True,False,True,True,False,Neutral,Neutral,0.0
XLK,2025-08-25T07:32:01.324827,19.51,1.02,19.59,0.73,18.75,18.43,19.84,18.07,19.38,0.9,19.31,0.45,18.75,18.43,18.64,17.35,19.32,0.11,19.12,0.26,18.63,18.1,18.21,17.83,19.52,0.62,19.28,0.49,18.72,18.2,18.4,17.14,19.83,-0.06,19.63,0.48,19.52,19.11,20.09,18.67,20.47,-0.01,20.12,0.16,20.4,19.89,21.06,19.36,20.86,0.09,20.4,0.06,20.86,20.31,21.48,20.35,21.47,0.35,20.77,0.41,20.86,20.48,21.72,20.91,21.78,0.28,21.01,0.15,21.03,20.62,21.63,21.0,22.31,-0.04,21.34,-0.1,21.71,20.96,22.31,21.61,22.7,0.03,21.56,-0.02,22.17,21.31,22.66,21.91,23.8,0.33,21.84,-0.14,23.28,21.83,23.62,22.14,24.07,0.58,21.7,-0.28,23.31,21.81,23.83,22.12,15.72,17.07,14.71,13.83,19.41,32.31,31.49,29.88,8/25/25,19.52,14.71,4.809999999999999,6.566104702750664,False,True,False,True,True,False,Neutral,Neutral,0.0
XLP,2025-08-25T07:32:03.697274,11.23,0.65,11.22,1.8,11.22,11.1,12.0,12.12,11.47,0.89,11.47,2.05,11.22,11.1,11.72,11.69,11.79,0.71,11.7,0.58,11.13,10.75,11.72,11.59,15.08,3.52,15.04,4.04,11.65,11.3,12.18,12.01,12.44,0.57,12.45,0.58,11.83,12.11,12.79,12.58,12.84,0.67,12.76,0.04,12.54,12.49,14.19,13.41,13.25,0.61,13.12,0.54,12.97,12.72,14.04,12.88,12.88,0.37,12.71,0.38,12.6,12.35,13.92,12.54,13.3,0.56,12.9,0.4,12.8,12.46,13.39,12.11,13.63,0.51,12.84,0.15,12.81,12.4,13.48,13.05,12.84,-0.11,12.18,-0.32,12.93,12.67,13.37,13.04,11.88,0.07,11.57,0.04,13.86,13.01,12.95,13.05,11.88,0.07,11.57,0.04,13.86,13.01,12.95,13.05,9.33,11.06,10.31,10.12,11.65,15.41,15.36,14.66,8/25/25,15.08,10.31,4.77,0.0,False,True,False,True,True,False,Neutral,Neutral,0.0
KNSL,2025-08-25T07:25:27.611327,31.86,3.02,30.95,1.81,30.16,30.15,48.57,45.0,31.86,3.02,30.95,1.81,30.16,30.15,48.57,45.0,31.86,3.02,30.95,1.81,30.16,30.15,48.57,45.0,31.77,2.87,31.22,1.97,30.16,30.15,45.1,42.25,31.87,2.21,31.92,1.66,30.23,29.15,38.86,37.31,32.6,1.29,32.16,0.91,32.77,30.37,37.72,35.77,32.96,0.85,32.28,0.54,34.16,31.1,37.13,35.46,33.25,0.65,32.44,0.4,34.96,31.53,36.77,35.27,33.69,0.69,32.84,0.51,35.02,31.77,36.55,35.16,34.19,0.72,33.29,0.62,34.99,32.07,36.55,35.16,34.19,0.72,33.29,0.62,34.99,32.07,36.55,35.16,34.19,0.72,33.29,0.62,34.99,32.07,36.55,35.16,34.19,0.72,33.29,0.62,34.99,32.07,36.55,35.16,31.8,29.34,27.42,25.55,41.1,41.03,40.02,39.0,8/25/25,31.77,27.42,4.349999999999998,24.68204673173617,False,True,False,True,True,False,Neutral,Neutral,0.0
BKNG,2025-08-25T07:24:03.013267,21.6,1.89,20.97,2.12,23.35,21.93,47.44,46.0,21.67,1.96,21.26,2.41,23.35,21.93,39.86,38.95,22.21,1.26,21.96,1.58,22.93,21.61,34.76,33.82,22.6,0.78,22.41,1.28,23.04,21.89,31.93,30.91,24.6,0.94,24.45,1.74,24.28,23.22,27.79,26.71,27.3,0.08,26.96,0.87,27.45,26.22,26.85,25.81,26.64,-0.05,26.14,0.52,27.44,26.18,27.84,26.63,26.56,-0.06,25.95,0.59,27.49,25.97,28.39,27.08,27.11,-0.23,26.4,0.48,27.89,26.26,28.17,26.73,27.7,-0.54,26.84,0.23,28.72,26.98,29.04,27.4,28.34,-0.4,27.21,0.21,29.31,27.41,29.54,27.74,29.64,-0.14,27.77,-0.09,30.6,28.28,30.67,28.43,30.05,0.03,27.95,-0.16,30.81,28.47,30.89,28.64,13.91,20.11,18.71,19.26,21.5,30.42,29.86,28.78,8/25/25,22.6,18.71,3.8900000000000006,11.120970127181309,False,True,False,True,True,False,Neutral,Neutral,0.0
MELI,2025-08-25T07:24:05.705611,29.85,0.32,29.96,2.74,31.94,30.6,31.3,31.64,30.14,0.61,29.74,2.52,31.94,30.6,50.19,50.64,30.35,1.14,29.33,1.74,30.49,29.63,49.43,49.93,29.71,-0.04,29.92,2.25,30.59,29.08,44.85,44.98,31.82,0.29,31.55,2.39,31.04,29.63,38.19,38.13,34.87,-0.94,34.87,0.94,34.81,33.68,36.48,36.34,34.49,-0.65,33.35,0.37,35.13,33.63,38.11,37.57,33.66,-0.38,33.02,0.79,33.96,32.88,36.77,36.24,34.67,-0.05,34.01,0.96,34.48,33.43,35.99,35.37,35.82,0.03,34.97,0.6,35.68,34.49,36.87,35.82,36.52,0.05,35.33,0.4,36.42,35.09,37.2,36.06,37.84,0.65,35.66,-0.33,37.71,36.1,37.89,36.48,37.81,0.75,35.31,-0.53,37.57,36.07,37.88,36.54,33.72,28.24,25.84,27.34,30.0,36.05,35.33,35.85,8/25/25,29.71,25.84,3.870000000000001,21.63561076604555,False,True,False,True,True,False,Neutral,Neutral,0.0
BA,2025-08-25T07:31:16.069759,26.18,2.57,25.79,1.66,26.52,26.83,43.36,43.88,27.15,3.55,26.71,2.58,26.52,26.83,39.34,39.54,27.98,1.46,27.52,1.84,26.51,27.38,35.86,35.96,28.22,0.99,27.68,0.53,26.69,26.23,34.2,33.57,28.63,0.55,28.18,0.32,27.55,26.91,30.51,30.53,30.42,0.29,29.83,0.59,29.63,28.89,30.62,30.5,30.35,-0.05,29.57,-0.36,29.88,29.02,31.28,31.23,30.5,0.17,29.61,0.48,29.92,28.74,31.88,31.11,30.84,-0.21,30.09,0.22,30.51,29.27,31.45,30.48,31.77,-0.2,30.67,-0.12,31.06,29.54,32.7,31.29,32.17,0.38,30.44,-0.08,31.52,30.21,33.17,32.07,32.87,0.55,31.08,1.22,32.52,30.47,34.11,32.25,32.87,0.55,31.08,1.22,32.52,30.47,34.11,32.25,28.86,27.7,24.43,28.46,28.23,44.17,41.5,39.17,8/25/25,28.22,24.43,3.789999999999999,19.432120674356696,False,True,False,True,True,False,Neutral,Neutral,0.0
LIN,2025-08-25T07:25:29.088495,15.61,1.54,15.57,1.07,13.63,13.22,22.55,20.87,15.61,1.54,15.57,1.07,13.63,13.22,22.55,20.87,15.61,1.54,15.57,1.07,13.63,13.22,22.55,20.87,15.71,1.49,15.62,0.93,13.63,13.22,21.42,20.01,16.2,0.85,16.0,-0.01,15.95,15.11,19.42,18.5,16.89,0.61,16.67,0.16,17.53,16.25,18.86,17.99,17.59,0.54,17.08,0.14,18.01,16.65,19.25,18.24,17.94,0.45,17.31,0.11,18.2,16.84,19.47,18.39,18.0,0.32,17.38,0.09,18.29,17.04,19.61,18.51,18.59,0.42,17.64,-0.18,18.64,17.66,19.55,18.92,19.12,0.35,18.17,-0.17,19.14,18.29,19.53,18.86,20.09,0.25,18.94,-0.33,20.65,19.53,20.1,18.99,20.09,0.25,18.94,-0.33,20.65,19.53,20.1,18.99,6.43,11.9,11.93,12.27,13.94,21.47,20.5,19.89,8/25/25,15.71,11.93,3.780000000000001,0.9316770186335415,False,True,False,True,True,False,Neutral,Neutral,0.0
MA,2025-08-25T07:24:56.128835,16.52,1.51,16.46,1.03,18.05,17.66,33.6,31.78,16.73,1.72,16.62,1.2,18.05,17.66,30.25,28.13,17.0,0.77,16.85,0.81,17.56,17.25,26.4,25.06,17.36,0.67,17.16,0.55,17.45,17.52,23.92,22.51,19.16,0.55,18.8,0.59,18.99,18.57,22.58,20.83,21.0,0.23,20.41,0.51,20.46,20.04,22.32,20.72,20.51,-0.16,19.99,0.21,20.62,20.04,22.47,21.04,20.49,-0.01,19.86,0.19,20.63,19.92,22.55,21.21,21.2,0.13,20.33,0.23,21.36,20.36,22.48,21.06,22.03,0.25,20.81,0.01,22.1,20.76,23.25,21.66,22.49,0.23,21.28,0.15,22.73,21.23,23.71,21.8,23.92,0.3,21.89,-0.23,24.04,21.97,24.61,22.48,23.92,0.3,21.89,-0.23,24.04,21.97,24.61,22.48,9.09,15.81,13.59,21.84,20.88,26.94,25.28,24.09,8/25/25,17.36,13.59,3.7699999999999996,3.3717834960070974,False,True,False,True,True,False,Neutral,Neutral,0.0
QQQ,2025-08-25T07:31:55.729371,14.74,1.21,14.73,1.2,12.66,12.55,15.85,15.74,15.3,0.21,15.05,0.1,15.19,14.97,15.56,15.76,16.43,0.85,16.25,0.87,14.92,14.75,15.94,15.79,16.44,0.53,16.29,0.57,15.26,15.05,16.25,16.01,17.49,0.49,17.19,0.47,16.51,16.25,17.2,16.89,18.1,0.21,17.72,0.2,17.74,17.35,18.23,17.86,18.65,0.18,18.13,0.12,18.48,18.01,19.07,18.73,18.97,0.2,18.35,0.1,18.82,18.3,19.67,19.13,19.41,0.19,18.69,0.06,19.23,18.64,19.77,19.27,20.45,0.21,19.43,-0.01,20.22,19.41,20.75,19.96,21.11,0.22,19.9,-0.03,20.78,19.84,21.34,20.31,22.8,0.46,20.68,-0.26,22.32,20.89,22.81,21.19,23.16,0.55,20.76,-0.33,22.57,21.0,22.95,21.34,13.61,15.15,12.74,11.96,16.82,28.65,27.15,26.05,8/25/25,16.44,12.74,3.700000000000001,2.011239278320025,False,True,False,True,True,False,Neutral,Neutral,0.0
TSLA,2025-08-25T07:26:35.683333,45.54,2.73,45.47,2.79,42.87,42.51,72.7,70.03,46.02,3.21,45.89,3.22,42.87,42.51,64.8,62.64,46.56,2.08,46.4,2.21,42.58,42.25,59.78,57.96,46.82,1.37,46.66,1.56,43.74,43.33,56.69,55.05,49.9,1.13,49.58,1.38,47.15,46.51,53.33,51.95,52.3,0.51,51.87,0.86,50.72,49.91,53.79,52.42,51.79,0.42,51.25,0.66,51.15,50.25,55.36,53.91,52.24,0.32,51.59,0.71,51.54,50.4,54.72,53.27,53.18,0.12,52.42,0.56,52.59,51.29,54.71,53.16,54.31,0.05,53.27,0.33,54.14,52.52,55.89,53.84,54.73,-0.14,53.44,0.29,54.32,52.62,55.47,53.75,55.85,-0.05,53.51,-0.05,55.65,52.96,57.23,54.28,56.1,0.12,53.43,-0.15,55.76,52.93,57.5,54.29,39.75,37.16,43.56,58.11,58.39,74.65,70.96,70.45,8/25/25,46.82,43.56,3.259999999999998,46.93877551020408,False,False,True,False,False,True,Neutral,Neutral,0.0
XLE,2025-08-25T07:31:57.877664,16.84,0.4,16.8,0.5,21.48,21.79,19.88,19.73,17.26,0.82,17.17,0.88,21.48,21.79,21.13,20.92,17.78,0.82,17.55,1.04,20.39,20.0,21.0,20.55,18.38,0.38,18.63,0.75,20.84,20.68,20.83,20.23,18.72,0.21,18.76,0.21,21.45,21.43,21.45,21.02,19.36,0.16,19.25,0.28,21.63,21.57,22.03,21.46,19.88,0.33,19.79,0.31,21.7,21.49,21.98,21.69,20.12,0.08,20.07,0.16,21.95,21.81,21.85,21.45,20.55,0.13,20.33,0.1,21.78,21.75,22.56,22.34,21.35,0.02,21.15,0.28,21.97,21.66,22.59,21.63,21.59,0.12,21.23,-0.02,22.07,21.79,22.19,21.78,22.04,0.7,21.38,0.0,22.27,21.47,22.19,21.58,22.08,1.14,21.26,0.41,21.91,21.55,22.17,21.58,13.41,15.15,15.27,18.12,19.35,30.26,28.9,27.43,8/25/25,18.38,15.27,3.1099999999999994,4.8802129547471145,False,False,True,True,False,True,Neutral,Neutral,0.0
V,2025-08-25T07:26:23.973310,17.85,1.48,17.81,0.91,19.12,18.93,35.1,33.62,17.87,1.5,17.72,0.83,19.12,18.93,30.26,29.17,18.25,1.26,18.12,0.09,18.73,18.67,27.11,26.31,18.8,1.19,18.78,0.81,18.84,18.98,25.28,24.42,20.26,0.94,20.11,1.0,19.96,19.47,23.19,22.52,21.46,0.61,21.23,0.6,21.28,20.83,22.58,21.95,21.45,0.54,21.12,0.83,21.63,21.0,23.15,22.4,21.67,0.59,21.19,0.6,21.7,20.95,23.13,22.12,22.34,0.7,21.71,0.65,22.28,21.45,22.65,21.78,22.61,0.75,21.76,0.26,22.86,21.79,23.28,22.06,22.91,0.64,21.98,0.25,23.26,22.06,23.7,22.38,24.44,0.61,22.69,-0.03,24.77,22.99,24.81,23.04,24.79,0.7,22.71,-0.2,24.89,23.08,24.96,23.18,13.16,18.19,16.03,21.76,21.02,27.03,25.05,23.74,8/25/25,18.8,16.03,2.7699999999999996,5.501330967169477,False,False,True,True,False,True,Neutral,Neutral,0.0
MS,2025-08-25T07:27:08.625951,21.51,1.09,21.43,1.43,23.18,23.02,22.88,22.99,21.9,1.48,21.78,1.78,23.18,23.02,22.65,22.28,22.33,1.05,22.18,1.12,22.5,22.1,22.89,22.39,22.59,0.69,22.38,0.69,23.36,22.94,22.76,21.48,26.25,0.3,25.98,0.56,26.67,26.01,23.33,22.92,25.87,0.47,25.58,0.77,26.18,25.5,25.06,24.31,25.52,0.31,25.25,0.68,25.84,25.11,24.96,24.2,25.99,-0.35,25.76,0.55,26.81,25.63,25.23,24.37,25.96,-0.21,25.64,0.54,26.89,25.64,26.02,24.95,26.55,0.09,25.92,0.47,27.26,25.89,26.86,25.44,26.75,-0.32,26.01,0.44,27.62,26.11,27.24,25.71,27.16,-0.65,26.45,0.03,28.75,26.62,28.43,26.15,27.28,-0.55,26.47,-0.06,28.81,26.63,28.54,26.14,23.47,21.97,19.9,17.37,21.81,36.94,34.84,34.08,8/25/25,22.59,19.9,2.6900000000000013,11.106181603076012,False,False,True,True,False,True,Neutral,Neutral,0.0
PGR,2025-08-25T07:31:19.560406,21.42,1.83,21.22,1.97,24.93,24.39,21.34,20.04,21.56,1.98,21.78,2.53,24.93,24.39,21.06,19.93,22.42,0.99,22.5,1.34,22.93,22.22,20.38,20.61,22.39,0.18,22.68,-0.01,23.61,22.77,21.42,21.87,24.16,0.01,23.99,0.21,24.53,22.68,21.7,22.34,23.93,-0.89,24.02,-0.15,24.7,23.28,22.98,24.02,24.93,0.84,24.62,-0.05,24.33,24.33,23.59,24.81,25.42,1.96,24.84,-0.16,23.99,25.12,23.1,25.16,25.5,3.59,24.64,-0.82,23.07,25.3,22.73,25.39,25.74,3.02,25.37,-0.96,23.11,26.12,22.41,25.58,25.94,2.88,24.96,-1.3,23.98,26.18,23.55,25.78,26.35,3.41,24.95,-1.67,23.36,26.4,23.4,26.08,26.35,3.41,24.95,-1.67,23.36,26.4,23.4,26.08,20.41,21.21,19.73,22.03,22.73,27.76,26.79,25.96,8/25/25,22.39,19.73,2.66,10.810411120970127,False,False,True,True,False,True,Neutral,Neutral,0.0
PG,2025-08-25T07:26:43.439913,16.69,1.09,16.83,1.13,17.29,16.93,28.85,28.76,16.68,1.09,16.72,1.02,17.29,16.93,25.83,24.55,16.82,0.2,16.84,0.19,16.99,16.98,23.22,21.84,18.73,2.06,18.24,1.8,15.89,16.96,21.81,20.48,20.18,0.25,19.73,0.87,19.54,18.84,20.85,19.7,19.95,0.49,19.59,1.15,19.88,19.26,21.3,19.91,19.72,0.37,19.31,0.87,19.92,19.26,20.87,19.41,19.64,0.31,19.24,0.77,19.95,19.24,20.6,19.11,19.77,0.09,19.53,0.83,20.12,19.27,20.43,18.93,20.23,0.28,19.28,0.56,20.43,19.13,20.36,18.92,19.88,-0.49,19.39,0.54,20.47,19.09,20.36,18.77,21.02,0.24,19.4,0.1,21.32,19.48,20.67,18.77,21.02,0.24,19.4,0.1,21.32,19.48,20.67,18.77,12.52,15.59,16.14,15.08,17.64,19.94,20.6,19.92,8/25/25,18.73,16.14,2.59,5.397811298432417,False,False,True,True,False,True,Neutral,Neutral,0.0
GS,2025-08-25T07:24:40.758584,23.53,1.16,23.54,1.54,23.22,22.87,24.13,23.97,23.96,1.59,24.02,2.02,23.22,22.87,23.56,23.61,24.51,1.12,24.52,1.72,23.1,23.0,23.61,23.64,24.68,0.73,24.59,1.49,24.17,23.63,23.1,23.25,27.03,0.22,26.76,0.51,26.76,26.63,24.3,24.04,26.63,0.17,26.27,0.2,26.33,26.25,26.1,25.61,26.68,0.06,26.25,0.48,26.03,25.49,26.21,25.73,27.15,0.08,26.65,0.38,26.97,26.21,26.28,25.4,26.97,-0.06,26.45,0.23,26.76,26.07,26.88,26.12,27.16,0.28,26.52,0.45,27.32,26.57,27.7,26.42,27.32,0.11,26.68,0.27,27.55,26.51,27.95,26.52,27.89,0.02,26.77,-0.24,28.32,27.19,28.53,26.99,27.89,0.02,26.77,-0.24,28.32,27.19,28.53,26.99,29.06,24.17,22.17,21.17,23.17,37.02,34.82,33.76,8/25/25,24.68,22.17,2.509999999999998,14.19698314108252,False,False,True,True,False,True,Neutral,Neutral,0.0
AZO,2025-08-25T07:24:04.510413,21.7,1.34,21.24,0.07,21.57,21.07,22.8,22.12,21.7,1.34,21.24,0.07,21.57,21.07,22.8,22.12,21.7,1.34,21.24,0.07,21.57,21.07,22.8,22.12,22.93,1.96,22.54,0.84,21.57,21.07,22.34,21.66,25.52,0.8,25.21,0.28,25.1,24.29,21.82,21.12,25.82,0.54,25.4,0.19,26.09,25.08,23.88,22.99,25.88,0.35,25.38,0.05,26.53,25.42,24.85,23.87,25.56,0.34,24.84,0.06,26.28,24.94,25.39,24.36,25.7,0.26,24.93,0.11,26.33,24.9,25.32,24.14,25.45,0.18,24.38,0.03,26.26,24.59,25.3,23.91,25.31,0.33,23.97,0.02,25.97,24.17,25.36,23.85,25.86,0.43,24.19,0.03,26.21,24.18,25.28,23.65,25.86,0.43,24.19,0.03,26.21,24.18,25.28,23.65,16.05,20.98,20.6,21.46,21.96,24.09,22.91,22.24,8/25/25,22.93,20.6,2.3299999999999983,11.608991422656018,False,False,True,True,False,True,Neutral,Neutral,0.0
FICO,2025-08-25T07:24:10.334179,37.66,4.39,37.79,1.82,39.52,38.76,48.54,45.21,37.66,4.39,37.79,1.82,39.52,38.76,48.54,45.21,37.66,4.39,37.79,1.82,39.52,38.76,48.54,45.21,37.85,4.1,37.91,1.78,39.52,38.76,46.32,43.68,38.71,1.66,38.58,1.07,38.82,38.4,42.32,40.9,39.83,1.3,39.59,0.43,40.48,40.06,40.2,38.81,40.21,1.0,39.87,-0.04,41.45,41.01,40.42,39.06,39.96,0.78,39.33,-0.2,40.94,40.45,40.53,39.18,40.87,0.3,40.18,-0.37,41.92,41.11,40.31,38.69,40.22,0.17,39.28,-0.43,41.52,40.41,40.05,38.13,39.24,0.23,38.16,-0.11,40.26,39.17,39.57,37.56,39.78,0.41,38.4,-0.1,40.51,39.02,40.27,37.86,39.78,0.41,38.4,-0.1,40.51,39.02,40.27,37.86,31.48,41.9,35.61,40.13,53.35,53.23,49.58,47.08,8/25/25,37.85,35.61,2.240000000000002,33.673469387755105,False,False,True,False,False,True,Neutral,Neutral,0.0
TDY,2025-08-25T07:25:15.541775,20.14,0.24,20.14,0.24,20.68,20.69,20.49,20.49,20.14,0.24,20.14,0.24,20.68,20.69,20.49,20.49,20.14,0.24,20.14,0.24,20.68,20.69,20.49,20.49,19.81,0.0,19.86,0.05,20.68,20.69,20.44,20.34,19.47,0.18,19.45,0.2,20.07,20.28,20.41,20.12,20.44,0.52,20.01,0.28,20.81,20.79,20.93,20.4,20.9,0.67,20.25,0.29,21.25,21.09,21.18,20.54,21.09,0.55,20.24,0.11,21.46,21.13,21.34,20.62,21.22,0.47,20.23,-0.01,21.6,21.13,21.52,20.69,21.68,0.42,20.66,0.17,22.07,21.3,21.75,20.78,21.92,0.51,20.58,-0.12,22.03,21.28,21.75,20.78,22.4,0.6,20.72,-0.16,22.49,21.39,21.75,20.78,22.4,0.6,20.72,-0.16,22.49,21.39,21.75,20.78,17.49,14.57,17.63,15.19,16.51,24.93,24.97,23.6,8/25/25,19.81,17.63,2.1799999999999997,6.994971901804198,False,False,True,True,False,True,Neutral,Neutral,0.0
