Ticker,Strategy,Expiration,Strike,Option_Type,Bid,Ask,Spread_Pct,Open_Interest,Volume,Delta,Rejection_Reason
BKNG,Long Call,,3500.0,call,1944.0,1975.0,1.5820362337330953,0,0,0.9999996352418078,OI_Below_5
BKNG,Long Call,,3500.0,put,0.2,17.0,195.34883720930233,0,0,-3.647581922e-07,OI_Below_5
BKNG,Long Call,,3550.0,call,1893.5,1926.8,1.7433185875454782,0,0,0.9999991999114215,OI_Below_5
BKNG,Long Call,,3550.0,put,0.2,17.0,195.34883720930233,0,0,-8.000885785e-07,OI_Below_5
BKNG,Long Call,,3600.0,call,1844.0,1877.2,1.7843706331291005,0,0,0.9999982356404814,OI_Below_5
BKNG,Long Call,,3600.0,put,0.2,17.0,195.34883720930233,0,0,-1.7643595186e-06,OI_Below_5
BKNG,Long Call,,3650.0,call,1796.0,1827.6,1.7441218677558181,0,0,0.9999962312817269,OI_Below_5
BKNG,Long Call,,3650.0,put,0.2,17.0,195.34883720930233,0,0,-3.7687182731e-06,OI_Below_5
BKNG,Long Call,,3700.0,call,1744.6,1778.0,1.8963265769602051,0,0,0.9999922365890327,OI_Below_5
BKNG,Long Call,,3700.0,put,0.2,17.0,195.34883720930233,0,0,-7.7634109673e-06,OI_Below_5
BKNG,Long Call,,3720.0,call,1724.9,1756.6,1.8210541433290144,0,0,0.9999899521385085,OI_Below_5
BKNG,Long Call,,3720.0,put,0.2,17.1,195.37572254335262,0,0,-1.00478614915e-05,OI_Below_5
BKNG,Long Call,,3740.0,put,0.2,17.1,195.37572254335262,0,0,-1.31230918375e-05,OI_Below_5
BKNG,Long Call,,3740.0,call,1705.0,1737.0,1.8593840790238232,0,0,0.9999868769081625,OI_Below_5
BKNG,Long Call,,3750.0,call,1696.0,1728.4,1.8923023011330504,0,0,0.9999868612737971,OI_Below_5
BKNG,Long Call,,3750.0,put,0.2,17.1,195.37572254335262,0,0,-1.31387262029e-05,OI_Below_5
BKNG,Long Call,,3760.0,call,1685.1,1718.5,1.962627805852632,0,0,0.9999868505051154,OI_Below_5
BKNG,Long Call,,3760.0,put,0.2,17.1,195.37572254335262,0,0,-1.31494948846e-05,OI_Below_5
BKNG,Long Call,,3780.0,call,1668.0,1697.1,1.7295176963537433,0,0,0.9999868439681223,OI_Below_5
BKNG,Long Call,,3780.0,put,0.2,17.1,195.37572254335262,0,0,-1.31560318777e-05,OI_Below_5
BKNG,Long Call,,3800.0,call,1648.0,1677.5,1.7741692978499473,0,0,0.9999856269881416,OI_Below_5
BKNG,Long Call,,3800.0,put,0.2,17.1,195.37572254335262,0,0,-1.43730118584e-05,OI_Below_5
BKNG,Long Call,,3820.0,call,1628.0,1656.3,1.7233504856438178,0,0,0.9999845034225276,OI_Below_5
BKNG,Long Call,,3820.0,put,0.0,9.3,200.0,0,0,-1.54965774724e-05,No_Bid
BKNG,Long Call,,3840.0,put,0.0,9.5,200.0,0,0,-2.00426340571e-05,No_Bid
BKNG,Long Call,,3840.0,call,1608.0,1636.5,1.7568192325473881,0,0,0.9999799573659429,OI_Below_5
BKNG,Long Call,,3850.0,call,1600.0,1626.6,1.648794396578436,0,0,0.9999792028008032,OI_Below_5
BKNG,Long Call,,3850.0,put,0.0,10.8,200.0,0,0,-2.07971991968e-05,No_Bid
BKNG,Long Call,,3860.0,call,1588.0,1616.7,1.7911192935376197,0,0,0.9999741982025668,OI_Below_5
BKNG,Long Call,,3860.0,put,0.0,9.4,200.0,0,0,-2.58017974332e-05,No_Bid
BKNG,Long Call,,3880.0,call,1568.0,1596.8,1.8200202224469129,0,0,0.9999673486555931,OI_Below_5
BKNG,Long Call,,3880.0,put,0.0,9.5,200.0,0,0,-3.26513444069e-05,No_Bid
BKNG,Long Call,,3900.0,call,1548.7,1577.0,1.810794382058416,0,0,0.9999590286326713,OI_Below_5
BKNG,Long Call,,3900.0,put,0.0,9.6,200.0,0,0,-4.09713673287e-05,No_Bid
BKNG,Long Call,,3920.0,call,1532.0,1557.2,1.6314903534895797,0,0,0.9999515665067152,OI_Below_5
BKNG,Long Call,,3920.0,put,0.0,11.1,200.0,0,0,-4.84334932848e-05,No_Bid
BKNG,Long Call,,3940.0,put,0.0,9.9,200.0,0,0,-6.4618966051e-05,No_Bid
BKNG,Long Call,,3940.0,call,1508.0,1537.4,1.930780849806271,0,0,0.999935381033949,OI_Below_5
BKNG,Long Call,,3950.0,put,0.0,11.2,200.0,0,0,-6.68774217042e-05,No_Bid
BKNG,Long Call,,3950.0,call,1500.0,1527.5,1.8166804293971925,0,0,0.9999331225782958,OI_Below_5
BKNG,Long Call,,3960.0,call,1492.0,1517.6,1.7012227538543268,0,0,0.999918048514495,OI_Below_5
BKNG,Long Call,,3960.0,put,0.0,9.8,200.0,0,0,-8.1951485505e-05,No_Bid
BKNG,Long Call,,3980.0,call,1468.0,1500.5,2.1896580764695974,0,0,0.9998972867781091,OI_Below_5
BKNG,Long Call,,3980.0,put,0.0,9.9,200.0,0,0,-0.0001027132218909,No_Bid
BKNG,Long Call,,4000.0,call,1448.0,1480.7,2.2330726943695187,0,0,0.9998803134571499,OI_Below_5
BKNG,Long Call,,4000.0,put,0.0,11.5,200.0,0,0,-0.0001196865428501,No_Bid
BKNG,Long Call,,4020.0,put,0.0,11.6,200.0,0,0,-0.0001453061575132,No_Bid
BKNG,Long Call,,4020.0,call,1428.0,1460.9,2.277683547370978,0,0,0.9998546938424868,OI_Below_5
BKNG,Long Call,,4040.0,call,1408.0,1441.1,2.32354076725983,0,0,0.9998196411092077,OI_Below_5
BKNG,Long Call,,4040.0,put,0.0,11.7,200.0,0,0,-0.0001803588907923,No_Bid
BKNG,Long Call,,4050.0,call,1400.0,1429.5,2.0851740590210284,0,0,0.9998011101832147,OI_Below_5
BKNG,Long Call,,4050.0,put,0.0,11.8,200.0,0,0,-0.0001988898167853,No_Bid
BKNG,Long Call,,4060.0,call,1388.0,1421.3,2.370697326736194,0,0,0.999777633535811,OI_Below_5
BKNG,Long Call,,4060.0,put,0.0,11.8,200.0,0,0,-0.000222366464189,No_Bid
BKNG,Long Call,,4080.0,put,0.0,12.0,200.0,0,0,-0.0002747989980493,No_Bid
BKNG,Long Call,,4080.0,call,1368.1,1401.5,2.4119006354708326,0,0,0.9997252010019507,OI_Below_5
BKNG,Long Call,,4100.0,call,1348.3,1380.3,2.34552517774683,0,0,0.9996708949500124,OI_Below_5
BKNG,Long Call,,4100.0,put,0.0,12.1,200.0,0,0,-0.0003291050499876,No_Bid
BKNG,Long Call,,4120.0,put,0.0,12.2,200.0,0,0,-0.000404547682815,No_Bid
BKNG,Long Call,,4120.0,call,1328.5,1360.5,2.38006693938267,0,0,0.999595452317185,OI_Below_5
BKNG,Long Call,,4140.0,call,1308.8,1342.2,2.5198038476046842,0,0,0.9995085723911643,OI_Below_5
BKNG,Long Call,,4140.0,put,0.0,12.4,200.0,0,0,-0.0004914276088357,No_Bid
BKNG,Long Call,,4150.0,call,1300.0,1332.3,2.4541275690460775,0,0,0.9994566652422296,OI_Below_5
BKNG,Long Call,,4150.0,put,0.0,12.5,200.0,0,0,-0.0005433347577704,No_Bid
BKNG,Long Call,,4160.0,call,1292.0,1320.0,2.1439509954058193,0,0,0.9994029120341794,OI_Below_5
BKNG,Long Call,,4160.0,put,0.0,12.5,200.0,0,0,-0.0005970879658206,No_Bid
BKNG,Long Call,,4180.0,put,0.0,12.7,200.0,0,0,-0.0007084386298047,No_Bid
BKNG,Long Call,,4180.0,call,1272.0,1301.2,2.269547644955701,0,0,0.9992915613701953,OI_Below_5
BKNG,Long Call,,4200.0,call,1252.0,1281.4,2.3209915528538794,0,0,0.999147751475531,OI_Below_5
BKNG,Long Call,,4200.0,put,0.0,12.9,200.0,0,0,-0.000852248524469,No_Bid
BKNG,Long Call,,4220.0,put,0.0,13.1,200.0,0,0,-0.0010244682145459,No_Bid
BKNG,Long Call,,4220.0,call,1232.0,1260.7,2.3027239539455246,0,0,0.9989755317854541,OI_Below_5
BKNG,Long Call,,4240.0,call,1212.0,1241.9,2.4369371205020656,0,0,0.9987806194610547,OI_Below_5
BKNG,Long Call,,4240.0,put,0.0,13.3,200.0,0,0,-0.0012193805389453,No_Bid
BKNG,Long Call,,4260.0,call,1192.0,1222.0,2.4855012427506216,0,0,0.9985653659519411,OI_Below_5
BKNG,Long Call,,4260.0,put,0.0,13.6,200.0,0,0,-0.0014346340480589,No_Bid
BKNG,Long Call,,4280.0,put,0.0,14.0,200.0,0,0,-0.0016986717939731,No_Bid
BKNG,Long Call,,4280.0,call,1172.0,1202.3,2.5523312134102643,0,0,0.9983013282060269,OI_Below_5
BKNG,Long Call,,4300.0,call,1152.0,1181.7,2.545314307751643,0,0,0.9979858765112786,OI_Below_5
BKNG,Long Call,,4300.0,put,0.0,14.3,200.0,0,0,-0.0020141234887214,No_Bid
BKNG,Long Call,,4320.0,call,1132.0,1164.4,2.8218080473785134,0,0,0.9976401380097917,OI_Below_5
BKNG,Long Call,,4320.0,put,0.0,14.9,200.0,0,0,-0.0023598619902083,No_Bid
BKNG,Long Call,,4340.0,call,1112.0,1144.6,2.8893024904723843,0,0,0.9972456883222767,OI_Below_5
BKNG,Long Call,,4340.0,put,0.0,15.0,200.0,0,0,-0.0027543116777233,No_Bid
BKNG,Long Call,,4360.0,call,1092.0,1123.5,2.843601895734597,0,0,0.9967805268690506,OI_Below_5
BKNG,Long Call,,4360.0,put,0.0,15.4,200.0,0,0,-0.0032194731309494,No_Bid
BKNG,Long Call,,4380.0,call,1072.0,1105.3,3.058834336104345,0,0,0.9962306485339635,OI_Below_5
BKNG,Long Call,,4380.0,put,0.0,15.8,200.0,0,0,-0.0037693514660365,No_Bid
BKNG,Long Call,,4400.0,call,1052.6,1085.6,3.086708446356749,0,0,0.9956383341837517,OI_Below_5
BKNG,Long Call,,4400.0,put,0.0,16.2,200.0,0,0,-0.0043616658162483,No_Bid
BKNG,Long Call,,4420.0,call,1036.4,1063.2,2.5528672128024334,0,0,0.994970913416971,OI_Below_5
BKNG,Long Call,,4420.0,put,0.0,16.7,200.0,0,0,-0.005029086583029,No_Bid
BKNG,Long Call,,4440.0,call,1017.7,1043.5,2.503396079953421,0,0,0.9941892888380356,OI_Below_5
BKNG,Long Call,,4440.0,put,0.0,17.1,200.0,0,0,-0.0058107111619644,No_Bid
BKNG,Long Call,,4460.0,call,998.6,1023.9,2.501854140914705,0,0,0.9932869285423148,OI_Below_5
BKNG,Long Call,,4460.0,put,0.0,17.9,200.0,0,0,-0.0067130714576852,No_Bid
BKNG,Long Call,,4480.0,call,978.4,1004.0,2.5827280064568225,0,0,0.9922851533138185,OI_Below_5
BKNG,Long Call,,4480.0,put,0.0,18.2,200.0,0,0,-0.0077148466861815,No_Bid
BKNG,Long Call,,4500.0,call,958.8,984.0,2.5941939468807953,0,0,0.9911841435910435,OI_Below_5
BKNG,Long Call,,4500.0,put,0.0,18.7,200.0,0,0,-0.0088158564089565,No_Bid
BKNG,Long Call,,4520.0,call,940.0,964.0,2.5210084033613445,0,0,0.989905065435315,OI_Below_5
BKNG,Long Call,,4520.0,put,0.0,19.3,200.0,0,0,-0.010094934564685,No_Bid
BKNG,Long Call,,4540.0,put,0.55,19.9,189.24205378973105,0,0,-0.0119610525655892,OI_Below_5
BKNG,Long Call,,4540.0,call,920.0,945.5,2.733851514339319,0,0,0.9880389474344108,OI_Below_5
BKNG,Long Call,,4550.0,call,909.8,935.7,2.8068274180439006,0,0,0.9876825947578843,OI_Below_5
BKNG,Long Call,,4550.0,put,0.0,20.5,200.0,0,0,-0.0123174052421157,No_Bid
BKNG,Long Call,,4560.0,call,900.0,925.9,2.8369571170381707,0,0,0.9868674982586404,OI_Below_5
BKNG,Long Call,,4560.0,put,0.0,20.8,200.0,0,0,-0.0131325017413596,No_Bid
BKNG,Long Call,,4570.0,call,890.2,916.0,2.8568264865463355,0,0,0.9860726292517032,OI_Below_5
BKNG,Long Call,,4570.0,put,0.0,20.9,200.0,0,0,-0.0139273707482968,No_Bid
BKNG,Long Call,,4580.0,call,880.5,906.4,2.898875146902454,0,0,0.9851633665958133,OI_Below_5
BKNG,Long Call,,4580.0,put,0.0,21.5,200.0,0,0,-0.0148366334041867,No_Bid
BKNG,Long Call,,4590.0,call,870.7,896.0,2.8640969038319977,0,0,0.98384041967825,OI_Below_5
BKNG,Long Call,,4590.0,put,1.3,19.3,174.75728155339806,0,0,-0.01615958032175,OI_Below_5
BKNG,Long Call,,4600.0,call,860.9,886.8,2.963895405389939,0,0,0.9831717505554878,OI_Below_5
BKNG,Long Call,,4600.0,put,0.0,22.0,200.0,0,0,-0.0168282494445122,No_Bid
BKNG,Long Call,,4610.0,call,851.7,877.1,2.9384544192503443,0,0,0.9772997965052118,OI_Below_5
BKNG,Long Call,,4610.0,put,0.05,22.6,199.1169977924945,0,0,-0.0227002034947882,OI_Below_5
BKNG,Long Call,,4620.0,call,841.5,867.4,3.0311896541634944,0,0,0.9766508717570017,OI_Below_5
BKNG,Long Call,,4620.0,put,0.05,22.7,199.1208791208791,0,0,-0.0233491282429983,OI_Below_5
BKNG,Long Call,,4630.0,call,832.0,857.4,3.0069847283059046,0,0,0.9766043249203428,OI_Below_5
BKNG,Long Call,,4630.0,put,0.05,23.1,199.13606911447084,0,0,-0.0233956750796572,OI_Below_5
BKNG,Long Call,,4640.0,put,2.15,23.6,166.60194174757282,0,0,-0.0239866774092379,OI_Below_5
BKNG,Long Call,,4640.0,call,822.0,848.0,3.1137724550898205,0,0,0.9760133225907621,OI_Below_5
BKNG,Long Call,,4650.0,call,812.3,838.3,3.150369562583303,0,0,0.9712385554338278,OI_Below_5
BKNG,Long Call,,4650.0,put,0.05,24.0,199.16839916839913,0,0,-0.0287614445661722,OI_Below_5
BKNG,Long Call,,4660.0,call,802.7,828.0,3.1029619181946346,0,0,0.9709631991350268,OI_Below_5
BKNG,Long Call,,4660.0,put,0.05,24.4,199.18200408997956,0,0,-0.0290368008649732,OI_Below_5
BKNG,Long Call,,4670.0,call,793.0,818.9,3.213598858489978,0,0,0.9704811248286269,OI_Below_5
BKNG,Long Call,,4670.0,put,0.25,24.9,196.0238568588469,0,0,-0.0295188751713731,OI_Below_5
BKNG,Long Call,,4680.0,call,783.3,809.3,3.2651010925530586,0,0,0.9696655278764936,OI_Below_5
BKNG,Long Call,,4680.0,put,0.05,25.4,199.21414538310412,0,0,-0.0303344721235064,OI_Below_5
BKNG,Long Call,,4690.0,call,773.7,799.6,3.2924426364965327,0,0,0.9689140951014623,OI_Below_5
BKNG,Long Call,,4690.0,put,3.0,25.7,158.18815331010452,0,0,-0.0310859048985377,OI_Below_5
BKNG,Long Call,,4700.0,call,766.7,790.0,2.9935119162330515,0,0,0.9651942880457386,OI_Below_5
BKNG,Long Call,,4700.0,put,0.7,24.2,188.7550200803213,0,0,-0.0348057119542614,OI_Below_5
BKNG,Long Call,,4710.0,call,754.4,780.0,3.3368091762252376,0,0,0.9640529673482517,OI_Below_5
BKNG,Long Call,,4710.0,put,0.8,27.2,188.57142857142856,0,0,-0.0359470326517483,OI_Below_5
BKNG,Long Call,,4720.0,call,747.4,770.7,3.069626506817742,0,0,0.9619590861760153,OI_Below_5
BKNG,Long Call,,4720.0,put,0.95,25.5,185.63327032136107,0,0,-0.0380409138239847,OI_Below_5
BKNG,Long Call,,4730.0,call,735.2,761.1,3.461872619127177,0,0,0.960528205593767,OI_Below_5
BKNG,Long Call,,4730.0,put,0.05,26.6,199.24953095684802,0,0,-0.039471794406233,OI_Below_5
BKNG,Long Call,,4740.0,put,2.3,28.6,170.2265372168285,0,0,-0.0405268582000362,OI_Below_5
BKNG,Long Call,,4740.0,call,720.7,751.5,4.18421410134492,0,0,0.9594731417999638,OI_Below_5
BKNG,Long Call,,4750.0,put,2.55,23.9,161.43667296786387,0,0,-0.0432097932720065,OI_Below_5
BKNG,Long Call,,4750.0,call,713.6,741.9,3.8886980419099904,0,0,0.9567902067279935,OI_Below_5
BKNG,Long Call,,4760.0,call,706.4,732.4,3.6141228801779257,0,0,0.9546965296966134,OI_Below_5
BKNG,Long Call,,4760.0,put,2.85,24.0,157.54189944134077,0,0,-0.0453034703033866,OI_Below_5
BKNG,Long Call,,4770.0,call,696.9,722.8,3.6486581672184237,0,0,0.9523562355884138,OI_Below_5
BKNG,Long Call,,4770.0,put,2.9,24.6,157.81818181818184,0,0,-0.0476437644115862,OI_Below_5
BKNG,Long Call,,4780.0,call,687.3,713.3,3.712694559474511,0,0,0.9501707555734529,OI_Below_5
BKNG,Long Call,,4780.0,put,3.4,24.9,151.9434628975265,0,0,-0.0498292444265471,OI_Below_5
BKNG,Long Call,,4790.0,call,677.8,703.8,3.763752171395484,0,0,0.9479571601577672,OI_Below_5
BKNG,Long Call,,4790.0,put,3.7,25.5,149.3150684931507,0,0,-0.0520428398422328,OI_Below_5
BKNG,Long Call,,4800.0,call,668.6,694.3,3.771369873064778,0,0,0.9457361935542302,OI_Below_5
BKNG,Long Call,,4800.0,put,4.1,26.0,145.51495016611292,0,0,-0.0542638064457698,OI_Below_5
BKNG,Long Call,,4810.0,call,658.8,684.9,3.8847957133288724,0,0,0.9432249915826175,OI_Below_5
BKNG,Long Call,,4810.0,put,4.5,26.6,142.12218649517686,0,0,-0.0567750084173825,OI_Below_5
BKNG,Long Call,,4820.0,call,649.4,675.4,3.92512077294686,0,0,0.9405146769244296,OI_Below_5
BKNG,Long Call,,4820.0,put,4.8,27.2,140.0,0,0,-0.0594853230755704,OI_Below_5
BKNG,Long Call,,4830.0,call,640.0,666.0,3.9816232771822357,0,0,0.9378389893505147,OI_Below_5
BKNG,Long Call,,4830.0,put,5.2,27.8,136.969696969697,0,0,-0.0621610106494853,OI_Below_5
BKNG,Long Call,,4840.0,call,630.6,656.6,4.039776258545681,0,0,0.9351788758140974,OI_Below_5
BKNG,Long Call,,4840.0,put,5.7,28.5,133.33333333333331,0,0,-0.0648211241859026,OI_Below_5
BKNG,Long Call,,4850.0,put,5.9,29.4,133.1444759206799,0,0,-0.0677637910397526,OI_Below_5
BKNG,Long Call,,4850.0,call,621.7,647.0,3.9883345156459296,0,0,0.9322362089602474,OI_Below_5
BKNG,Long Call,,4860.0,call,612.0,637.7,4.112987116908065,0,0,0.9291521436124465,OI_Below_5
BKNG,Long Call,,4860.0,put,6.6,29.9,127.67123287671231,0,0,-0.0708478563875535,OI_Below_5
BKNG,Long Call,,4870.0,call,603.0,628.4,4.125385739808344,0,0,0.9259924344555063,OI_Below_5
BKNG,Long Call,,4870.0,put,7.1,30.7,124.86772486772489,0,0,-0.0740075655444937,OI_Below_5
BKNG,Long Call,,4880.0,call,593.7,619.1,4.1886543535620016,0,0,0.9227908992573131,OI_Below_5
BKNG,Long Call,,4880.0,put,7.4,31.7,124.29667519181584,0,0,-0.0772091007426869,OI_Below_5
BKNG,Long Call,,4890.0,call,584.1,609.9,4.3216080402009975,0,0,0.9196690750846305,OI_Below_5
BKNG,Long Call,,4890.0,put,8.2,32.4,119.21182266009853,0,0,-0.0803309249153695,OI_Below_5
BKNG,Long Call,,4900.0,call,575.2,600.6,4.320462663718315,0,0,0.9161455686899412,OI_Below_5
BKNG,Long Call,,4900.0,put,8.8,33.3,116.38954869358669,0,0,-0.0838544313100588,OI_Below_5
BKNG,Long Call,,4910.0,call,566.0,591.4,4.389148090547775,0,0,0.9121534176325142,OI_Below_5
BKNG,Long Call,,4910.0,put,9.4,31.3,107.6167076167076,0,0,-0.0878465823674858,OI_Below_5
BKNG,Long Call,,4920.0,call,556.8,582.3,4.477218856992363,0,0,0.9084911669020759,OI_Below_5
BKNG,Long Call,,4920.0,put,10.1,32.1,104.26540284360189,0,0,-0.0915088330979241,OI_Below_5
BKNG,Long Call,,4930.0,call,549.7,573.1,4.168151050944063,0,0,0.9048287234653593,OI_Below_5
BKNG,Long Call,,4930.0,put,10.8,33.3,102.04081632653062,0,0,-0.0951712765346407,OI_Below_5
BKNG,Long Call,,4940.0,call,540.6,564.0,4.2368278109722946,0,0,0.9007907424478773,OI_Below_5
BKNG,Long Call,,4940.0,put,11.5,34.2,99.34354485776807,0,0,-0.0992092575521227,OI_Below_5
BKNG,Long Call,,4950.0,put,11.6,39.7,109.55165692007797,0,0,-0.1030561765266862,OI_Below_5
BKNG,Long Call,,4950.0,call,531.5,555.0,4.325816843074091,0,0,0.8969438234733138,OI_Below_5
BKNG,Long Call,,4960.0,put,12.1,41.2,109.19324577861163,0,0,-0.1072863180852583,OI_Below_5
BKNG,Long Call,,4960.0,call,522.4,545.6,4.344569288389522,0,0,0.8927136819147417,OI_Below_5
BKNG,Long Call,,4970.0,call,513.4,537.0,4.493526275704498,0,0,0.8882285124836307,OI_Below_5
BKNG,Long Call,,4970.0,put,14.0,37.5,91.2621359223301,0,0,-0.1117714875163693,OI_Below_5
BKNG,Long Call,,4980.0,call,504.5,528.1,4.570985860933571,0,0,0.8838941638714707,OI_Below_5
BKNG,Long Call,,4980.0,put,13.9,39.9,96.6542750929368,0,0,-0.1161058361285293,OI_Below_5
BKNG,Long Call,,4990.0,call,493.1,519.2,5.156574138101357,0,0,0.8793207812539442,OI_Below_5
BKNG,Long Call,,4990.0,put,16.7,40.3,82.80701754385964,0,0,-0.1206792187460558,OI_Below_5
BKNG,Long Call,,5000.0,call,484.3,510.4,5.2478134110787105,0,0,0.8745186300188467,OI_Below_5
BKNG,Long Call,,5000.0,put,15.8,43.8,93.95973154362416,0,0,-0.1254813699811533,OI_Below_5
BKNG,Long Call,,5010.0,call,476.0,501.6,5.237315875613753,0,0,0.8697485430591234,OI_Below_5
BKNG,Long Call,,5010.0,put,16.9,45.2,91.14331723027377,0,0,-0.1302514569408766,OI_Below_5
BKNG,Long Call,,5020.0,put,17.9,46.8,89.3353941267388,0,0,-0.135063923119162,OI_Below_5
BKNG,Long Call,,5020.0,call,468.0,492.9,5.182641273805802,0,0,0.864936076880838,OI_Below_5
BKNG,Long Call,,5030.0,put,19.0,48.0,86.56716417910447,0,0,-0.1404033330088351,OI_Below_5
BKNG,Long Call,,5030.0,call,460.4,484.1,5.018528321863429,0,0,0.8595966669911649,OI_Below_5
BKNG,Long Call,,5040.0,call,449.2,475.6,5.709342560553641,0,0,0.8542206967332808,OI_Below_5
BKNG,Long Call,,5040.0,put,22.5,45.6,67.84140969162996,0,0,-0.1457793032667192,OI_Below_5
BKNG,Long Call,,5050.0,call,441.1,467.0,5.704217597180922,0,0,0.8489207323832377,OI_Below_5
BKNG,Long Call,,5050.0,put,21.3,51.1,82.32044198895028,0,0,-0.1510792676167623,OI_Below_5
BKNG,Long Call,,5060.0,call,432.0,458.4,5.929919137466302,0,0,0.8436068710056902,OI_Below_5
BKNG,Long Call,,5060.0,put,23.1,53.1,78.74015748031495,0,0,-0.1563931289943098,OI_Below_5
BKNG,Long Call,,5070.0,call,424.0,449.8,5.905241474021518,0,0,0.837881035279072,OI_Below_5
BKNG,Long Call,,5070.0,put,24.1,54.1,76.72634271099744,0,0,-0.162118964720928,OI_Below_5
BKNG,Long Call,,5080.0,put,25.6,55.6,73.89162561576354,0,0,-0.1680227285695176,OI_Below_5
BKNG,Long Call,,5080.0,call,417.2,441.4,5.637083624505006,0,0,0.8319772714304824,OI_Below_5
BKNG,Long Call,,5090.0,put,30.5,52.9,53.71702637889687,0,0,-0.1739651325699557,OI_Below_5
BKNG,Long Call,,5090.0,call,408.0,433.1,5.96837474735466,0,0,0.8260348674300443,OI_Below_5
BKNG,Long Call,,5100.0,call,398.6,424.7,6.340337665492522,0,0,0.8201160936171974,OI_Below_5
BKNG,Long Call,,5100.0,put,28.9,58.9,68.3371298405467,0,0,-0.1798839063828026,OI_Below_5
BKNG,Long Call,,5110.0,call,392.5,416.5,5.933250927070458,0,0,0.8138048199347112,OI_Below_5
BKNG,Long Call,,5110.0,put,29.6,59.2,66.66666666666666,0,0,-0.1861951800652888,OI_Below_5
BKNG,Long Call,,5120.0,call,381.6,408.3,6.760349411317884,0,0,0.8073644635784754,OI_Below_5
BKNG,Long Call,,5120.0,put,31.3,61.3,64.79481641468682,0,0,-0.1926355364215246,OI_Below_5
BKNG,Long Call,,5130.0,put,35.7,65.7,59.17159763313609,0,0,-0.1988508290318164,OI_Below_5
BKNG,Long Call,,5130.0,call,373.4,400.1,6.903684550743386,0,0,0.8011491709681836,OI_Below_5
BKNG,Long Call,,5140.0,call,365.3,392.1,7.076841827303937,0,0,0.7945357835697741,OI_Below_5
BKNG,Long Call,,5140.0,put,40.2,62.2,42.96875,0,0,-0.2054642164302259,OI_Below_5
BKNG,Long Call,,5150.0,call,360.0,384.1,6.477623975272147,0,0,0.7879324659422944,OI_Below_5
BKNG,Long Call,,5150.0,put,37.8,67.3,56.137012369172226,0,0,-0.2120675340577056,OI_Below_5
BKNG,Long Call,,5160.0,call,352.0,376.2,6.646525679758304,0,0,0.7809711179484298,OI_Below_5
BKNG,Long Call,,5160.0,put,41.3,68.8,49.95458673932789,0,0,-0.2190288820515702,OI_Below_5
BKNG,Long Call,,5170.0,call,341.3,368.3,7.609921082299886,0,0,0.7739174811461963,OI_Below_5
BKNG,Long Call,,5170.0,put,42.8,70.8,49.29577464788733,0,0,-0.2260825188538037,OI_Below_5
BKNG,Long Call,,5180.0,call,336.0,360.5,7.035175879396985,0,0,0.7669892982695286,OI_Below_5
BKNG,Long Call,,5180.0,put,45.4,75.4,49.66887417218544,0,0,-0.2330107017304714,OI_Below_5
BKNG,Long Call,,5190.0,put,47.4,77.3,47.9550922213312,0,0,-0.2400987711182209,OI_Below_5
BKNG,Long Call,,5190.0,call,325.6,352.7,7.990564646911387,0,0,0.7599012288817791,OI_Below_5
BKNG,Long Call,,5200.0,call,320.0,345.0,7.518796992481203,0,0,0.7523325042072999,OI_Below_5
BKNG,Long Call,,5200.0,put,48.9,77.9,45.74132492113566,0,0,-0.2476674957927001,OI_Below_5
BKNG,Long Call,,5210.0,call,312.0,337.4,7.822605481983362,0,0,0.7447612724589,OI_Below_5
BKNG,Long Call,,5210.0,put,51.1,79.4,43.37164750957855,0,0,-0.2552387275411,OI_Below_5
BKNG,Long Call,,5220.0,call,304.0,329.9,8.171635904716826,0,0,0.7372360547305362,OI_Below_5
BKNG,Long Call,,5220.0,put,53.3,82.7,43.235294117647065,0,0,-0.2627639452694638,OI_Below_5
BKNG,Long Call,,5230.0,put,55.6,85.2,42.04545454545454,0,0,-0.2703539209430279,OI_Below_5
BKNG,Long Call,,5230.0,call,296.0,322.4,8.538163001293654,0,0,0.7296460790569721,OI_Below_5
BKNG,Long Call,,5240.0,call,288.0,315.1,8.986901011440896,0,0,0.7218997114078473,OI_Below_5
BKNG,Long Call,,5240.0,put,63.3,84.7,28.91891891891893,0,0,-0.2781002885921527,OI_Below_5
BKNG,Long Call,,5250.0,call,280.5,307.9,9.313392250169946,0,0,0.7138346424242986,OI_Below_5
BKNG,Long Call,,5250.0,put,61.1,91.1,39.42181340341655,0,0,-0.2861653575757014,OI_Below_5
BKNG,Long Call,,5260.0,call,276.0,300.7,8.565978845153454,0,0,0.7057311343712518,OI_Below_5
BKNG,Long Call,,5260.0,put,63.3,92.6,37.588197562540095,0,0,-0.2942688656287482,OI_Below_5
BKNG,Long Call,,5270.0,call,268.1,293.7,9.113563545745805,0,0,0.6977630696927769,OI_Below_5
BKNG,Long Call,,5270.0,put,67.8,97.8,36.231884057971016,10,10,-0.3022369303072231,Spread_Above_20.0pct
BKNG,Long Call,,5280.0,call,260.0,286.8,9.802487198244336,0,0,0.6895191830125927,OI_Below_5
BKNG,Long Call,,5280.0,put,70.7,100.7,35.00583430571762,0,0,-0.3104808169874073,OI_Below_5
BKNG,Long Call,,5290.0,put,74.1,104.1,33.670033670033675,0,0,-0.3189538571417094,OI_Below_5
BKNG,Long Call,,5290.0,call,248.1,279.7,11.974232663887834,0,0,0.6810461428582906,OI_Below_5
BKNG,Long Call,,5300.0,call,241.3,274.2,12.764306498545094,0,0,0.6725413561675425,OI_Below_5
BKNG,Long Call,,5300.0,put,77.4,107.4,32.467532467532465,0,0,-0.3274586438324575,OI_Below_5
BKNG,Long Call,,5310.0,call,234.5,267.6,13.184624576777543,0,0,0.6639933232555989,OI_Below_5
BKNG,Long Call,,5310.0,put,80.6,110.6,31.380753138075317,0,0,-0.3360066767444011,OI_Below_5
BKNG,Long Call,,5320.0,call,228.0,260.7,13.382443216697357,0,0,0.6553506702147244,OI_Below_5
BKNG,Long Call,,5320.0,put,83.4,113.4,30.48780487804878,0,0,-0.3446493297852756,OI_Below_5
BKNG,Long Call,,5330.0,call,221.2,254.5,14.000420433046044,0,0,0.6464758153551934,OI_Below_5
BKNG,Long Call,,5330.0,put,87.1,117.1,29.382957884427036,0,0,-0.3535241846448066,OI_Below_5
BKNG,Long Call,,5340.0,put,90.1,120.1,28.5442435775452,0,0,-0.3624846743685267,OI_Below_5
BKNG,Long Call,,5340.0,call,214.7,247.1,14.032048505846692,0,0,0.6375153256314733,OI_Below_5
BKNG,Long Call,,5350.0,call,208.4,241.7,14.796711841812924,0,0,0.6285529804004667,OI_Below_5
BKNG,Long Call,,5350.0,put,94.0,124.0,27.522935779816514,0,0,-0.3714470195995333,OI_Below_5
BKNG,Long Call,,5360.0,call,202.1,235.4,15.22285714285715,0,0,0.6195260667685207,OI_Below_5
BKNG,Long Call,,5360.0,put,98.1,128.1,26.525198938992045,0,0,-0.3804739332314793,OI_Below_5
BKNG,Long Call,,5370.0,call,196.0,229.3,15.659534446273224,0,0,0.6102509833202634,OI_Below_5
BKNG,Long Call,,5370.0,put,100.6,132.3,27.221983683984558,0,0,-0.3897490166797366,OI_Below_5
BKNG,Long Call,,5380.0,call,190.1,224.2,16.46150132754043,0,0,0.6009265342758476,OI_Below_5
BKNG,Long Call,,5380.0,put,104.4,136.2,26.43391521197006,0,0,-0.3990734657241524,OI_Below_5
BKNG,Long Call,,5390.0,call,188.9,215.8,13.293797874969115,0,0,0.5915708313473756,OI_Below_5
BKNG,Long Call,,5390.0,put,115.5,138.2,17.8951517540402,0,0,-0.4084291686526244,OI_Below_5
BKNG,Long Call,,5400.0,call,181.2,209.9,14.67655331117362,0,0,0.5821190654135496,OI_Below_5
BKNG,Long Call,,5400.0,put,112.7,143.6,24.112368318376895,0,1,-0.4178809345864504,OI_Below_5
BKNG,Long Call,,5410.0,call,176.6,204.2,14.49579831932773,0,0,0.5725275839359255,OI_Below_5
BKNG,Long Call,,5410.0,put,116.8,147.7,23.364839319470693,0,0,-0.4274724160640745,OI_Below_5
BKNG,Long Call,,5420.0,call,166.7,200.7,18.508437670114315,0,0,0.5628631578391804,OI_Below_5
BKNG,Long Call,,5420.0,put,121.1,154.4,24.174228675136124,0,0,-0.4371368421608196,OI_Below_5
BKNG,Long Call,,5430.0,call,161.1,195.1,19.09039865244245,0,0,0.5531401245816548,OI_Below_5
BKNG,Long Call,,5430.0,put,125.6,158.8,23.347398030942347,0,0,-0.4468598754183452,OI_Below_5
BKNG,Long Call,,5440.0,put,129.8,162.5,22.374273007184392,0,0,-0.4566429205905517,OI_Below_5
BKNG,Long Call,,5440.0,call,155.6,189.6,19.69872537659328,0,0,0.5433570794094483,OI_Below_5
BKNG,Long Call,,5450.0,call,149.9,183.3,20.048019207683073,0,0,0.5334842613536909,OI_Below_5
BKNG,Long Call,,5450.0,put,134.1,167.9,22.384105960264908,0,0,-0.4665157386463091,OI_Below_5
BKNG,Long Call,,5460.0,call,145.1,178.8,20.808891633220142,0,0,0.5235478717175303,OI_Below_5
BKNG,Long Call,,5460.0,put,139.5,172.0,20.86677367576244,0,0,-0.4764521282824697,OI_Below_5
BKNG,Long Call,,5470.0,call,139.6,172.4,21.025641025641033,0,0,0.513544455572212,OI_Below_5
BKNG,Long Call,,5470.0,put,144.7,176.0,19.519800436545065,0,0,-0.486455544427788,OI_Below_5
BKNG,Long Call,,5480.0,call,134.4,166.8,21.51394422310757,0,0,0.5034746666588106,OI_Below_5
BKNG,Long Call,,5480.0,put,148.6,180.0,19.111381618989657,0,0,-0.4965253333411894,OI_Below_5
BKNG,Long Call,,5490.0,call,129.3,162.7,22.876712328767105,0,0,0.49339604595483155,OI_Below_5
BKNG,Long Call,,5490.0,put,153.6,186.8,19.506462984723864,0,0,-0.5066039540451684,OI_Below_5
BKNG,Long Call,,5500.0,call,125.3,156.8,22.332506203473955,0,0,0.48325493530888575,OI_Below_5
BKNG,Long Call,,5500.0,put,158.8,192.0,18.92816419612314,0,0,-0.5167450646911143,OI_Below_5
BKNG,Long Call,,5510.0,call,119.7,152.8,24.29357798165138,0,0,0.4730460811480199,OI_Below_5
BKNG,Long Call,,5510.0,put,164.1,196.0,17.717300749791725,0,0,-0.5269539188519801,OI_Below_5
BKNG,Long Call,,5520.0,call,115.0,147.4,24.695121951219516,0,0,0.462780889201109,OI_Below_5
BKNG,Long Call,,5520.0,put,169.6,203.3,18.07455081791366,0,0,-0.537219110798891,OI_Below_5
BKNG,Long Call,,5530.0,call,111.5,142.9,24.685534591194973,0,0,0.45260118875947297,OI_Below_5
BKNG,Long Call,,5530.0,put,175.1,208.0,17.175672148264162,0,0,-0.547398811240527,OI_Below_5
BKNG,Long Call,,5540.0,put,180.7,212.0,15.94092182327477,0,0,-0.5576419441514642,OI_Below_5
BKNG,Long Call,,5540.0,call,106.0,140.0,27.64227642276423,0,0,0.44235805584853577,OI_Below_5
BKNG,Long Call,,5550.0,put,186.4,219.8,16.445100935499752,0,0,-0.5679300757087904,OI_Below_5
BKNG,Long Call,,5550.0,call,101.3,135.3,28.740490278951825,0,0,0.43206992429120966,OI_Below_5
BKNG,Long Call,,5560.0,call,100.8,124.0,20.640569395017792,0,0,0.4217172286057998,OI_Below_5
BKNG,Long Call,,5560.0,put,193.6,220.0,12.765957446808512,0,0,-0.5782827713942001,OI_Below_5
BKNG,Long Call,,5570.0,call,96.0,125.5,26.63656884875846,0,0,0.41160182818632135,OI_Below_5
BKNG,Long Call,,5570.0,put,199.5,228.0,13.333333333333334,0,0,-0.5883981718136787,OI_Below_5
BKNG,Long Call,,5580.0,call,91.8,116.0,23.29162656400385,0,0,0.40133173061422395,OI_Below_5
BKNG,Long Call,,5580.0,put,205.6,232.0,12.065813528336381,0,0,-0.598668269385776,OI_Below_5
BKNG,Long Call,,5590.0,call,87.8,114.8,26.653504442250743,0,0,0.39106894800812264,OI_Below_5
BKNG,Long Call,,5590.0,put,212.9,236.0,10.291824459790597,0,0,-0.6089310519918774,OI_Below_5
BKNG,Long Call,,5600.0,call,83.5,111.4,28.63006670087225,0,0,0.3808793262487081,OI_Below_5
BKNG,Long Call,,5600.0,put,218.2,244.0,11.16399826914756,0,0,-0.6191206737512919,OI_Below_5
BKNG,Long Call,,5610.0,call,80.8,104.0,25.108225108225106,0,0,0.37084600752424446,OI_Below_5
BKNG,Long Call,,5610.0,put,224.6,252.0,11.498111624003359,0,0,-0.6291539924757555,OI_Below_5
BKNG,Long Call,,5620.0,call,76.4,106.1,32.54794520547944,0,0,0.36084354301550287,OI_Below_5
BKNG,Long Call,,5620.0,put,231.2,256.0,10.180623973727426,0,0,-0.6391564569844971,OI_Below_5
BKNG,Long Call,,5630.0,call,72.7,101.6,33.161216293746406,0,0,0.3507215133620299,OI_Below_5
BKNG,Long Call,,5630.0,put,237.9,264.0,10.40047818290496,0,0,-0.64927848663797,OI_Below_5
BKNG,Long Call,,5640.0,call,69.3,99.2,35.489614243323444,0,0,0.34095299064463497,OI_Below_5
BKNG,Long Call,,5640.0,put,246.2,268.0,8.479190976273827,0,0,-0.659047009355365,OI_Below_5
BKNG,Long Call,,5650.0,put,251.6,276.0,9.24943138741471,0,0,-0.6687609829878799,OI_Below_5
BKNG,Long Call,,5650.0,call,65.9,95.9,37.08281829419035,0,0,0.3312390170121201,OI_Below_5
BKNG,Long Call,,5660.0,call,63.4,88.0,32.496697490092465,0,0,0.32139319843762876,OI_Below_5
BKNG,Long Call,,5660.0,put,258.5,284.0,9.400921658986174,0,0,-0.6786068015623712,OI_Below_5
BKNG,Long Call,,5670.0,call,61.5,90.5,38.15789473684211,0,0,0.31182954589097206,OI_Below_5
BKNG,Long Call,,5670.0,put,265.6,292.0,9.469153515064555,0,0,-0.6881704541090279,OI_Below_5
BKNG,Long Call,,5680.0,call,57.3,87.3,41.49377593360996,0,0,0.3024706593003311,OI_Below_5
BKNG,Long Call,,5680.0,put,272.8,296.0,8.157524613220811,0,0,-0.6975293406996689,OI_Below_5
BKNG,Long Call,,5690.0,call,53.6,80.0,39.52095808383233,0,0,0.2930617865119086,OI_Below_5
BKNG,Long Call,,5690.0,put,281.5,304.0,7.685738684884715,0,0,-0.7069382134880914,OI_Below_5
BKNG,Long Call,,5700.0,call,50.8,80.8,45.59270516717325,0,0,0.28388008209864496,OI_Below_5
BKNG,Long Call,,5700.0,put,287.5,312.0,8.17347789824854,0,0,-0.716119917901355,OI_Below_5
BKNG,Long Call,,5710.0,call,51.1,76.0,39.18174665617624,0,0,0.27484028796490056,OI_Below_5
BKNG,Long Call,,5710.0,put,295.0,320.0,8.130081300813007,0,0,-0.7251597120350994,OI_Below_5
BKNG,Long Call,,5720.0,call,45.9,75.9,49.26108374384237,0,0,0.26614931389023566,OI_Below_5
BKNG,Long Call,,5720.0,put,302.7,328.0,8.022831774219124,0,0,-0.7338506861097643,OI_Below_5
BKNG,Long Call,,5730.0,call,43.4,73.4,51.369863013698634,0,0,0.25744908809585487,OI_Below_5
BKNG,Long Call,,5730.0,put,310.5,336.0,7.888631090487238,0,0,-0.7425509119041451,OI_Below_5
BKNG,Long Call,,5740.0,call,41.9,71.9,52.72407732864676,0,0,0.2488317757237756,OI_Below_5
BKNG,Long Call,,5740.0,put,318.4,344.0,7.729468599033823,0,0,-0.7511682242762244,OI_Below_5
BKNG,Long Call,,5750.0,put,326.4,352.0,7.547169811320761,0,0,-0.7594527669851376,OI_Below_5
BKNG,Long Call,,5750.0,call,41.1,69.7,51.624548736462096,0,0,0.24054723301486233,OI_Below_5
BKNG,Long Call,,5760.0,put,334.5,360.0,7.343412526997841,0,0,-0.7674508281355779,OI_Below_5
BKNG,Long Call,,5760.0,call,44.1,64.0,36.817761332099906,0,0,0.23254917186442214,OI_Below_5
BKNG,Long Call,,5770.0,call,35.1,64.0,58.32492431886983,0,0,0.22441780249658552,OI_Below_5
BKNG,Long Call,,5770.0,put,342.6,368.0,7.14888826343934,0,0,-0.7755821975034145,OI_Below_5
BKNG,Long Call,,5780.0,call,33.4,63.4,61.98347107438017,0,0,0.21644613753181072,OI_Below_5
BKNG,Long Call,,5780.0,put,350.8,372.0,5.866076369673489,0,0,-0.7835538624681893,OI_Below_5
BKNG,Long Call,,5790.0,call,31.5,61.5,64.51612903225806,0,0,0.20905819371072737,OI_Below_5
BKNG,Long Call,,5790.0,put,359.7,384.0,6.534893102057284,0,0,-0.7909418062892726,OI_Below_5
BKNG,Long Call,,5800.0,put,367.5,392.0,6.451612903225806,0,0,-0.7982293043368641,OI_Below_5
BKNG,Long Call,,5800.0,call,29.6,59.6,67.26457399103138,0,0,0.2017706956631359,OI_Below_5
BKNG,Long Call,,5810.0,call,32.9,56.0,51.96850393700787,0,0,0.19454509467435793,OI_Below_5
BKNG,Long Call,,5810.0,put,376.0,400.0,6.185567010309279,0,0,-0.8054549053256421,OI_Below_5
BKNG,Long Call,,5820.0,call,25.7,55.7,73.71007371007371,0,0,0.187266976925633,OI_Below_5
BKNG,Long Call,,5820.0,put,384.6,408.0,5.904617713853136,0,0,-0.812733023074367,OI_Below_5
BKNG,Long Call,,5830.0,call,24.0,54.0,76.92307692307693,0,0,0.18064165053180747,OI_Below_5
BKNG,Long Call,,5830.0,put,393.2,416.0,5.6351952545724195,0,0,-0.8193583494681925,OI_Below_5
BKNG,Long Call,,5840.0,call,23.5,52.0,75.49668874172185,0,0,0.17411413052203784,OI_Below_5
BKNG,Long Call,,5840.0,put,402.0,428.0,6.265060240963856,0,0,-0.8258858694779622,OI_Below_5
BKNG,Long Call,,5850.0,call,20.4,50.4,84.74576271186442,0,0,0.16767692182963936,OI_Below_5
BKNG,Long Call,,5850.0,put,410.8,432.0,5.030849549121972,0,0,-0.8323230781703607,OI_Below_5
BKNG,Long Call,,5860.0,put,419.6,444.0,5.65076424270495,0,0,-0.8387830001976112,OI_Below_5
BKNG,Long Call,,5860.0,call,23.6,48.0,68.1564245810056,0,0,0.1612169998023888,OI_Below_5
BKNG,Long Call,,5870.0,call,17.8,47.8,91.46341463414633,0,0,0.15556164600495104,OI_Below_5
BKNG,Long Call,,5870.0,put,428.6,452.0,5.31455825573472,0,0,-0.844438353995049,OI_Below_5
BKNG,Long Call,,5880.0,call,16.7,46.7,94.6372239747634,0,0,0.14981295249506052,OI_Below_5
BKNG,Long Call,,5880.0,put,437.6,460.0,4.991087344028515,0,0,-0.8501870475049395,OI_Below_5
BKNG,Long Call,,5890.0,call,16.5,46.5,95.23809523809523,0,0,0.14400691253115874,OI_Below_5
BKNG,Long Call,,5890.0,put,446.7,472.0,5.507782736475457,0,0,-0.8559930874688413,OI_Below_5
BKNG,Long Call,,5900.0,put,455.8,480.0,5.17204530882667,0,0,-0.8615205282956361,OI_Below_5
BKNG,Long Call,,5900.0,call,14.2,44.0,102.40549828178693,0,0,0.13847947170436387,OI_Below_5
BKNG,Long Call,,5910.0,call,16.5,40.0,83.1858407079646,0,0,0.1332388536064779,OI_Below_5
BKNG,Long Call,,5910.0,put,465.0,488.0,4.826862539349422,0,0,-0.8667611463935221,OI_Below_5
BKNG,Long Call,,5920.0,call,13.2,43.2,106.38297872340425,0,0,0.1282040597418183,OI_Below_5
BKNG,Long Call,,5920.0,put,474.2,500.0,5.2966536645452695,0,0,-0.8717959402581817,OI_Below_5
BKNG,Long Call,,5930.0,call,11.8,41.5,111.44465290806755,0,0,0.12330721971347938,OI_Below_5
BKNG,Long Call,,5930.0,put,483.5,507.8,4.902653081811765,0,0,-0.8766927802865206,OI_Below_5
BKNG,Long Call,,5940.0,call,10.8,40.0,114.96062992125984,0,0,0.11846159731577698,OI_Below_5
BKNG,Long Call,,5940.0,put,492.8,516.0,4.599524187153051,0,0,-0.881538402684223,OI_Below_5
BKNG,Long Call,,5950.0,call,9.7,39.7,121.4574898785425,0,0,0.11403320803263275,OI_Below_5
BKNG,Long Call,,5950.0,put,502.2,528.0,5.008736167734423,0,0,-0.8859667919673673,OI_Below_5
BKNG,Long Call,,5960.0,put,511.6,536.0,4.6582665139366135,0,0,-0.8902914711304108,OI_Below_5
BKNG,Long Call,,5960.0,call,9.6,38.1,119.49685534591194,0,0,0.10970852886958915,OI_Below_5
BKNG,Long Call,,5970.0,put,521.1,544.0,4.300065721528491,0,0,-0.894513530295129,OI_Below_5
BKNG,Long Call,,5970.0,call,8.7,37.0,123.85120350109409,0,0,0.10548646970487102,OI_Below_5
BKNG,Long Call,,5980.0,call,7.9,35.5,127.18894009216591,0,0,0.1013530785464707,OI_Below_5
BKNG,Long Call,,5980.0,put,530.6,556.0,4.675133443769552,0,0,-0.8986469214535293,OI_Below_5
BKNG,Long Call,,5990.0,call,7.3,33.9,129.12621359223303,0,0,0.0973309456713873,OI_Below_5
BKNG,Long Call,,5990.0,put,540.1,564.0,4.329317996558279,0,0,-0.9026690543286127,OI_Below_5
BKNG,Long Call,,6000.0,call,6.9,33.0,130.82706766917295,0,0,0.09367356835536207,OI_Below_5
BKNG,Long Call,,6000.0,put,549.8,576.0,4.654467933913669,0,0,-0.9063264316446379,OI_Below_5
BKNG,Long Call,,6010.0,call,6.2,31.7,134.5646437994723,0,0,0.09016366998630304,OI_Below_5
BKNG,Long Call,,6010.0,put,559.3,583.3,4.200945212672852,0,0,-0.909836330013697,OI_Below_5
BKNG,Long Call,,6020.0,call,5.5,30.7,139.22651933701655,0,0,0.08664216083978132,OI_Below_5
BKNG,Long Call,,6020.0,put,568.9,592.0,3.979670944956503,0,0,-0.9133578391602187,OI_Below_5
BKNG,Long Call,,6030.0,put,578.6,604.0,4.295619820733973,0,0,-0.9167995697929214,OI_Below_5
BKNG,Long Call,,6030.0,call,4.9,29.8,143.5158501440922,0,0,0.08320043020707862,OI_Below_5
BKNG,Long Call,,6040.0,put,588.3,612.0,3.9490127468133047,0,0,-0.9196791286073586,OI_Below_5
BKNG,Long Call,,6040.0,call,4.4,27.7,145.1713395638629,0,0,0.08032087139264144,OI_Below_5
BKNG,Long Call,,6060.0,call,3.4,26.1,153.89830508474577,0,0,0.07444718230220694,OI_Below_5
BKNG,Long Call,,6060.0,put,607.7,637.7,4.817729243616508,0,0,-0.9255528176977931,OI_Below_5
BKNG,Long Call,,6080.0,call,2.55,24.3,162.01117318435755,0,0,0.06883291514477657,OI_Below_5
BKNG,Long Call,,6080.0,put,627.4,658.0,4.761163840049793,0,0,-0.9311670848552235,OI_Below_5
BKNG,Long Call,,6100.0,call,1.8,22.8,170.73170731707316,0,0,0.06391623935761674,OI_Below_5
BKNG,Long Call,,6100.0,put,645.6,677.6,4.836759371221282,0,0,-0.9360837606423833,OI_Below_5
BKNG,Long Call,,6120.0,call,0.95,21.7,183.22295805739515,0,0,0.05956818613421582,OI_Below_5
BKNG,Long Call,,6120.0,put,666.6,692.0,3.739143235683789,0,0,-0.9404318138657842,OI_Below_5
BKNG,Long Call,,6140.0,put,686.4,711.9,3.6472859901308734,0,0,-0.9448585228711741,OI_Below_5
BKNG,Long Call,,6140.0,call,0.6,20.7,188.73239436619716,0,0,0.05514147712882587,OI_Below_5
BKNG,Long Call,,6160.0,call,0.0,22.1,200.0,0,0,0.04204434339158569,No_Bid
BKNG,Long Call,,6160.0,put,706.2,732.0,3.587818105965784,0,0,-0.9579556566084143,OI_Below_5
BKNG,Long Call,,6180.0,call,0.0,21.4,200.0,0,0,0.03827014751841191,No_Bid
BKNG,Long Call,,6180.0,put,726.0,752.9,3.63783893434309,0,0,-0.961729852481588,OI_Below_5
BKNG,Long Call,,6200.0,call,0.0,19.6,200.0,0,0,0.03465172677964318,No_Bid
BKNG,Long Call,,6200.0,put,745.8,771.2,3.348714568226775,0,0,-0.9653482732203568,OI_Below_5
BKNG,Long Call,,6220.0,call,0.0,19.3,200.0,0,0,0.03157553945238367,No_Bid
BKNG,Long Call,,6220.0,put,765.7,791.2,3.2757402530669917,0,0,-0.9684244605476163,OI_Below_5
BKNG,Long Call,,6240.0,put,785.5,811.0,3.194487942373943,0,0,-0.9714776920483704,OI_Below_5
BKNG,Long Call,,6240.0,call,0.0,18.4,200.0,0,0,0.028522307951629543,No_Bid
BKNG,Long Call,,6260.0,call,0.0,17.6,200.0,0,0,0.02578627161474667,No_Bid
BKNG,Long Call,,6260.0,put,805.5,831.4,3.164518296780497,0,0,-0.9742137283852533,OI_Below_5
BKNG,Long Call,,6280.0,call,0.0,16.9,200.0,0,0,0.023315207881996043,No_Bid
BKNG,Long Call,,6280.0,put,825.5,850.8,3.0185527650181894,0,0,-0.976684792118004,OI_Below_5
BKNG,Long Call,,6300.0,call,0.0,16.2,200.0,0,0,0.02107039455402373,No_Bid
BKNG,Long Call,,6300.0,put,845.5,871.0,2.9711622487620155,0,0,-0.9789296054459763,OI_Below_5
BKNG,Long Call,,6320.0,call,0.0,15.6,200.0,0,0,0.01905569507310341,No_Bid
BKNG,Long Call,,6320.0,put,865.5,890.8,2.8810567670671245,0,0,-0.9809443049268965,OI_Below_5
BKNG,Long Call,,6340.0,put,885.5,911.0,2.8388533259114945,0,0,-0.9827077732510225,OI_Below_5
BKNG,Long Call,,6340.0,call,0.0,13.7,200.0,0,0,0.01729222674897746,No_Bid
BKNG,Long Call,,6360.0,call,0.0,14.5,200.0,0,0,0.01539683998141777,No_Bid
BKNG,Long Call,,6360.0,put,905.5,930.8,2.7555410336001693,0,0,-0.9846031600185823,OI_Below_5
BKNG,Long Call,,6380.0,call,0.0,14.0,200.0,0,0,0.013774170058850715,No_Bid
BKNG,Long Call,,6380.0,put,925.5,951.1,2.7283384844932352,0,0,-0.9862258299411493,OI_Below_5
BKNG,Long Call,,6400.0,call,0.0,13.6,200.0,0,0,0.012429835659042847,No_Bid
BKNG,Long Call,,6400.0,put,945.5,970.8,2.6405051401137563,0,0,-0.9875701643409571,OI_Below_5
BKNG,Long Call,,6420.0,call,0.0,11.9,200.0,0,0,0.011346879832558282,No_Bid
BKNG,Long Call,,6420.0,put,965.5,990.8,2.5865153606297557,0,0,-0.9886531201674417,OI_Below_5
BKNG,Long Call,,6440.0,call,0.0,12.8,200.0,0,0,0.009886780918853186,No_Bid
BKNG,Long Call,,6440.0,put,985.5,1011.4,2.5940207321348066,0,0,-0.9901132190811468,OI_Below_5
BKNG,Long Call,,6460.0,call,0.0,12.5,200.0,0,0,0.008871754815585985,No_Bid
BKNG,Long Call,,6460.0,put,1005.5,1031.4,2.543080170847866,0,0,-0.991128245184414,OI_Below_5
BKNG,Long Call,,6480.0,call,0.0,12.2,200.0,0,0,0.007883397052880044,No_Bid
BKNG,Long Call,,6480.0,put,1025.5,1050.8,2.437027404517647,0,0,-0.99211660294712,OI_Below_5
BKNG,Long Call,,6500.0,call,0.0,11.9,200.0,0,0,0.007097758505071899,No_Bid
BKNG,Long Call,,6500.0,put,1045.5,1070.8,2.3909653640788124,0,0,-0.9929022414949281,OI_Below_5
BKNG,Long Call,,6520.0,call,0.0,11.6,200.0,0,0,0.006321589590090929,No_Bid
BKNG,Long Call,,6520.0,put,1065.5,1092.3,2.4840114931875013,0,0,-0.9936784104099091,OI_Below_5
BKNG,Long Call,,6540.0,call,0.0,11.4,200.0,0,0,0.005560736138310006,No_Bid
BKNG,Long Call,,6540.0,put,1085.5,1111.4,2.3578679047749183,0,0,-0.99443926386169,OI_Below_5
BKNG,Long Call,,6550.0,put,1095.5,1120.8,2.2830844199792404,0,0,-0.9947312485670107,OI_Below_5
BKNG,Long Call,,6550.0,call,0.0,11.3,200.0,0,0,0.005268751432989344,No_Bid
BKNG,Long Call,,6560.0,put,1105.5,1135.3,2.6597643698679,0,0,-0.9950346588662408,OI_Below_5
BKNG,Long Call,,6560.0,call,0.0,11.2,200.0,0,0,0.004965341133759198,No_Bid
BKNG,Long Call,,6580.0,call,0.0,11.0,200.0,0,0,0.0043737503723449145,No_Bid
BKNG,Long Call,,6580.0,put,1125.5,1155.3,2.6131182041388943,0,0,-0.9956262496276551,OI_Below_5
BKNG,Long Call,,6600.0,put,1145.5,1170.8,2.184518412986224,0,0,-0.9959960057761701,OI_Below_5
BKNG,Long Call,,6600.0,call,0.0,9.7,200.0,0,0,0.004003994223829887,No_Bid
BKNG,Long Call,,6620.0,call,0.0,10.7,200.0,0,0,0.0034553951148792094,No_Bid
BKNG,Long Call,,6620.0,put,1165.5,1192.4,2.2816913355104194,0,0,-0.9965446048851208,OI_Below_5
BKNG,Long Call,,6640.0,call,0.0,9.6,200.0,0,0,0.003076905532897914,No_Bid
BKNG,Long Call,,6640.0,put,1185.5,1211.4,2.1611247861821594,0,0,-0.996923094467102,OI_Below_5
BKNG,Long Call,,6650.0,call,0.0,10.6,200.0,0,0,0.002846227547271305,No_Bid
BKNG,Long Call,,6650.0,put,1195.5,1220.8,2.094110830608778,0,0,-0.9971537724527287,OI_Below_5
BKNG,Long Call,,6660.0,put,1205.5,1231.4,2.1256514424063435,0,0,-0.9973335385501955,OI_Below_5
BKNG,Long Call,,6660.0,call,0.0,10.6,200.0,0,0,0.0026664614498045714,No_Bid
BKNG,Long Call,,6680.0,call,0.0,10.5,200.0,0,0,0.002334661941326016,No_Bid
BKNG,Long Call,,6680.0,put,1225.5,1250.8,2.0433711585833665,0,0,-0.997665338058674,OI_Below_5
BKNG,Long Call,,6700.0,put,1245.5,1270.8,2.010889003695899,0,0,-0.9979243134934774,OI_Below_5
BKNG,Long Call,,6700.0,call,0.0,10.4,200.0,0,0,0.002075686506522591,No_Bid
BKNG,Long Call,,6720.0,call,0.0,9.7,200.0,0,0,0.0018513658123090462,No_Bid
BKNG,Long Call,,6720.0,put,1265.5,1292.4,2.1032878533171813,0,0,-0.998148634187691,OI_Below_5
BKNG,Long Call,,6740.0,call,0.0,9.5,200.0,0,0,0.001603214299556436,No_Bid
BKNG,Long Call,,6740.0,put,1285.5,1311.4,1.9946859717355376,0,0,-0.9983967857004435,OI_Below_5
BKNG,Long Call,,6750.0,call,0.0,10.3,200.0,0,0,0.00147363327094994,No_Bid
BKNG,Long Call,,6750.0,put,1295.5,1321.4,1.9794413237036255,0,0,-0.99852636672905,OI_Below_5
BKNG,Long Call,,6760.0,put,1305.5,1330.8,1.9193566741266135,0,0,-0.9986177290840096,OI_Below_5
BKNG,Long Call,,6760.0,call,0.0,10.3,200.0,0,0,0.0013822709159904572,No_Bid
BKNG,Long Call,,6780.0,call,0.0,10.2,200.0,0,0,0.001203663167463107,No_Bid
BKNG,Long Call,,6780.0,put,1325.5,1350.8,1.890669954788324,0,0,-0.9987963368325369,OI_Below_5
BKNG,Long Call,,6800.0,put,1345.5,1372.4,1.979469443320217,0,0,-0.9989110526708406,OI_Below_5
BKNG,Long Call,,6800.0,call,0.0,9.3,200.0,0,0,0.001088947329159465,No_Bid
BKNG,Long Call,,6820.0,call,0.0,8.9,200.0,0,0,0.0010730669704351176,No_Bid
BKNG,Long Call,,6820.0,put,1365.5,1390.8,1.8357943620070352,0,0,-0.9989269330295649,OI_Below_5
BKNG,Long Call,,6840.0,call,0.0,9.1,200.0,0,0,0.0008182638030422032,No_Bid
BKNG,Long Call,,6840.0,put,1385.5,1410.8,1.8095340271072453,0,0,-0.9991817361969578,OI_Below_5
BKNG,Long Call,,6850.0,call,0.0,10.1,200.0,0,0,0.0007456247296656967,No_Bid
BKNG,Long Call,,6850.0,put,1395.5,1420.8,1.7966835919468773,0,0,-0.9992543752703343,OI_Below_5
BKNG,Long Call,,6860.0,call,0.0,10.1,200.0,0,0,0.0006919568547173933,No_Bid
BKNG,Long Call,,6860.0,put,1405.5,1431.4,1.8259367619584823,0,0,-0.9993080431452827,OI_Below_5
BKNG,Long Call,,6880.0,call,0.0,20.1,200.0,0,0,0.00059888319227761,No_Bid
BKNG,Long Call,,6880.0,put,1425.5,1450.8,1.759204533602194,0,0,-0.9994011168077224,OI_Below_5
BKNG,Long Call,,6900.0,call,0.2,20.1,196.0591133004926,0,0,0.000563446958164213,OI_Below_5
BKNG,Long Call,,6900.0,put,1445.5,1470.8,1.7350752666049414,0,0,-0.9994365530418358,OI_Below_5
BKNG,Long Call,,6920.0,call,0.2,17.1,195.37572254335262,0,0,0.0005447492152852563,OI_Below_5
BKNG,Long Call,,6920.0,put,1465.5,1490.8,1.711598958157153,0,0,-0.9994552507847148,OI_Below_5
BKNG,Long Call,,6940.0,call,0.2,17.1,195.37572254335262,0,0,0.0005120136866231353,OI_Below_5
BKNG,Long Call,,6940.0,put,1485.5,1515.3,1.9861370301252967,0,0,-0.9994879863133769,OI_Below_5
BKNG,Long Call,,6950.0,call,0.2,17.1,195.37572254335262,0,0,0.0005073937609831322,OI_Below_5
BKNG,Long Call,,6950.0,put,1495.5,1520.8,1.6775519676424728,0,0,-0.9994926062390169,OI_Below_5
BKNG,Long Call,,6960.0,call,0.2,17.1,195.37572254335262,0,0,0.0004687775890236492,OI_Below_5
BKNG,Long Call,,6960.0,put,1505.5,1535.3,1.960010523546432,0,0,-0.9995312224109764,OI_Below_5
BKNG,Long Call,,6980.0,call,0.2,17.1,195.37572254335262,0,0,0.00044436917657340776,OI_Below_5
BKNG,Long Call,,6980.0,put,1525.5,1550.8,1.6448330786984333,0,0,-0.9995556308234266,OI_Below_5
BKNG,Long Call,,7000.0,call,0.2,17.1,195.37572254335262,0,0,0.00042443941049340265,OI_Below_5
BKNG,Long Call,,7000.0,put,1545.5,1570.8,1.6237204376985497,0,0,-0.9995755605895066,OI_Below_5
BKNG,Long Call,,7020.0,call,0.2,17.1,195.37572254335262,0,0,0.00037154506758969484,OI_Below_5
BKNG,Long Call,,7020.0,put,1565.5,1592.4,1.7036638272269602,0,0,-0.9996284549324103,OI_Below_5
BKNG,Long Call,,7040.0,put,1585.5,1615.3,1.8620344913771527,0,0,-0.999681341115601,OI_Below_5
BKNG,Long Call,,7040.0,call,0.2,17.1,195.37572254335262,0,0,0.00031865888439899976,OI_Below_5
BKNG,Long Call,,7060.0,call,0.2,17.1,195.37572254335262,0,0,0.0002809204141716177,OI_Below_5
BKNG,Long Call,,7060.0,put,1605.5,1630.8,1.5635138893180456,0,0,-0.9997190795858284,OI_Below_5
