Ticker,timestamp,Date,Error,data_source,last_price,volume,price_source,quote_time,trade_time,quote_age_sec,is_market_open,market_status,price_history_status,hv_status,iv_30d,IV_7_D_Call,IV_14_D_Call,IV_21_D_Call,IV_30_D_Call,IV_60_D_Call,IV_90_D_Call,IV_120_D_Call,IV_150_D_Call,IV_180_D_Call,IV_270_D_Call,IV_360_D_Call,IV_720_D_Call,IV_1080_D_Call,IV_7_D_Put,IV_14_D_Put,IV_21_D_Put,IV_30_D_Put,IV_60_D_Put,IV_90_D_Put,IV_120_D_Put,IV_150_D_Put,IV_180_D_Put,IV_270_D_Put,IV_360_D_Put,IV_720_D_Put,IV_1080_D_Put,hv_10,hv_20,hv_30,hv_60,hv_90,HV_10_D_Cur,HV_20_D_Cur,HV_30_D_Cur,HV_60_D_Cur,HV_90_D_Cur,HV_120_D_Cur,HV_150_D_Cur,HV_180_D_Cur,hv_slope,volatility_regime,snapshot_ts
BKNG,2025-12-31 23:30:16.645651,2025-12-31,,schwab,5355.33,112918.0,mark,1767229015926,1767226958890,25657.755,False,CLOSED,OK,COMPUTED,20.876,,,,20.876,,,,,,,,,,,,,,,,,,,,,,,13.039141322399425,20.285821278167116,26.716685543427477,29.74080452084934,26.235234233377376,13.039141322399425,20.285821278167116,26.716685543427477,29.74080452084934,26.235234233377376,24.502100935828867,23.650244081589854,24.058932343050948,-13.677544221028052,Normal_Contraction,2025-12-31 23:30:16.645651
AZO,2025-12-31 23:30:16.645651,2025-12-31,,schwab,3391.5,88260.0,mark,1767228984262,1767228537032,24079.613,False,CLOSED,OK,COMPUTED,,,,,,,,,,,,,,,,,,,,,,,,,,,,13.174583009577677,30.460916585296577,28.391785290496347,25.737439477085893,23.276120413404755,13.174583009577677,30.460916585296577,28.391785290496347,25.737439477085893,23.276120413404755,22.88044240146845,22.6760309511943,22.72406197167855,-15.21720228091867,Normal_Contraction,2025-12-31 23:30:16.645651
MELI,2025-12-31 23:30:16.645651,2025-12-31,,schwab,2014.26,199741.0,mark,1767229061511,1767229157289,23459.356,False,CLOSED,OK,COMPUTED,30.775,,,,30.775,,,,,,,,,,,,,,,,,,,,,,,15.631857550220197,29.386639942937382,39.35667404569207,42.240083143935806,40.79991367585692,15.631857550220197,29.386639942937382,39.35667404569207,42.240083143935806,40.79991367585692,37.565608449880344,35.93323012254809,35.85601921607978,-23.72481649547187,Normal_Contraction,2025-12-31 23:30:16.645651
MKL,2025-12-31 23:30:16.645651,2025-12-31,,schwab,2149.65,28928.0,mark,1767229200041,1767219778946,32837.699,False,CLOSED,OK,COMPUTED,,,,,,,,,,,,,,,,,,,,,,,,,,,,9.84740177780977,13.210810079953795,12.130368974826753,19.475850985020728,18.513570933407646,9.84740177780977,13.210810079953795,12.130368974826753,19.475850985020728,18.513570933407646,19.24607808138054,18.518567339086008,19.101089519461887,-2.2829671970169834,Low_Compression,2025-12-31 23:30:16.645651
FCNCA,2025-12-31 23:30:16.645651,2025-12-31,,schwab,2146.18,96311.0,mark,1767229141255,1767224438623,28178.022,False,CLOSED,OK,COMPUTED,,,,,,,,,,,,,,,,,,,,,,,,,,,,12.656726745012634,18.796884058518554,17.890583550329016,27.03604774285723,26.44348962572849,12.656726745012634,18.796884058518554,17.890583550329016,27.03604774285723,26.44348962572849,26.816557715661627,26.282785101747514,26.77395967149339,-5.233856805316382,Normal,2025-12-31 23:30:16.645651
FICO,2025-12-31 23:30:16.645651,2025-12-31,,schwab,1690.62,238057.0,mark,1767229200051,1767226206680,26409.965,False,CLOSED,OK,COMPUTED,,,,,,,,,,,,,,,,,,,,,,,,,,,,22.71197608276822,26.18951898442678,28.76272814537725,38.722575253813005,45.93774246021896,22.71197608276822,26.18951898442678,28.76272814537725,38.722575253813005,45.93774246021896,43.57173316422309,43.692199664732115,49.82946893115483,-6.050752062609028,Normal,2025-12-31 23:30:16.645651
TDG,2025-12-31 23:30:16.645651,2025-12-31,,schwab,1329.85,266475.0,mark,1767229109507,1767221818835,30797.81,False,CLOSED,OK,COMPUTED,,,,,,,,,,,,,,,,,,,,,,,,,,,,12.700413262428253,18.2458608123702,17.030634976526652,21.826837411442174,20.562289582160385,12.700413262428253,18.2458608123702,17.030634976526652,21.826837411442174,20.562289582160385,28.17114095876352,26.171138424368827,26.792722608742757,-4.3302217140984,Normal_Compression,2025-12-31 23:30:16.645651
NFLX,2025-12-31 23:30:16.645651,2025-12-31,,schwab,93.56,23495191.0,mark,1767229136827,1767229196196,23420.449,False,CLOSED,OK,COMPUTED,39.15,,,,39.15,,,,,,,,,,,,,,,,,,,,,,,9.950730486361715,28.91887667363554,33.29783324738847,36.22663928273201,32.06216088227116,9.950730486361715,28.91887667363554,33.29783324738847,36.22663928273201,32.06216088227116,31.071662975871327,29.686522217011234,30.05690784637841,-23.347102761026754,Normal_Contraction,2025-12-31 23:30:16.645651
MTD,2025-12-31 23:30:16.645651,2025-12-31,,schwab,1394.19,64206.0,mark,1767229200138,1767216626551,35990.094,False,CLOSED,OK,COMPUTED,,,,,,,,,,,,,,,,,,,,,,,,,,,,10.038613710928013,19.119537957227532,21.781062355069785,24.360407719799188,25.693931709385353,10.038613710928013,19.119537957227532,21.781062355069785,24.360407719799188,25.693931709385353,27.264170852732654,26.494212557655818,30.746431943775637,-11.742448644141772,Normal_Contraction,2025-12-31 23:30:16.645651
TPL,2025-12-31 23:30:16.645651,2025-12-31,,schwab,287.22,297948.0,mark,1767229200192,1767229094937,23521.708,False,CLOSED,OK,COMPUTED,,,,,,,,,,,,,,,,,,,,,,,,,,,,46.13087859837683,46.85052873719562,41.52978869236018,42.13023506366215,41.142060243478,46.13087859837683,46.85052873719562,41.52978869236018,42.13023506366215,41.142060243478,41.706907820055214,40.04195586592064,39.76260920890199,4.601089906016654,High_Compression,2025-12-31 23:30:16.645651
BLK,2025-12-31 23:30:16.645651,2025-12-31,,schwab,1070.34,327674.0,mark,1767229018437,1767228264747,24351.898,False,CLOSED,OK,COMPUTED,23.295,,,,23.295,,,,,,,,,,,,,,,,,,,,,,,15.743938122325558,20.9429417039891,20.04581310145148,22.534048412727543,20.96366382567639,15.743938122325558,20.9429417039891,20.04581310145148,22.534048412727543,20.96366382567639,22.643431907647052,21.327080680121245,21.88150691228976,-4.301874979125921,Normal_Compression,2025-12-31 23:30:16.645651
GWW,2025-12-31 23:30:16.645651,2025-12-31,,schwab,1009.05,178675.0,mark,1767229200048,1767228738547,23878.098,False,CLOSED,OK,COMPUTED,,,,,,,,,,,,,,,,,,,,,,,,,,,,11.544244530988202,22.33122390863193,21.973214781366394,19.732195649763884,19.200315977468698,11.544244530988202,22.33122390863193,21.973214781366394,19.732195649763884,19.200315977468698,24.99255802900251,23.647477318914895,23.402178666379942,-10.428970250378192,Normal_Contraction,2025-12-31 23:30:16.645651
NOW,2025-12-31 23:30:16.645651,2025-12-31,,schwab,153.19,5256089.0,mark,1767229200179,1767229071775,23544.87,False,CLOSED,OK,COMPUTED,40.781,,,,40.781,,,,,,,,,,,,,,,,,,,,,,,17.518027725507867,47.62586123015982,41.10002081829591,34.42560876859241,32.20464327126681,17.518027725507867,47.62586123015982,41.10002081829591,34.42560876859241,32.20464327126681,31.64905775248955,30.3104895869307,34.75461997084619,-23.581993092788043,High_Contraction,2025-12-31 23:30:16.645651
COST,2025-12-31 23:30:16.645651,2025-12-31,,schwab,862.1,1489954.0,mark,1767229196629,1767229123982,23492.663,False,CLOSED,OK,COMPUTED,17.773,,,,17.773,,,,,,,,,,,,,,,,,,,,,,,12.702688925623198,17.840074941431325,17.827768429273558,18.23760076350114,17.41350278227737,12.702688925623198,17.840074941431325,17.827768429273558,18.23760076350114,17.41350278227737,17.26425735334388,17.688312171965315,18.052164328684423,-5.12507950365036,Normal,2025-12-31 23:30:16.645651
KLAC,2025-12-31 23:30:16.645651,2025-12-31,,schwab,1215.08,608043.0,mark,1767229059745,1767229006542,23610.103,False,CLOSED,OK,COMPUTED,,,,,,,,,,,,,,,,,,,,,,,,,,,,38.20843711720197,33.15616525715613,36.95779762776504,40.97570385586517,38.62054528863492,38.20843711720197,33.15616525715613,36.95779762776504,40.97570385586517,38.62054528863492,38.95412193679471,36.634760503449044,37.875264844859146,1.250639489436928,Normal_Compression,2025-12-31 23:30:16.645651
AXON,2025-12-31 23:30:16.645651,2025-12-31,,schwab,567.93,469164.0,mark,1767229011364,1767229015839,23600.806,False,CLOSED,OK,COMPUTED,,,,,,,,,,,,,,,,,,,,,,,,,,,,34.49231945377089,32.5425090920441,28.67687020224274,43.69084841260967,41.86646509741372,34.49231945377089,32.5425090920441,28.67687020224274,43.69084841260967,41.86646509741372,46.47730132132421,45.44598236337815,45.92157818340811,5.81544925152815,Normal,2025-12-31 23:30:16.645651
INTU,2025-12-31 23:30:16.645651,2025-12-31,,schwab,662.42,948492.0,mark,1767229016039,1767228517124,24099.521,False,CLOSED,OK,COMPUTED,23.194,,,,23.194,,,,,,,,,,,,,,,,,,,,,,,12.282481870403949,22.96950647346825,25.26578369751875,23.830603074795313,21.87209086966671,12.282481870403949,22.96950647346825,25.26578369751875,23.830603074795313,21.87209086966671,23.952279136841074,22.65514743058047,24.93600890651434,-12.9833018271148,Normal_Contraction,2025-12-31 23:30:16.645651
LLY,2025-12-31 23:30:16.645651,2025-12-31,,schwab,1075.01,1646696.0,mark,1767229125120,1767229140117,23476.528,False,CLOSED,OK,COMPUTED,34.527,,,,34.527,,,,,,,,,,,,,,,,,,,,,,,12.863880447110866,21.103821292283754,23.87811558067586,26.134972705022257,29.996302124138037,12.863880447110866,21.103821292283754,23.87811558067586,26.134972705022257,29.996302124138037,38.64256000215133,35.912698240235166,42.1671173456086,-11.014235133564995,Normal_Contraction,2025-12-31 23:30:16.645651
SPOT,2025-12-31 23:30:16.645651,2025-12-31,,schwab,580.71,720202.0,mark,1767229069769,1767229008527,23608.118,False,CLOSED,OK,COMPUTED,33.907,,,,33.907,,,,,,,,,,,,,,,,,,,,,,,22.968036904045437,30.193805273337134,31.319813286959196,27.911187106902364,27.251680420038475,22.968036904045437,30.193805273337134,31.319813286959196,27.911187106902364,27.251680420038475,35.40302731203538,36.118432298661794,37.98280863921157,-8.351776382913759,Normal,2025-12-31 23:30:16.645651
URI,2025-12-31 23:30:16.645651,2025-12-31,,schwab,809.32,315593.0,mark,1767229200212,1767228636015,23980.63,False,CLOSED,OK,COMPUTED,33.219,,,,33.219,,,,,,,,,,,,,,,,,,,,,,,21.69393099223101,24.342720804369456,25.21643206485257,30.015350022641,27.452314169939378,21.69393099223101,24.342720804369456,25.21643206485257,30.015350022641,27.452314169939378,30.743542332663854,29.313151770994438,31.510942013226188,-3.5225010726215586,Normal_Compression,2025-12-31 23:30:16.645651
MPWR,2025-12-31 23:30:16.645651,2025-12-31,,schwab,906.38,381933.0,mark,1767229006544,1767229006544,23610.101,False,CLOSED,OK,COMPUTED,,,,,,,,,,,,,,,,,,,,,,,,,,,,28.45096347852013,27.465184909566887,32.324239912431025,46.944114494630114,42.18374812220762,28.45096347852013,27.465184909566887,32.324239912431025,46.944114494630114,42.18374812220762,42.815775619376865,41.632930158109616,43.389613631226254,-3.8732764339108954,Normal_Compression,2025-12-31 23:30:16.645651
META,2025-12-31 23:30:16.645651,2025-12-31,,schwab,658.92,7940359.0,mark,1767229191966,1767229191715,23424.93,False,CLOSED,OK,COMPUTED,35.919,,,,35.919,,,,,,,,,,,,,,,,,,,,,,,17.3828835728788,21.576930995403856,23.967890962250166,34.71648352759793,30.241035601594024,17.3828835728788,21.576930995403856,23.967890962250166,34.71648352759793,30.241035601594024,32.82858751271557,31.418667550857933,32.98326402972302,-6.585007389371366,Normal,2025-12-31 23:30:16.645651
MCK,2025-12-31 23:30:16.645651,2025-12-31,,schwab,820.29,430239.0,mark,1767229012050,1767225480079,27136.566,False,CLOSED,OK,COMPUTED,27.249,,,,27.249,,,,,,,,,,,,,,,,,,,,,,,9.930151770557798,18.22852796593781,21.52682834784936,20.368834162314265,23.1747348322665,9.930151770557798,18.22852796593781,21.52682834784936,20.368834162314265,23.1747348322665,24.065550981193613,23.037066145807035,22.951055765525478,-11.596676577291563,Normal_Contraction,2025-12-31 23:30:16.645651
PH,2025-12-31 23:30:16.645651,2025-12-31,,schwab,878.96,281712.0,mark,1767229200213,1767229163977,23452.668,False,CLOSED,OK,COMPUTED,,,,,,,,,,,,,,,,,,,,,,,,,,,,12.646754695597364,18.293882066792854,17.19409357195633,25.143782862385294,22.27138536116391,12.646754695597364,18.293882066792854,17.19409357195633,25.143782862385294,22.27138536116391,22.844901796556798,21.66845190635291,22.222308936772713,-4.547338876358966,Normal_Compression,2025-12-31 23:30:16.645651
GS,2025-12-31 23:30:16.645651,2025-12-31,,schwab,879.5,1221740.0,mark,1767228976010,1767229104085,23512.56,False,CLOSED,OK,COMPUTED,26.3,,,,26.3,,,,,,,,,,,,,,,,,,,,,,,16.810714029898307,22.174471483653818,21.55571840788084,25.381361014463838,23.265862782249606,16.810714029898307,22.174471483653818,21.55571840788084,25.381361014463838,23.265862782249606,22.905012562078145,22.404334145636554,23.2301410058463,-4.745004377982532,Normal_Compression,2025-12-31 23:30:16.645651
NEU,2025-12-31 23:30:16.645651,2025-12-31,,schwab,687.26,122694.0,mark,1767229200049,1767215404282,37212.363,False,CLOSED,OK,COMPUTED,,,,,,,,,,,,,,,,,,,,,,,,,,,,16.156780673782983,22.607274808760085,20.77331055183075,32.443672732222154,28.912550175025963,16.156780673782983,22.607274808760085,20.77331055183075,32.443672732222154,28.912550175025963,26.799930728497323,25.996533743041073,25.36697360533795,-4.616529878047768,Normal_Compression,2025-12-31 23:30:16.645651
TYL,2025-12-31 23:30:16.645651,2025-12-31,,schwab,453.95,181345.0,mark,1767229200212,1767228279956,24336.689,False,CLOSED,OK,COMPUTED,,,,,,,,,,,,,,,,,,,,,,,,,,,,11.866363495411814,15.137437124265896,22.01436626405528,27.17166328266225,25.56436274617014,11.866363495411814,15.137437124265896,22.01436626405528,27.17166328266225,25.56436274617014,25.905171687384765,24.983131358263343,25.477322307774013,-10.148002768643465,Normal_Contraction,2025-12-31 23:30:16.645651
MSCI,2025-12-31 23:30:16.645651,2025-12-31,,schwab,573.73,324051.0,mark,1767229200212,1767228430207,24186.438,False,CLOSED,OK,COMPUTED,,,,,,,,,,,,,,,,,,,,,,,,,,,,15.208305803933674,13.998277126773084,14.377088810785887,25.63903918662096,25.455620005655387,15.208305803933674,13.998277126773084,14.377088810785887,25.63903918662096,25.455620005655387,28.00340258746078,26.46938086131788,25.371289854245955,0.8312169931477875,Low_Compression,2025-12-31 23:30:16.645651
LII,2025-12-31 23:30:16.645651,2025-12-31,,schwab,485.58,178257.0,mark,1767229200212,1767216000526,36616.119,False,CLOSED,OK,COMPUTED,,,,,,,,,,,,,,,,,,,,,,,,,,,,13.72114176377278,20.25798021800871,26.50675812668279,33.88051512950725,31.94863089570678,13.72114176377278,20.25798021800871,26.50675812668279,33.88051512950725,31.94863089570678,33.17722470836658,31.543612939212085,33.117548875494194,-12.78561636291001,Normal_Contraction,2025-12-31 23:30:16.645651
ROP,2025-12-31 23:30:16.645651,2025-12-31,,schwab,445.9,507466.0,mark,1767228529149,1767228659200,23957.445,False,CLOSED,OK,COMPUTED,,,,,,,,,,,,,,,,,,,,,,,,,,,,14.5457014797468,12.1437931218612,11.76422081680398,20.85191993550207,19.1992187463948,14.5457014797468,12.1437931218612,11.76422081680398,20.85191993550207,19.1992187463948,18.91657403316652,17.975891648968286,18.12882666037264,2.781480662942819,Low_Compression,2025-12-31 23:30:16.645651
CHE,2025-12-31 23:30:16.645651,2025-12-31,,schwab,427.86,88092.0,mark,1767223897087,1767226309304,26307.341,False,CLOSED,OK,COMPUTED,,,,,,,,,,,,,,,,,,,,,,,,,,,,11.221948166099617,15.5901842084052,17.409405367452763,24.1556990568457,23.72333579329154,11.221948166099617,15.5901842084052,17.409405367452763,24.1556990568457,23.72333579329154,27.844925799632136,31.601015523855473,31.509429636681663,-6.187457201353146,Normal,2025-12-31 23:30:16.645651
HUBS,2025-12-31 23:30:16.645651,2025-12-31,,schwab,401.5,360297.0,mark,1767225012750,1767228193835,24422.81,False,CLOSED,OK,COMPUTED,,,,,,,,,,,,,,,,,,,,,,,,,,,,28.0721801974667,28.134868988045568,28.600132430278112,49.05355390568913,48.109463332504404,28.0721801974667,28.134868988045568,28.600132430278112,49.05355390568913,48.109463332504404,46.75948558187455,44.646812145419894,46.09708153917233,-0.5279522328114119,Normal_Compression,2025-12-31 23:30:16.645651
MA,2025-12-31 23:30:16.645651,2025-12-31,,schwab,570.9,1736797.0,mark,1767229200212,1767229039255,23577.39,False,CLOSED,OK,COMPUTED,19.738,,,,19.738,,,,,,,,,,,,,,,,,,,,,,,9.360630943838364,20.83800291519868,20.197394297610526,19.34537553335961,18.18972655388949,9.360630943838364,20.83800291519868,20.197394297610526,19.34537553335961,18.18972655388949,17.2587135844589,19.6828128408345,19.609865069097822,-10.836763353772161,Normal_Contraction,2025-12-31 23:30:16.645651
MLM,2025-12-31 23:30:16.645651,2025-12-31,,schwab,622.66,273915.0,mark,1767229200213,1767221819311,30797.334,False,CLOSED,OK,COMPUTED,,,,,,,,,,,,,,,,,,,,,,,,,,,,17.878822816340374,17.748349873366827,16.99641317472048,18.397101880009302,18.456367063468885,17.878822816340374,17.748349873366827,16.99641317472048,18.397101880009302,18.456367063468885,19.717132657355616,19.32452416533562,20.186972647424657,0.8824096416198941,Normal_Compression,2025-12-31 23:30:16.645651
FIX,2025-12-31 23:30:16.645651,2025-12-31,,schwab,933.29,192798.0,mark,1767229200206,1767226025956,26590.689,False,CLOSED,OK,COMPUTED,,,,,,,,,,,,,,,,,,,,,,,,,,,,55.87784983987471,50.9825170151036,49.489922571967995,58.490901945482406,52.083443951669274,55.87784983987471,50.9825170151036,49.489922571967995,58.490901945482406,52.083443951669274,54.892300111337136,50.50572904970807,49.06744478771225,6.3879272679067185,High,2025-12-31 23:30:16.645651
ISRG,2025-12-31 23:30:16.645651,2025-12-31,,schwab,566.51,992646.0,mark,1767228917528,1767228905903,23710.742,False,CLOSED,OK,COMPUTED,39.284,,,,39.284,,,,,,,,,,,,,,,,,,,,,,,14.458440771947084,19.274480943324196,21.3164101347642,36.21065247272979,34.61343929075857,14.458440771947084,19.274480943324196,21.3164101347642,36.21065247272979,34.61343929075857,31.639675915271926,30.35277032591988,29.549200701578147,-6.857969362817117,Normal,2025-12-31 23:30:16.645651
IDXX,2025-12-31 23:30:16.645651,2025-12-31,,schwab,676.53,292303.0,mark,1767228998235,1767228217027,24399.618,False,CLOSED,OK,COMPUTED,,,,,,,,,,,,,,,,,,,,,,,,,,,,16.88120531319551,13.97588826285879,28.03178821770044,36.981616203999224,32.858661042892535,16.88120531319551,13.97588826285879,28.03178821770044,36.981616203999224,32.858661042892535,48.62701551382526,43.89308043817919,42.47835750913648,-11.15058290450493,Normal_Contraction,2025-12-31 23:30:16.645651
EME,2025-12-31 23:30:16.645651,2025-12-31,,schwab,611.79,265549.0,mark,1767229200041,1767226617305,25999.34,False,CLOSED,OK,COMPUTED,,,,,,,,,,,,,,,,,,,,,,,,,,,,30.64019896161394,29.231828331240838,29.078695572476214,52.14499434566474,44.95780423901063,30.64019896161394,29.231828331240838,29.078695572476214,52.14499434566474,44.95780423901063,42.145477339743884,39.00831071965732,38.30528696395225,1.5615033891377266,Normal_Compression,2025-12-31 23:30:16.645651
AMP,2025-12-31 23:30:16.645651,2025-12-31,,schwab,490.34,378170.0,mark,1767229200046,1767221818948,30797.697,False,CLOSED,OK,COMPUTED,,,,,,,,,,,,,,,,,,,,,,,,,,,,10.966538637396527,19.55654097777105,18.22466886685519,23.077178470077758,21.747486372771828,10.966538637396527,19.55654097777105,18.22466886685519,23.077178470077758,21.747486372771828,22.50097764000517,21.353537630535964,22.342343197443185,-7.258130229458663,Normal,2025-12-31 23:30:16.645651
REGN,2025-12-31 23:30:16.645651,2025-12-31,,schwab,771.87,355156.0,mark,1767229163174,1767229163173,23453.472,False,CLOSED,OK,COMPUTED,36.731,,,,36.731,,,,,,,,,,,,,,,,,,,,,,,16.257593437915222,27.529686128313237,33.81959193157495,36.46236489895202,36.11243708067685,16.257593437915222,27.529686128313237,33.81959193157495,36.46236489895202,36.11243708067685,34.22427478489649,42.61821497597415,44.18135917634273,-17.561998493659726,Normal_Contraction,2025-12-31 23:30:16.645651
GEV,2025-12-31 23:30:16.645651,2025-12-31,,schwab,653.57,1259928.0,mark,1767228931529,1767229196312,23420.333,False,CLOSED,OK,COMPUTED,44.644,,,,44.644,,,,,,,,,,,,,,,,,,,,,,,64.34178830289257,73.87520939991904,71.08629994583768,58.875951188620355,53.00563918452282,64.34178830289257,73.87520939991904,71.08629994583768,58.875951188620355,53.00563918452282,51.992891510811475,48.397266075857466,47.02915457742367,-6.744511642945113,High,2025-12-31 23:30:16.645651
SPGI,2025-12-31 23:30:16.645651,2025-12-31,,schwab,522.59,1073948.0,mark,1767229200212,1767228849356,23767.289,False,CLOSED,OK,COMPUTED,15.28,,,,15.28,,,,,,,,,,,,,,,,,,,,,,,16.514391408860714,15.112898876314995,13.680968058966794,19.686935493039055,21.5669222693048,16.514391408860714,15.112898876314995,13.680968058966794,19.686935493039055,21.5669222693048,20.886630068040933,19.57818975526589,20.128536438882254,2.83342334989392,Low_Compression,2025-12-31 23:30:16.645651
DE,2025-12-31 23:30:16.645651,2025-12-31,,schwab,465.57,812080.0,mark,1767228921222,1767225879038,26737.607,False,CLOSED,OK,COMPUTED,21.18,,,,21.18,,,,,,,,,,,,,,,,,,,,,,,9.342069445175438,18.845424132625688,25.203957392519182,22.305605570891608,21.001322341855488,9.342069445175438,18.845424132625688,25.203957392519182,22.305605570891608,21.001322341855488,23.852250428472036,22.93021501044835,23.54625618678944,-15.861887947343744,Normal_Contraction,2025-12-31 23:30:16.645651
TDY,2025-12-31 23:30:16.645651,2025-12-31,,schwab,510.73,229400.0,mark,1767229081387,1767229081387,23535.258,False,CLOSED,OK,COMPUTED,,,,,,,,,,,,,,,,,,,,,,,,,,,,13.883080935400175,18.625498839392225,19.491211536673674,21.807417105334434,21.104304040087875,13.883080935400175,18.625498839392225,19.491211536673674,21.807417105334434,21.104304040087875,20.271932020529594,19.01336894557754,19.016472884250586,-5.6081306012734995,Normal,2025-12-31 23:30:16.645651
CASY,2025-12-31 23:30:16.645651,2025-12-31,,schwab,552.71,212747.0,mark,1767228827202,1767226786165,25830.48,False,CLOSED,OK,COMPUTED,,,,,,,,,,,,,,,,,,,,,,,,,,,,22.318391742057777,28.360149680818818,30.228601364351558,24.713471734840013,23.763886171007012,22.318391742057777,28.360149680818818,30.228601364351558,24.713471734840013,23.763886171007012,21.663938516600307,25.336494669794213,25.045765726316876,-7.910209622293781,Normal,2025-12-31 23:30:16.645651
CACC,2025-12-31 23:30:16.645651,2025-12-31,,schwab,443.46,143157.0,mark,1767223027696,1767222968594,29648.051,False,CLOSED,OK,COMPUTED,,,,,,,,,,,,,,,,,,,,,,,,,,,,12.55943085016514,21.764674002370178,26.580351841182782,41.05723506565091,41.36214552457745,12.55943085016514,21.764674002370178,26.580351841182782,41.05723506565091,41.36214552457745,41.09447586116657,39.75601766850001,39.21101200440064,-14.020920991017642,Normal_Contraction,2025-12-31 23:30:16.645651
SNPS,2025-12-31 23:30:16.645651,2025-12-31,,schwab,469.75,1177518.0,mark,1767228818962,1767228946973,23669.672,False,CLOSED,OK,COMPUTED,34.078,,,,34.078,,,,,,,,,,,,,,,,,,,,,,,26.392820028442216,31.423094502258902,32.52679430317082,38.43496978665078,88.19128768747565,26.392820028442216,31.423094502258902,32.52679430317082,38.43496978665078,88.19128768747565,78.16038621596881,71.03690807166494,67.0922026346726,-6.133974274728601,Normal,2025-12-31 23:30:16.645651
MSFT,2025-12-31 23:30:16.645651,2025-12-31,,schwab,483.37,15601554.0,mark,1767229194816,1767229196190,23420.455,False,CLOSED,OK,COMPUTED,25.358,,,,25.358,,,,,,,,,,,,,,,,,,,,,,,9.929490784901542,17.804031476388115,19.68975580842117,18.892310095271835,17.847902332732776,9.929490784901542,17.804031476388115,19.68975580842117,18.892310095271835,17.847902332732776,17.899090344656283,16.870129769074786,20.066997785130315,-9.76026502351963,Normal,2025-12-31 23:30:16.645651
NOC,2025-12-31 23:30:16.645651,2025-12-31,,schwab,570.21,419626.0,mark,1767228390438,1767228596352,24020.293,False,CLOSED,OK,COMPUTED,,,,,,,,,,,,,,,,,,,,,,,,,,,,19.90095216543705,17.527394314109088,20.665851449615285,19.878115880613635,18.57971977441608,19.90095216543705,17.527394314109088,20.665851449615285,19.878115880613635,18.57971977441608,21.36975189248103,21.593833947839897,26.863771126757953,-0.7648992841782345,Normal_Compression,2025-12-31 23:30:16.645651
MCO,2025-12-31 23:30:16.645651,2025-12-31,,schwab,510.85,519157.0,mark,1767229200212,1767221818796,30797.849,False,CLOSED,OK,COMPUTED,,,,,,,,,,,,,,,,,,,,,,,,,,,,13.123286732953698,15.200192909220345,13.65941263131021,19.95307909750135,21.267634182649918,13.123286732953698,15.200192909220345,13.65941263131021,19.95307909750135,21.267634182649918,20.657450933691432,20.028962614036256,21.099755374217025,-0.5361258983565129,Low_Compression,2025-12-31 23:30:16.645651
CW,2025-12-31 23:30:16.645651,2025-12-31,,schwab,551.27,119097.0,mark,1767229200105,1767223310272,29306.373,False,CLOSED,OK,COMPUTED,,,,,,,,,,,,,,,,,,,,,,,,,,,,23.53580526271465,30.202334038046015,29.287333106218178,31.791838167035724,29.61266014409145,23.53580526271465,30.202334038046015,29.287333106218178,31.791838167035724,29.61266014409145,30.075144785034265,28.372029997991326,27.78712575140873,-5.751527843503528,Normal,2025-12-31 23:30:16.645651
KNSL,2025-12-31 23:30:16.645651,2025-12-31,,schwab,391.12,134417.0,mark,1767229200077,1767228731749,23884.896,False,CLOSED,OK,COMPUTED,,,,,,,,,,,,,,,,,,,,,,,,,,,,28.13562441729447,32.44542261025524,33.83237661638186,34.184405885518935,33.864061950012356,28.13562441729447,32.44542261025524,33.83237661638186,34.184405885518935,33.864061950012356,32.26295566727654,30.73054359759887,37.55842709160717,-5.696752199087388,Normal,2025-12-31 23:30:16.645651
LIN,2025-12-31 23:30:16.645651,2025-12-31,,schwab,426.39,1569172.0,mark,1767228640562,1767225441134,27175.511,False,CLOSED,OK,COMPUTED,,,,,,,,,,,,,,,,,,,,,,,,,,,,7.397937016587974,20.142487388551768,17.944223988284165,18.079453654635333,16.740438267634197,7.397937016587974,20.142487388551768,17.944223988284165,18.079453654635333,16.740438267634197,15.706720813872485,15.149394166763683,15.461097125008466,-10.54628697169619,Normal_Contraction,2025-12-31 23:30:16.645651
CACI,2025-12-31 23:30:16.645651,2025-12-31,,schwab,532.81,187364.0,mark,1767229200097,1767216675882,35940.763,False,CLOSED,OK,COMPUTED,,,,,,,,,,,,,,,,,,,,,,,,,,,,15.066287965463927,19.218230126055623,20.024578600632907,31.467997951941417,29.67549407603484,15.066287965463927,19.218230126055623,20.024578600632907,31.467997951941417,29.67549407603484,29.784846224936462,29.535311893301053,29.91479229957708,-4.95829063516898,Normal_Compression,2025-12-31 23:30:16.645651
LMT,2025-12-31 23:30:16.645651,2025-12-31,,schwab,483.67,670337.0,mark,1767227334035,1767228973729,23642.916,False,CLOSED,OK,COMPUTED,23.762,,,,23.762,,,,,,,,,,,,,,,,,,,,,,,15.585024056198899,17.007485678869916,21.508955932740157,20.432952536645956,18.858641541287195,15.585024056198899,17.007485678869916,21.508955932740157,20.432952536645956,18.858641541287195,24.514842642909716,25.078932731852078,24.56278169606123,-5.923931876541259,Normal,2025-12-31 23:30:16.645651
ULTA,2025-12-31 23:30:16.645651,2025-12-31,,schwab,605.2,282643.0,mark,1767228935479,1767225218850,27397.795,False,CLOSED,OK,COMPUTED,26.498,,,,26.498,,,,,,,,,,,,,,,,,,,,,,,17.73280478430023,47.38569505983629,41.130255458149875,33.87582542195259,35.02390265114932,17.73280478430023,47.38569505983629,41.130255458149875,33.87582542195259,35.02390265114932,32.1272616050353,32.90001423104566,32.137341319685845,-23.397450673849644,High_Contraction,2025-12-31 23:30:16.645651
DPZ,2025-12-31 23:30:16.645651,2025-12-31,,schwab,416.82,389924.0,mark,1767228640512,1767228308787,24307.858,False,CLOSED,OK,COMPUTED,,,,,,,,,,,,,,,,,,,,,,,,,,,,12.44652618550953,20.67157169992341,22.195858293437727,22.0229292611194,21.401246708594744,12.44652618550953,20.67157169992341,22.195858293437727,22.0229292611194,21.401246708594744,22.47335869489097,22.15174202994918,21.588331287907195,-9.749332107928197,Normal,2025-12-31 23:30:16.645651
FDS,2025-12-31 23:30:16.645651,2025-12-31,,schwab,290.19,422437.0,mark,1767229200208,1767227664552,24952.093,False,CLOSED,OK,COMPUTED,,,,,,,,,,,,,,,,,,,,,,,,,,,,51.86430324940907,39.16473044320028,34.48123994628162,33.625326326428464,36.865501969012264,51.86430324940907,39.16473044320028,34.48123994628162,33.625326326428464,36.865501969012264,33.94070250741757,31.748940071402878,30.32709178308946,17.38306330312745,Normal_Expansion,2025-12-31 23:30:16.645651
GPI,2025-12-31 23:30:16.645651,2025-12-31,,schwab,393.3,117943.0,mark,1767229200058,1767223812687,28803.958,False,CLOSED,OK,COMPUTED,,,,,,,,,,,,,,,,,,,,,,,,,,,,12.92966680456347,20.993005445178394,22.162213398190488,28.71006115040922,27.94181448392025,12.92966680456347,20.993005445178394,22.162213398190488,28.71006115040922,27.94181448392025,33.37902063985712,32.38064483974888,31.24261953512344,-9.232546593627019,Normal,2025-12-31 23:30:16.645651
WSO,2025-12-31 23:30:16.645651,2025-12-31,,schwab,337.01,223136.0,mark,1767229200212,1767224575496,28041.149,False,CLOSED,OK,COMPUTED,,,,,,,,,,,,,,,,,,,,,,,,,,,,15.494364140613792,30.1480709746794,31.991997880950485,33.638982666134616,31.062055062069753,15.494364140613792,30.1480709746794,31.991997880950485,33.638982666134616,31.062055062069753,31.004607636873427,29.598454341270436,32.252819320286584,-16.497633740336695,Normal_Contraction,2025-12-31 23:30:16.645651
TT,2025-12-31 23:30:16.645651,2025-12-31,,schwab,389.21,662018.0,mark,1767229200212,1767227463609,25153.036,False,CLOSED,OK,COMPUTED,,,,,,,,,,,,,,,,,,,,,,,,,,,,21.185627453828555,19.822574607864325,21.632318124188252,23.711851096943583,22.169466830363277,21.185627453828555,19.822574607864325,21.632318124188252,23.711851096943583,22.169466830363277,24.955434531837433,23.076637945409743,25.505224106193154,-0.4466906703596969,Normal_Compression,2025-12-31 23:30:16.645651
CVCO,2025-12-31 23:30:16.645651,2025-12-31,,schwab,590.74,136849.0,mark,1767228854161,1767221819206,30797.439,False,CLOSED,OK,COMPUTED,,,,,,,,,,,,,,,,,,,,,,,,,,,,18.14253002384053,25.507421774316715,30.374905838566484,41.48942863075556,43.65009240785713,18.14253002384053,25.507421774316715,30.374905838566484,41.48942863075556,43.65009240785713,42.46889439948603,40.55380088817733,39.822996514095955,-12.232375814725955,Normal_Contraction,2025-12-31 23:30:16.645651
MSI,2025-12-31 23:30:16.645651,2025-12-31,,schwab,383.32,1395107.0,mark,1767229200209,1767228264832,24351.813,False,CLOSED,OK,COMPUTED,,,,,,,,,,,,,,,,,,,,,,,,,,,,18.990886173015788,16.168442536404235,15.013646849032373,22.508923228038338,21.177018688834107,18.990886173015788,16.168442536404235,15.013646849032373,22.508923228038338,21.177018688834107,20.168639807850415,19.0429055037688,20.916217544936018,3.977239323983415,Normal_Compression,2025-12-31 23:30:16.645651
DUOL,2025-12-31 23:30:16.645651,2025-12-31,,schwab,174.8,1214744.0,mark,1767229127424,1767229172287,23444.358,False,CLOSED,OK,COMPUTED,58.559,,,,58.559,,,,,,,,,,,,,,,,,,,,,,,22.585891135072906,44.254685894048976,45.69027052669634,76.21799933140576,70.97456755545433,22.585891135072906,44.254685894048976,45.69027052669634,76.21799933140576,70.97456755545433,71.93420318054635,66.18934930637224,67.33252793600374,-23.104379391623432,High_Contraction,2025-12-31 23:30:16.645651
TMO,2025-12-31 23:30:16.645651,2025-12-31,,schwab,579.45,739319.0,mark,1767229200027,1767229109709,23506.936,False,CLOSED,OK,COMPUTED,27.634,,,,27.634,,,,,,,,,,,,,,,,,,,,,,,13.06931091072768,14.523036752605961,16.4456706779576,17.06254377746303,25.333560016864087,13.06931091072768,14.523036752605961,16.4456706779576,17.06254377746303,25.333560016864087,29.73972123667815,28.928521124282604,30.386871074606603,-3.3763597672299213,Normal_Compression,2025-12-31 23:30:16.645651
MUSA,2025-12-31 23:30:16.645651,2025-12-31,,schwab,403.52,175500.0,mark,1767229200113,1767222782471,29834.174,False,CLOSED,OK,COMPUTED,,,,,,,,,,,,,,,,,,,,,,,,,,,,13.869224169361283,19.463820134937237,24.59433018742271,30.32193676323051,30.5332744937592,13.869224169361283,19.463820134937237,24.59433018742271,30.32193676323051,30.5332744937592,33.782389009237306,33.31343071959324,35.305784379789124,-10.725106018061426,Normal_Contraction,2025-12-31 23:30:16.645651
HUBB,2025-12-31 23:30:16.645651,2025-12-31,,schwab,444.11,249495.0,mark,1767229200212,1767216602385,36014.26,False,CLOSED,OK,COMPUTED,,,,,,,,,,,,,,,,,,,,,,,,,,,,20.71333457063292,25.140823558323323,24.981993001621596,28.35434837994999,26.273022945186497,20.71333457063292,25.140823558323323,24.981993001621596,28.35434837994999,26.273022945186497,26.703500461967106,25.48240712178778,27.407534428755532,-4.268658430988676,Normal_Compression,2025-12-31 23:30:16.645651
IT,2025-12-31 23:30:16.645651,2025-12-31,,schwab,252.28,581973.0,mark,1767229200212,1767228619902,23996.743,False,CLOSED,OK,COMPUTED,,,,,,,,,,,,,,,,,,,,,,,,,,,,11.105637003143272,21.059400477163813,24.198695695397056,36.15416004788891,35.79464318586732,11.105637003143272,21.059400477163813,24.198695695397056,36.15416004788891,35.79464318586732,58.2555386659806,52.781300633798345,49.002746397712855,-13.093058692253784,Normal_Contraction,2025-12-31 23:30:16.645651
CHTR,2025-12-31 23:30:16.645651,2025-12-31,,schwab,208.75,940641.0,mark,1767226990472,1767228608498,24008.147,False,CLOSED,OK,COMPUTED,61.53,,,,61.53,,,,,,,,,,,,,,,,,,,,,,,14.466691081319333,22.725293840372238,25.702936800485187,31.305931846277957,29.10945203096983,14.466691081319333,22.725293840372238,25.702936800485187,31.305931846277957,29.10945203096983,42.440515286560846,39.98727735892451,40.727899454547355,-11.236245719165854,Normal_Contraction,2025-12-31 23:30:16.645651
SYK,2025-12-31 23:30:16.645651,2025-12-31,,schwab,351.47,1196413.0,mark,1767229200212,1767221079228,31537.417,False,CLOSED,OK,COMPUTED,,,,,,,,,,,,,,,,,,,,,,,,,,,,7.165615942170181,13.709368166258779,15.398178108546528,19.9448155473261,18.33119125248555,7.165615942170181,13.709368166258779,15.398178108546528,19.9448155473261,18.33119125248555,18.894452955893087,17.820663173583174,18.32165582689702,-8.232562166376347,Normal,2025-12-31 23:30:16.645651
ADBE,2025-12-31 23:30:16.645651,2025-12-31,,schwab,349.8,2116207.0,mark,1767229152129,1767229191396,23425.249,False,CLOSED,OK,COMPUTED,25.323,,,,25.323,,,,,,,,,,,,,,,,,,,,,,,13.732843501347025,25.63091720523179,25.813399314350306,27.477753023183173,26.47183741115859,13.732843501347025,25.63091720523179,25.813399314350306,27.477753023183173,26.47183741115859,26.035095574482437,26.81348334900635,26.036114557090862,-12.080555813003281,Normal_Contraction,2025-12-31 23:30:16.645651
CAT,2025-12-31 23:30:16.645651,2025-12-31,,schwab,572.9,1164004.0,mark,1767228984280,1767229182015,23434.63,False,CLOSED,OK,COMPUTED,37.634,,,,37.634,,,,,,,,,,,,,,,,,,,,,,,27.784621348751298,30.738771092559215,27.86744121844008,36.988842035496646,32.48504257754248,27.784621348751298,30.738771092559215,27.86744121844008,36.988842035496646,32.48504257754248,30.45217539941321,28.356034152025682,28.25687460414098,-0.08281986968878385,Normal_Compression,2025-12-31 23:30:16.645651
ELV,2025-12-31 23:30:16.645651,2025-12-31,,schwab,350.55,855602.0,mark,1767229200001,1767228937941,23678.704,False,CLOSED,OK,COMPUTED,,,,,,,,,,,,,,,,,,,,,,,,,,,,16.3791628196353,27.46367370773938,28.15792878341995,28.471774900351015,28.772212923732948,16.3791628196353,27.46367370773938,28.15792878341995,28.471774900351015,28.772212923732948,38.37670364265925,38.66388096161701,39.92767426312114,-11.77876596378465,Normal_Contraction,2025-12-31 23:30:16.645651
RBC,2025-12-31 23:30:16.645651,2025-12-31,,schwab,448.43,123054.0,mark,1767216600804,1767219542099,33074.546,False,CLOSED,OK,COMPUTED,,,,,,,,,,,,,,,,,,,,,,,,,,,,16.06240242109645,20.4631709682872,20.102340944033063,24.954355822699227,23.87435968794635,16.06240242109645,20.4631709682872,20.102340944033063,24.954355822699227,23.87435968794635,23.611385986912044,22.40240066697202,23.407803104213862,-4.0399385229366125,Normal_Compression,2025-12-31 23:30:16.645651
PWR,2025-12-31 23:30:16.645651,2025-12-31,,schwab,422.06,521264.0,mark,1767229200206,1767228264833,24351.812,False,CLOSED,OK,COMPUTED,,,,,,,,,,,,,,,,,,,,,,,,,,,,33.835106716025926,34.29879374748296,34.80875598438754,36.886393192951964,33.55577719188368,33.835106716025926,34.29879374748296,34.80875598438754,36.886393192951964,33.55577719188368,31.230737145855088,29.459992771179984,31.642341015150965,-0.973649268361612,Normal_Compression,2025-12-31 23:30:16.645651
HCA,2025-12-31 23:30:16.645651,2025-12-31,,schwab,466.86,589835.0,mark,1767229200056,1767228999457,23617.188,False,CLOSED,OK,COMPUTED,,,,,,,,,,,,,,,,,,,,,,,,,,,,13.213990245035989,23.74462539910874,24.84515009661473,25.257856797945973,23.513132962274348,13.213990245035989,23.74462539910874,24.84515009661473,25.257856797945973,23.513132962274348,24.38890103882141,23.201435297067107,24.96226212214847,-11.631159851578742,Normal_Contraction,2025-12-31 23:30:16.645651
CSL,2025-12-31 23:30:16.645651,2025-12-31,,schwab,319.86,288464.0,mark,1767229200212,1767223805148,28811.497,False,CLOSED,OK,COMPUTED,,,,,,,,,,,,,,,,,,,,,,,,,,,,13.220681478351565,19.215726675033174,24.986779541078626,25.838368972843227,29.02075642225908,13.220681478351565,19.215726675033174,24.986779541078626,25.838368972843227,29.02075642225908,37.38738926436476,35.30170463141085,34.350209722068094,-11.76609806272706,Normal_Contraction,2025-12-31 23:30:16.645651
HD,2025-12-31 23:30:16.645651,2025-12-31,,schwab,344.25,2317891.0,mark,1767229168771,1767229168778,23447.867,False,CLOSED,OK,COMPUTED,19.288,,,,19.288,,,,,,,,,,,,,,,,,,,,,,,17.838029143389196,19.714932158255202,29.95337945162071,23.995216605840632,21.072889956883532,17.838029143389196,19.714932158255202,29.95337945162071,23.995216605840632,21.072889956883532,22.25154396207123,21.184119090197786,21.370853011635152,-12.115350308231513,Normal_Contraction,2025-12-31 23:30:16.645651
LPLA,2025-12-31 23:30:16.645651,2025-12-31,,schwab,357.18,531957.0,mark,1767222140126,1767221818836,30797.809,False,CLOSED,OK,COMPUTED,,,,,,,,,,,,,,,,,,,,,,,,,,,,29.51008203623481,28.75171316279551,27.222281544668643,32.66925196304916,33.22173629558363,29.51008203623481,28.75171316279551,27.222281544668643,32.66925196304916,33.22173629558363,33.41879148545615,32.152398484769876,32.43064702992239,2.2878004915661663,Normal_Compression,2025-12-31 23:30:16.645651
ETN,2025-12-31 23:30:16.645651,2025-12-31,,schwab,318.55,1553864.0,mark,1767229200047,1767229045205,23571.44,False,CLOSED,OK,COMPUTED,31.806,,,,31.806,,,,,,,,,,,,,,,,,,,,,,,23.865435849739384,29.931310746096095,31.685895911692725,31.258308400020223,29.33359000081886,23.865435849739384,29.931310746096095,31.685895911692725,31.258308400020223,29.33359000081886,29.48273824664824,28.444159658513367,28.552255935862313,-7.820460061953341,Normal,2025-12-31 23:30:16.645651
AON,2025-12-31 23:30:16.645651,2025-12-31,,schwab,352.88,453298.0,mark,1767229200212,1767221818720,30797.925,False,CLOSED,OK,COMPUTED,,,,,,,,,,,,,,,,,,,,,,,,,,,,10.915777403435424,15.47792487902285,15.387492958632675,18.84656480533419,17.905684233135037,10.915777403435424,15.47792487902285,15.387492958632675,18.84656480533419,17.905684233135037,19.450413481209367,19.545857908767765,22.35105786628549,-4.471715555197251,Normal_Compression,2025-12-31 23:30:16.645651
WAT,2025-12-31 23:30:16.645651,2025-12-31,,schwab,379.83,217599.0,mark,1767229200072,1767228652979,23963.666,False,CLOSED,OK,COMPUTED,,,,,,,,,,,,,,,,,,,,,,,,,,,,11.37712028118061,16.390049499164505,21.779016186008622,25.445936741359787,28.527862463911585,11.37712028118061,16.390049499164505,21.779016186008622,25.445936741359787,28.527862463911585,37.03104144193311,34.24672625890442,34.82570085075974,-10.401895904828013,Normal_Contraction,2025-12-31 23:30:16.645651
V,2025-12-31 23:30:16.645651,2025-12-31,,schwab,351.0,3503151.0,mark,1767229200203,1767229041175,23575.47,False,CLOSED,OK,COMPUTED,19.665,,,,19.665,,,,,,,,,,,,,,,,,,,,,,,8.657253422749491,23.301955623468086,20.807227369722796,19.41686077789882,18.63084742160275,8.657253422749491,23.301955623468086,20.807227369722796,19.41686077789882,18.63084742160275,17.951801804299773,19.875073339426717,19.811097524791727,-12.149973946973304,Normal_Contraction,2025-12-31 23:30:16.645651
WING,2025-12-31 23:30:16.645651,2025-12-31,,schwab,238.5,445248.0,mark,1767223085050,1767224864239,27752.406,False,CLOSED,OK,COMPUTED,,,,,,,,,,,,,,,,,,,,,,,,,,,,35.479186400379575,37.74847042189827,47.1947024426264,54.10897311302194,49.886747610591364,35.479186400379575,37.74847042189827,47.1947024426264,54.10897311302194,49.886747610591364,60.13141168185969,55.855854450752894,56.86486534198281,-11.715516042246826,High_Contraction,2025-12-31 23:30:16.645651
SHW,2025-12-31 23:30:16.645651,2025-12-31,,schwab,324.03,830248.0,mark,1767229200211,1767228863627,23753.018,False,CLOSED,OK,COMPUTED,,,,,,,,,,,,,,,,,,,,,,,,,,,,10.536706924532156,14.315180849007062,16.650673204481166,20.497747638823107,20.860609281346047,10.536706924532156,14.315180849007062,16.650673204481166,20.497747638823107,20.860609281346047,20.975906980452024,21.989189620305822,22.67065998896059,-6.113966279949009,Normal,2025-12-31 23:30:16.645651
NVDA,2025-12-31 23:30:16.645651,2025-12-31,,schwab,186.46,120100484.0,mark,1767229197980,1767229198917,23417.728,False,CLOSED,OK,COMPUTED,36.065,,,,36.065,,,,,,,,,,,,,,,,,,,,,,,35.557544648223036,30.66349089365304,32.03194172222958,37.59536236706529,35.00018651474861,35.557544648223036,30.66349089365304,32.03194172222958,37.59536236706529,35.00018651474861,32.93932109808358,31.985680593779474,34.52902244672645,3.5256029259934536,Normal_Compression,2025-12-31 23:30:16.645651
AAPL,2025-12-31 23:30:16.645651,2025-12-31,,schwab,272.01,27293639.0,mark,1767229135510,1767229186322,23430.323,False,CLOSED,OK,COMPUTED,21.708,,,,21.708,,,,,,,,,,,,,,,,,,,,,,,9.27326332960144,9.784584750888694,13.072381475517968,17.82886914279431,20.119374801727314,9.27326332960144,9.784584750888694,13.072381475517968,17.82886914279431,20.119374801727314,21.43471822209874,20.657879262203245,23.255733472618275,-3.7991181459165286,Low_Compression,2025-12-31 23:30:16.645651
AMZN,2025-12-31 23:30:16.645651,2025-12-31,,schwab,230.82,24383749.0,mark,1767229192388,1767229194122,23422.523,False,CLOSED,OK,COMPUTED,33.802,,,,33.802,,,,,,,,,,,,,,,,,,,,,,,15.446400015395659,17.53639736090539,23.68636383028828,33.23236231143906,30.24717287945818,15.446400015395659,17.53639736090539,23.68636383028828,33.23236231143906,30.24717287945818,31.049594709013125,29.324912887115396,30.793672459959097,-8.23996381489262,Normal,2025-12-31 23:30:16.645651
GOOG,2025-12-31 23:30:16.645651,2025-12-31,,schwab,313.7,10821502.0,mark,1767229147949,1767229196249,23420.396,False,CLOSED,OK,COMPUTED,32.712,,,,32.712,,,,,,,,,,,,,,,,,,,,,,,22.91070296666355,22.3455276830975,29.132027336481148,29.648101894446942,29.860313861941307,22.91070296666355,22.3455276830975,29.132027336481148,29.648101894446942,29.860313861941307,27.588407447837803,26.8628277642976,28.565904567056972,-6.221324369817598,Normal,2025-12-31 23:30:16.645651
AVGO,2025-12-31 23:30:16.645651,2025-12-31,,schwab,345.9,15346052.0,mark,1767229190754,1767229195086,23421.559,False,CLOSED,OK,COMPUTED,39.232,,,,39.232,,,,,,,,,,,,,,,,,,,,,,,33.21298901810733,55.90034968645736,59.77551068001497,53.21463705510448,50.77689804025722,33.21298901810733,55.90034968645736,59.77551068001497,53.21463705510448,50.77689804025722,46.223113926331905,43.835029747167944,42.93441456461509,-26.56252166190764,High_Contraction,2025-12-31 23:30:16.645651
TSLA,2025-12-31 23:30:16.645651,2025-12-31,,schwab,449.59,49077961.0,mark,1767229194920,1767229197077,23419.568,False,CLOSED,OK,COMPUTED,47.551,,,,47.551,,,,,,,,,,,,,,,,,,,,,,,36.48232530652235,39.50718313638858,38.78097815694206,45.737315887094894,46.487340577465034,36.48232530652235,39.50718313638858,38.78097815694206,45.737315887094894,46.487340577465034,45.59325962628426,51.356038089110655,52.62519858722802,-2.298652850419714,Normal_Compression,2025-12-31 23:30:16.645651
JPM,2025-12-31 23:30:16.645651,2025-12-31,,schwab,322.35,5048531.0,mark,1767228972227,1767229170793,23445.852,False,CLOSED,OK,COMPUTED,22.528,,,,22.528,,,,,,,,,,,,,,,,,,,,,,,15.7163013154686,26.314817590340063,23.958533134688622,22.96437712882285,20.68455453270188,15.7163013154686,26.314817590340063,23.958533134688622,22.96437712882285,20.68455453270188,19.545766408722614,19.159680895107208,19.270534287504738,-8.242231819220022,Normal,2025-12-31 23:30:16.645651
WMT,2025-12-31 23:30:16.645651,2025-12-31,,schwab,111.46,11487434.0,mark,1767228980020,1767229160655,23455.99,False,CLOSED,OK,COMPUTED,17.598,,,,17.598,,,,,,,,,,,,,,,,,,,,,,,12.545087533622286,17.477137704377547,26.702108086424346,23.589687174883807,20.851940374817218,12.545087533622286,17.477137704377547,26.702108086424346,23.589687174883807,20.851940374817218,21.06961988997034,20.24510442216891,19.98228981085181,-14.15702055280206,Normal_Contraction,2025-12-31 23:30:16.645651
ORCL,2025-12-31 23:30:16.645651,2025-12-31,,schwab,193.6,10341453.0,mark,1767229199558,1767229199818,23416.827,False,CLOSED,OK,COMPUTED,42.833,,,,42.833,,,,,,,,,,,,,,,,,,,,,,,50.259255318181395,60.87803678429257,57.60353329501731,52.3670258950748,73.2060823666684,50.259255318181395,60.87803678429257,57.60353329501731,52.3670258950748,73.2060823666684,65.44596678019849,62.99559168355414,59.351733698685685,-7.344277976835912,High,2025-12-31 23:30:16.645651
XOM,2025-12-31 23:30:16.645651,2025-12-31,,schwab,120.34,10559866.0,mark,1767229172365,1767229181569,23435.076,False,CLOSED,OK,COMPUTED,18.567,,,,18.567,,,,,,,,,,,,,,,,,,,,,,,15.289967875013948,19.281561913666714,17.99035470167649,17.240105001622396,18.153877452188095,15.289967875013948,19.281561913666714,17.99035470167649,17.240105001622396,18.153877452188095,18.210677775614744,19.2142467041106,19.53647793758388,-2.700386826662543,Normal_Compression,2025-12-31 23:30:16.645651
PG,2025-12-31 23:30:16.645651,2025-12-31,,schwab,143.31,5293220.0,mark,1767229117823,1767229185073,23431.572,False,CLOSED,OK,COMPUTED,21.401,,,,21.401,,,,,,,,,,,,,,,,,,,,,,,15.74535817519063,20.271735248500942,19.805636082689013,17.59574163597174,16.337884850256067,15.74535817519063,20.271735248500942,19.805636082689013,17.59574163597174,16.337884850256067,16.251915560769774,15.79532676470991,16.959341138292682,-4.060277907498383,Normal_Compression,2025-12-31 23:30:16.645651
JNJ,2025-12-31 23:30:16.645651,2025-12-31,,schwab,206.95,4084013.0,mark,1767229200203,1767229170792,23445.853,False,CLOSED,OK,COMPUTED,19.019,,,,19.019,,,,,,,,,,,,,,,,,,,,,,,10.21646925112194,18.97565154917065,16.317106106714185,15.173302983298756,14.77481955567099,10.21646925112194,18.97565154917065,16.317106106714185,15.173302983298756,14.77481955567099,16.928780793914562,16.188834246833633,16.68470926145501,-6.100636855592246,Normal,2025-12-31 23:30:16.645651
BAC,2025-12-31 23:30:16.645651,2025-12-31,,schwab,55.0,16293026.0,mark,1767229200213,1767229085481,23531.164,False,CLOSED,OK,COMPUTED,22.948,,,,22.948,,,,,,,,,,,,,,,,,,,,,,,14.812637581125475,13.93699028543888,14.495597296029686,20.611460003116978,18.71119926725645,14.812637581125475,13.93699028543888,14.495597296029686,20.611460003116978,18.71119926725645,19.466685881583025,18.90003211416938,20.14516107471155,0.3170402850957892,Low_Compression,2025-12-31 23:30:16.645651
ABBV,2025-12-31 23:30:16.645651,2025-12-31,,schwab,228.6,3197147.0,mark,1767228995571,1767229163977,23452.668,False,CLOSED,OK,COMPUTED,27.494,,,,27.494,,,,,,,,,,,,,,,,,,,,,,,11.239976596870978,17.270085779157167,20.334039890192326,22.024322937612247,23.940684337740027,11.239976596870978,17.270085779157167,20.334039890192326,22.024322937612247,23.940684337740027,23.102470005992277,22.216088688272183,24.60276929704068,-9.094063293321348,Normal,2025-12-31 23:30:16.645651
PLTR,2025-12-31 23:30:16.645651,2025-12-31,,schwab,177.75,22997438.0,mark,1767229198608,1767229198607,23418.038,False,CLOSED,OK,COMPUTED,53.997,,,,53.997,,,,,,,,,,,,,,,,,,,,,,,49.70124424465219,41.05397090849985,41.84407819794214,49.796029381649845,46.79436581562534,49.70124424465219,41.05397090849985,41.84407819794214,49.796029381649845,46.79436581562534,47.263758354785104,49.078298173275684,53.030904102877265,7.857166046710049,High,2025-12-31 23:30:16.645651
KO,2025-12-31 23:30:16.645651,2025-12-31,,schwab,69.95,8127801.0,mark,1767229200315,1767229170493,23446.152,False,CLOSED,OK,COMPUTED,13.418,,,,13.418,,,,,,,,,,,,,,,,,,,,,,,5.96478524885107,11.442298311726072,14.031162807221664,16.831755941716935,15.330954836823027,5.96478524885107,11.442298311726072,14.031162807221664,16.831755941716935,15.330954836823027,15.172326684036081,14.801195165860193,15.247145974170351,-8.066377558370593,Low,2025-12-31 23:30:16.645651
PM,2025-12-31 23:30:16.645651,2025-12-31,,schwab,160.4,2590539.0,mark,1767228903939,1767229194715,23421.93,False,CLOSED,OK,COMPUTED,25.533,,,,25.533,,,,,,,,,,,,,,,,,,,,,,,15.375210124522907,20.46875945677706,23.287544817554107,24.03752729008274,23.62310797548338,15.375210124522907,20.46875945677706,23.287544817554107,24.03752729008274,23.62310797548338,26.1468250706551,24.811595709064473,24.154529159645847,-7.9123346930312,Normal,2025-12-31 23:30:16.645651
UNH,2025-12-31 23:30:16.645651,2025-12-31,,schwab,329.75,4285205.0,mark,1767229200214,1767229192072,23424.573,False,CLOSED,OK,COMPUTED,36.225,,,,36.225,,,,,,,,,,,,,,,,,,,,,,,13.583045335490345,26.109832448401736,25.746257910354654,26.827271880638225,28.459083623694013,13.583045335490345,26.109832448401736,25.746257910354654,26.827271880638225,28.459083623694013,37.30969829620909,35.95162486062131,54.699509294587564,-12.163212574864309,Normal_Contraction,2025-12-31 23:30:16.645651
CSCO,2025-12-31 23:30:16.645651,2025-12-31,,schwab,77.14,13570464.0,mark,1767229117413,1767229170645,23446.0,False,CLOSED,OK,COMPUTED,18.136,,,,18.136,,,,,,,,,,,,,,,,,,,,,,,16.78699424613593,16.469076884397023,19.08059855862012,22.69029217873621,20.558056409940075,16.78699424613593,16.469076884397023,19.08059855862012,22.69029217873621,20.558056409940075,21.03495551704018,20.170221963436735,20.50912638709437,-2.2936043124841916,Normal_Compression,2025-12-31 23:30:16.645651
GE,2025-12-31 23:30:16.645651,2025-12-31,,schwab,308.03,2555712.0,mark,1767228948276,1767229193134,23423.511,False,CLOSED,OK,COMPUTED,30.771,,,,30.771,,,,,,,,,,,,,,,,,,,,,,,27.2965353835115,27.065505856654532,28.4348458703557,25.351193961315676,23.992439294380087,27.2965353835115,27.065505856654532,28.4348458703557,25.351193961315676,23.992439294380087,23.490876985856023,23.556205324467747,24.190530986850543,-1.138310486844201,Normal_Compression,2025-12-31 23:30:16.645651
IBM,2025-12-31 23:30:16.645651,2025-12-31,,schwab,296.21,3430133.0,mark,1767228945446,1767229147467,23469.178,False,CLOSED,OK,COMPUTED,33.147,,,,33.147,,,,,,,,,,,,,,,,,,,,,,,13.270642820561203,13.878221157611723,18.142630021618817,26.964773775433148,25.731201614846494,13.270642820561203,13.878221157611723,18.142630021618817,26.964773775433148,25.731201614846494,27.090674518584812,25.584393695130185,26.3799558685784,-4.871987201057614,Normal_Compression,2025-12-31 23:30:16.645651
TMUS,2025-12-31 23:30:16.645651,2025-12-31,,schwab,202.95,3239542.0,mark,1767228720210,1767228788120,23828.525,False,CLOSED,OK,COMPUTED,22.946,,,,22.946,,,,,,,,,,,,,,,,,,,,,,,14.231656835831105,19.106601171080502,17.702754428091055,21.45501641847101,20.175366934674326,14.231656835831105,19.106601171080502,17.702754428091055,21.45501641847101,20.175366934674326,21.60927243450522,22.119204785354015,26.299768182943957,-3.47109759225995,Normal_Compression,2025-12-31 23:30:16.645651
CRM,2025-12-31 23:30:16.645651,2025-12-31,,schwab,264.91,3367930.0,mark,1767229163977,1767229163977,23452.668,False,CLOSED,OK,COMPUTED,24.281,,,,24.281,,,,,,,,,,,,,,,,,,,,,,,11.751735694693174,26.455131009528856,27.2429083125416,32.26395347321778,31.392409338101775,11.751735694693174,26.455131009528856,27.2429083125416,32.26395347321778,31.392409338101775,29.904428282995042,29.047017170082086,29.80752680623095,-15.491172617848427,Normal_Contraction,2025-12-31 23:30:16.645651
WFC,2025-12-31 23:30:16.645651,2025-12-31,,schwab,93.3,7919574.0,mark,1767228925105,1767228882839,23733.806,False,CLOSED,OK,COMPUTED,26.177,,,,26.177,,,,,,,,,,,,,,,,,,,,,,,15.85745087259594,19.912538325744357,18.61075065301576,25.102636637495095,23.786024725461665,15.85745087259594,19.912538325744357,18.61075065301576,25.102636637495095,23.786024725461665,24.95513817781213,23.964280379773587,24.06934390069297,-2.7532997804198196,Normal_Compression,2025-12-31 23:30:16.645651
CVX,2025-12-31 23:30:16.645651,2025-12-31,,schwab,152.41,4953110.0,mark,1767228959743,1767228993179,23623.466,False,CLOSED,OK,COMPUTED,20.271,,,,20.271,,,,,,,,,,,,,,,,,,,,,,,13.984523808377977,16.603894611692542,15.963472009855927,17.515837712165915,17.46914040471141,13.984523808377977,16.603894611692542,15.963472009855927,17.515837712165915,17.46914040471141,17.76489074190129,18.517602518421167,19.1635224009259,-1.9789482014779498,Normal_Compression,2025-12-31 23:30:16.645651
ABT,2025-12-31 23:30:16.645651,2025-12-31,,schwab,125.3,3157254.0,mark,1767223368925,1767228430434,24186.211,False,CLOSED,OK,COMPUTED,21.78,,,,21.78,,,,,,,,,,,,,,,,,,,,,,,9.20049967606255,17.079011687001355,20.397250480645273,18.648618765515497,17.485748327619575,9.20049967606255,17.079011687001355,20.397250480645273,18.648618765515497,17.485748327619575,21.760068699806705,20.867439191965357,20.68446135946379,-11.196750804582722,Normal_Contraction,2025-12-31 23:30:16.645651
AMD,2025-12-31 23:30:16.645651,2025-12-31,,schwab,214.1,17591581.0,mark,1767229178257,1767229181569,23435.076,False,CLOSED,OK,COMPUTED,51.817,,,,51.817,,,,,,,,,,,,,,,,,,,,,,,43.53780113793194,36.44700301653871,47.60252215359721,60.66505383932114,63.74706028959177,43.53780113793194,36.44700301653871,47.60252215359721,60.66505383932114,63.74706028959177,59.95381603605965,57.10184330408962,54.97003769087622,-4.064721015665263,High_Compression,2025-12-31 23:30:16.645651
MS,2025-12-31 23:30:16.645651,2025-12-31,,schwab,177.53,3098076.0,mark,1767228961596,1767228729980,23886.665,False,CLOSED,OK,COMPUTED,27.105,,,,27.105,,,,,,,,,,,,,,,,,,,,,,,19.31169458259966,17.89669278548559,19.525155177392808,23.514395004100983,21.21606353604257,19.31169458259966,17.89669278548559,19.525155177392808,23.514395004100983,21.21606353604257,20.818691293264667,19.708739373274017,21.48138114623907,-0.2134605947931476,Normal_Compression,2025-12-31 23:30:16.645651
AXP,2025-12-31 23:30:16.645651,2025-12-31,,schwab,369.95,1469523.0,mark,1767229177716,1767229163977,23452.668,False,CLOSED,OK,COMPUTED,25.483,,,,25.483,,,,,,,,,,,,,,,,,,,,,,,13.273945718037671,21.0089376462875,20.001808351000218,26.607159336023244,24.442364505248953,13.273945718037671,21.0089376462875,20.001808351000218,26.607159336023244,24.442364505248953,23.830826098302424,23.393752075836304,24.848693006403614,-6.727862632962546,Normal,2025-12-31 23:30:16.645651
DIS,2025-12-31 23:30:16.645651,2025-12-31,,schwab,113.77,6607973.0,mark,1767229065605,1767229181570,23435.075,False,CLOSED,OK,COMPUTED,29.856,,,,29.856,,,,,,,,,,,,,,,,,,,,,,,13.837469792993652,16.43690323443353,20.110790759593318,25.221549859881375,21.83896052938293,13.837469792993652,16.43690323443353,20.110790759593318,25.221549859881375,21.83896052938293,21.39514707849901,20.398889686569575,24.45464079924749,-6.273320966599666,Normal,2025-12-31 23:30:16.645651
MCD,2025-12-31 23:30:16.645651,2025-12-31,,schwab,305.63,1903701.0,mark,1767229200093,1767229013983,23602.662,False,CLOSED,OK,COMPUTED,14.891,,,,14.891,,,,,,,,,,,,,,,,,,,,,,,14.871697635169772,17.191238291368517,18.581750468645318,17.662336731543128,16.066466134990108,14.871697635169772,17.191238291368517,18.581750468645318,17.662336731543128,16.066466134990108,15.943375590879791,15.912369866254942,16.225062725087934,-3.7100528334755456,Normal_Compression,2025-12-31 23:30:16.645651
T,2025-12-31 23:30:16.645651,2025-12-31,,schwab,24.84,22911042.0,mark,1767229163977,1767229181569,23435.076,False,CLOSED,OK,COMPUTED,26.043,,,,26.043,,,,,,,,,,,,,,,,,,,,,,,8.48927266761587,13.055228195895886,14.225893001245648,17.742707260108915,19.018539041391406,8.48927266761587,13.055228195895886,14.225893001245648,17.742707260108915,19.018539041391406,18.097378408100276,18.345379444986214,19.736122374361447,-5.736620333629778,Low,2025-12-31 23:30:16.645651
ACN,2025-12-31 23:30:16.645651,2025-12-31,,schwab,268.3,1973217.0,mark,1767229200081,1767229163977,23452.668,False,CLOSED,OK,COMPUTED,24.717,,,,24.717,,,,,,,,,,,,,,,,,,,,,,,10.701166321893206,20.41081493932669,25.78424973548489,26.604316653146242,25.74170679529057,10.701166321893206,20.41081493932669,25.78424973548489,26.604316653146242,25.74170679529057,26.524844272343305,27.304248335334425,26.434221056855527,-15.083083413591686,Normal_Contraction,2025-12-31 23:30:16.645651
MRK,2025-12-31 23:30:16.645651,2025-12-31,,schwab,105.26,7557325.0,mark,1767229200212,1767229085514,23531.131,False,CLOSED,OK,COMPUTED,26.541,,,,26.541,,,,,,,,,,,,,,,,,,,,,,,19.695674906580653,21.748418455058676,29.35873032318407,26.770155331702224,29.396181033769082,19.695674906580653,21.748418455058676,29.35873032318407,26.770155331702224,29.396181033769082,28.636848662731396,27.46441777601908,29.197460506932067,-9.663055416603417,Normal,2025-12-31 23:30:16.645651
RTX,2025-12-31 23:30:16.645651,2025-12-31,,schwab,183.4,2644838.0,mark,1767229200066,1767229171025,23445.62,False,CLOSED,OK,COMPUTED,26.384,,,,26.384,,,,,,,,,,,,,,,,,,,,,,,17.91302570882869,17.05470219842908,21.086533034411396,25.908390706480162,23.35215333857741,17.91302570882869,17.05470219842908,21.086533034411396,25.908390706480162,23.35215333857741,22.2020609458432,21.65820801298214,25.51835618785368,-3.1735073255827047,Normal_Compression,2025-12-31 23:30:16.645651
UBER,2025-12-31 23:30:16.645651,2025-12-31,,schwab,81.71,8428449.0,mark,1767229200355,1767229196725,23419.92,False,CLOSED,OK,COMPUTED,31.617,,,,31.617,,,,,,,,,,,,,,,,,,,,,,,18.759293669619744,34.63924773735737,36.843615677808216,33.077922182786565,32.44798747642634,18.759293669619744,34.63924773735737,36.843615677808216,33.077922182786565,32.44798747642634,31.06558204521892,31.45596852945652,32.62460366904022,-18.084322008188472,Normal_Contraction,2025-12-31 23:30:16.645651
TXN,2025-12-31 23:30:16.645651,2025-12-31,,schwab,173.49,3426949.0,mark,1767229012591,1767229119388,23497.257,False,CLOSED,OK,COMPUTED,37.752,,,,37.752,,,,,,,,,,,,,,,,,,,,,,,15.113743224576403,21.299685364417524,26.30292810054684,29.777437533325894,27.05873613024497,15.113743224576403,21.299685364417524,26.30292810054684,29.777437533325894,27.05873613024497,33.75940798766077,31.8853384574355,33.80899011568991,-11.189184875970437,Normal_Contraction,2025-12-31 23:30:16.645651
BX,2025-12-31 23:30:16.645651,2025-12-31,,schwab,154.14,1843062.0,mark,1767229141221,1767229181570,23435.075,False,CLOSED,OK,COMPUTED,30.049,,,,30.049,,,,,,,,,,,,,,,,,,,,,,,17.19543380230012,22.308555104308923,21.517347113055585,27.4318937550115,26.563747931404073,17.19543380230012,22.308555104308923,21.517347113055585,27.4318937550115,26.563747931404073,27.4491738060274,27.330826286975764,30.87618863084929,-4.321913310755466,Normal_Compression,2025-12-31 23:30:16.645651
PEP,2025-12-31 23:30:16.645651,2025-12-31,,schwab,143.52,4380343.0,mark,1767225470469,1767229132987,23483.658,False,CLOSED,OK,COMPUTED,17.527,,,,17.527,,,,,,,,,,,,,,,,,,,,,,,11.827401504757278,17.564094018882344,15.804535930694325,19.71510299467619,18.95343985459111,11.827401504757278,17.564094018882344,15.804535930694325,19.71510299467619,18.95343985459111,22.181924439004693,21.340867490631517,21.76891784266469,-3.977134425937047,Normal_Compression,2025-12-31 23:30:16.645651
VZ,2025-12-31 23:30:16.645651,2025-12-31,,schwab,40.73,17454795.0,mark,1767229110261,1767229168555,23448.09,False,CLOSED,OK,COMPUTED,21.822,,,,21.822,,,,,,,,,,,,,,,,,,,,,,,12.107127099501518,16.71191789270993,17.227442995743836,19.67673750576878,19.850214488153586,12.107127099501518,16.71191789270993,17.227442995743836,19.67673750576878,19.850214488153586,19.149175434085684,18.610825266974334,18.953887779289442,-5.120315896242317,Normal,2025-12-31 23:30:16.645651
QCOM,2025-12-31 23:30:16.645651,2025-12-31,,schwab,171.05,4682573.0,mark,1767228994540,1767229163977,23452.668,False,CLOSED,OK,COMPUTED,34.635,,,,34.635,,,,,,,,,,,,,,,,,,,,,,,15.62801818891389,21.513356750507327,24.055509192523417,39.788059629158134,34.155552810479996,15.62801818891389,21.513356750507327,24.055509192523417,39.788059629158134,34.155552810479996,33.58305313306481,31.753298373574644,33.129329502547364,-8.427491003609527,Normal,2025-12-31 23:30:16.645651
SCHW,2025-12-31 23:30:16.645651,2025-12-31,,schwab,99.91,4380624.0,mark,1767229200211,1767228807195,23809.45,False,CLOSED,OK,COMPUTED,25.833,,,,25.833,,,,,,,,,,,,,,,,,,,,,,,17.007533513137304,17.617069980668738,16.964996195807576,17.307948526062514,20.9952293561474,17.007533513137304,17.617069980668738,16.964996195807576,17.307948526062514,20.9952293561474,20.852215412799993,19.41576074318993,19.059015248427276,0.0425373173297281,Normal_Compression,2025-12-31 23:30:16.645651
BA,2025-12-31 23:30:16.645651,2025-12-31,,schwab,217.12,5563028.0,mark,1767229198579,1767229198769,23417.876,False,CLOSED,OK,COMPUTED,29.368,,,,29.368,,,,,,,,,,,,,,,,,,,,,,,16.366415869676185,20.314911048909128,36.232404949006856,34.39172897188088,31.1362539082135,16.366415869676185,20.314911048909128,36.232404949006856,34.39172897188088,31.1362539082135,29.514311169284813,30.078924493797025,29.875153766399283,-19.86598907933067,Normal_Contraction,2025-12-31 23:30:16.645651
BSX,2025-12-31 23:30:16.645651,2025-12-31,,schwab,95.35,4219651.0,mark,1767229200190,1767228947806,23668.839,False,CLOSED,OK,COMPUTED,27.14,,,,27.14,,,,,,,,,,,,,,,,,,,,,,,13.713412584776352,18.987873876330557,21.96610005498199,21.839911180718996,20.167632665531947,13.713412584776352,18.987873876330557,21.96610005498199,21.839911180718996,20.167632665531947,20.232183138690395,19.574421540101312,19.65711447377465,-8.252687470205638,Normal,2025-12-31 23:30:16.645651
C,2025-12-31 23:30:16.645651,2025-12-31,,schwab,116.71,6203335.0,mark,1767229200311,1767229134461,23482.184,False,CLOSED,OK,COMPUTED,30.996,,,,30.996,,,,,,,,,,,,,,,,,,,,,,,23.63507949696792,21.0570176393028,20.12423861333883,24.011568871395525,22.206832651136605,23.63507949696792,21.0570176393028,20.12423861333883,24.011568871395525,22.206832651136605,23.067278538209006,22.399623183021898,23.69767820378322,3.51084088362909,Normal_Compression,2025-12-31 23:30:16.645651
PGR,2025-12-31 23:30:16.645651,2025-12-31,,schwab,227.72,2134025.0,mark,1767228981880,1767228985238,23631.407,False,CLOSED,OK,COMPUTED,19.995,,,,19.995,,,,,,,,,,,,,,,,,,,,,,,15.442547715383654,21.979551097024427,19.117029368081415,24.372518590108793,21.78251246788286,15.442547715383654,21.979551097024427,19.117029368081415,24.372518590108793,21.78251246788286,21.23539930738706,21.814203644124422,22.199350293889,-3.674481652697761,Normal_Compression,2025-12-31 23:30:16.645651
AMGN,2025-12-31 23:30:16.645651,2025-12-31,,schwab,327.31,1417378.0,mark,1767226622612,1767228406209,24210.436,False,CLOSED,OK,COMPUTED,24.219,,,,24.219,,,,,,,,,,,,,,,,,,,,,,,11.214244714383979,22.69219383815279,21.7986741098474,25.910354425729036,26.49528708735446,11.214244714383979,22.69219383815279,21.7986741098474,25.910354425729036,26.49528708735446,26.143081786268972,26.38190069644598,27.14395485794876,-10.584429395463422,Normal_Contraction,2025-12-31 23:30:16.645651
SHOP,2025-12-31 23:30:16.645651,2025-12-31,,schwab,160.97,4217081.0,mark,1767228177676,1767229131336,23485.309,False,CLOSED,OK,COMPUTED,42.131,,,,42.131,,,,,,,,,,,,,,,,,,,,,,,26.80730429684249,32.39254474986838,39.91364001363589,46.21143211170676,43.750631772250365,26.80730429684249,32.39254474986838,39.91364001363589,46.21143211170676,43.750631772250365,51.524863553803655,49.20484833757312,50.458645604337704,-13.106335716793403,Normal_Contraction,2025-12-31 23:30:16.645651
HON,2025-12-31 23:30:16.645651,2025-12-31,,schwab,195.09,2027273.0,mark,1767228914074,1767229174536,23442.109,False,CLOSED,OK,COMPUTED,21.361,,,,21.361,,,,,,,,,,,,,,,,,,,,,,,12.141810865026734,13.097575192000049,15.767624953551609,23.14969488767817,20.075573062743977,12.141810865026734,13.097575192000049,15.767624953551609,23.14969488767817,20.075573062743977,20.964461596210484,19.831316686484808,21.14779471794147,-3.6258140885248746,Normal_Compression,2025-12-31 23:30:16.645651
AMAT,2025-12-31 23:30:16.645651,2025-12-31,,schwab,256.99,3025778.0,mark,1767228934306,1767229155528,23461.117,False,CLOSED,OK,COMPUTED,37.506,,,,37.506,,,,,,,,,,,,,,,,,,,,,,,27.676036957979438,28.10710613782496,39.923189249456,41.41239209824468,40.273903599823655,27.676036957979438,28.10710613782496,39.923189249456,41.41239209824468,40.273903599823655,43.690647298691296,40.91571324424973,40.94800250824222,-12.247152291476564,Normal_Contraction,2025-12-31 23:30:16.645651
NEE,2025-12-31 23:30:16.645651,2025-12-31,,schwab,80.28,5036195.0,mark,1767228913521,1767228885586,23731.059,False,CLOSED,OK,COMPUTED,25.874,,,,25.874,,,,,,,,,,,,,,,,,,,,,,,12.976589874402638,17.966883399012307,17.07381598068969,18.77695074052431,20.576037117492287,12.976589874402638,17.966883399012307,17.07381598068969,18.77695074052431,20.576037117492287,22.09617767522745,23.186804724367594,25.357551618841605,-4.097226106287053,Normal_Compression,2025-12-31 23:30:16.645651
DHR,2025-12-31 23:30:16.645651,2025-12-31,,schwab,228.92,1270350.0,mark,1767229200016,1767229127887,23488.758,False,CLOSED,OK,COMPUTED,26.975,,,,26.975,,,,,,,,,,,,,,,,,,,,,,,12.45965749726424,19.75432530744797,20.49833408938682,22.468485520696582,27.434201310685797,12.45965749726424,19.75432530744797,20.49833408938682,22.468485520696582,27.434201310685797,28.644106266803483,27.021238628257212,29.0686302421242,-8.03867659212258,Normal,2025-12-31 23:30:16.645651
MU,2025-12-31 23:30:16.645651,2025-12-31,,schwab,286.0,17573788.0,mark,1767229198740,1767229198677,23417.968,False,CLOSED,OK,COMPUTED,55.016,,,,55.016,,,,,,,,,,,,,,,,,,,,,,,65.79827597739235,64.81755065576193,70.59490297868004,66.36674930113234,60.71278329005361,65.79827597739235,64.81755065576193,70.59490297868004,66.36674930113234,60.71278329005361,57.62250221889806,53.37252088791302,51.72986138738971,-4.796627001287689,High_Compression,2025-12-31 23:30:16.645651
UNP,2025-12-31 23:30:16.645651,2025-12-31,,schwab,231.32,1768621.0,mark,1767227226568,1767227211619,25405.026,False,CLOSED,OK,COMPUTED,21.021,,,,21.021,,,,,,,,,,,,,,,,,,,,,,,8.509457657230897,15.46845008393038,15.608320470464124,16.727742496318164,16.014823507560465,8.509457657230897,15.46845008393038,15.608320470464124,16.727742496318164,16.014823507560465,18.01964535462052,17.343703109242938,19.05357861771753,-7.098862813233227,Normal,2025-12-31 23:30:16.645651
GILD,2025-12-31 23:30:16.645651,2025-12-31,,schwab,122.74,3150182.0,mark,1767229088572,1767229131562,23485.083,False,CLOSED,OK,COMPUTED,25.201,,,,25.201,,,,,,,,,,,,,,,,,,,,,,,18.602543339714252,20.865109233246955,21.61123677423718,23.530843447249243,22.46581118939898,18.602543339714252,20.865109233246955,21.61123677423718,23.530843447249243,22.46581118939898,25.451218495470556,25.561178592413604,27.828175133034307,-3.008693434522929,Normal_Compression,2025-12-31 23:30:16.645651
TJX,2025-12-31 23:30:16.645651,2025-12-31,,schwab,153.61,3040729.0,mark,1767225815040,1767228816987,23799.658,False,CLOSED,OK,COMPUTED,15.868,,,,15.868,,,,,,,,,,,,,,,,,,,,,,,11.659874570388059,12.420698376951691,15.723973132509636,15.777931157899891,14.79036620647493,11.659874570388059,12.420698376951691,15.723973132509636,15.777931157899891,14.79036620647493,15.414012734024837,14.910570800762718,16.290326790341776,-4.064098562121577,Normal_Compression,2025-12-31 23:30:16.645651
PFE,2025-12-31 23:30:16.645651,2025-12-31,,schwab,24.9,29409238.0,mark,1767229159573,1767229184868,23431.777,False,CLOSED,OK,COMPUTED,23.595,,,,23.595,,,,,,,,,,,,,,,,,,,,,,,12.864056176624189,21.593893612840326,23.01738892534006,22.51833364334746,27.327231508320338,12.864056176624189,21.593893612840326,23.01738892534006,22.51833364334746,27.327231508320338,27.427982641723347,25.756511722468556,26.797800951302452,-10.153332748715872,Normal_Contraction,2025-12-31 23:30:16.645651
COF,2025-12-31 23:30:16.645651,2025-12-31,,schwab,242.36,2090948.0,mark,1767229146793,1767228937942,23678.703,False,CLOSED,OK,COMPUTED,29.212,,,,29.212,,,,,,,,,,,,,,,,,,,,,,,14.70804212068029,15.806560473585959,16.738554160265007,27.842642523288042,26.04154101856827,14.70804212068029,15.806560473585959,16.738554160265007,27.842642523288042,26.04154101856827,26.625004178472842,25.756492271617947,27.883978378210177,-2.0305120395847176,Normal_Compression,2025-12-31 23:30:16.645651
PANW,2025-12-31 23:30:16.645651,2025-12-31,,schwab,184.35,3253149.0,mark,1767229085485,1767229164503,23452.142,False,CLOSED,OK,COMPUTED,26.529,,,,26.529,,,,,,,,,,,,,,,,,,,,,,,17.98300974569159,21.644972437541806,30.385163460949215,28.53672332731173,25.88140736860157,17.98300974569159,21.644972437541806,30.385163460949215,28.53672332731173,25.88140736860157,29.133302256822496,29.79573462642427,30.839012461584613,-12.402153715257626,Normal_Contraction,2025-12-31 23:30:16.645651
CMCSA,2025-12-31 23:30:16.645651,2025-12-31,,schwab,29.89,17234234.0,mark,1767228264736,1767229181569,23435.076,False,CLOSED,OK,COMPUTED,33.174,,,,33.174,,,,,,,,,,,,,,,,,,,,,,,19.286743308293268,30.01692561959836,28.9474686829231,28.050653269090603,24.241932200697516,19.286743308293268,30.01692561959836,28.9474686829231,28.050653269090603,24.241932200697516,24.850532166507982,23.71594075537994,23.306169070345156,-9.66072537462983,Normal,2025-12-31 23:30:16.645651
LOW,2025-12-31 23:30:16.645651,2025-12-31,,schwab,241.16,1615256.0,mark,1767229200208,1767228264742,24351.903,False,CLOSED,OK,COMPUTED,21.049,,,,21.049,,,,,,,,,,,,,,,,,,,,,,,17.200685092089223,16.808281527980387,25.694302485147265,22.01212399594726,20.450982670073937,17.200685092089223,16.808281527980387,25.694302485147265,22.01212399594726,20.450982670073937,22.359751401571227,21.887817877604366,22.783111638045032,-8.493617393058042,Normal,2025-12-31 23:30:16.645651
ANET,2025-12-31 23:30:16.645651,2025-12-31,,schwab,131.03,3821621.0,mark,1767229200209,1767229163977,23452.668,False,CLOSED,OK,COMPUTED,41.073,,,,41.073,,,,,,,,,,,,,,,,,,,,,,,35.05855527805398,37.79830288907728,39.01150518013534,46.547962801308614,45.47056044724463,35.05855527805398,37.79830288907728,39.01150518013534,46.547962801308614,45.47056044724463,48.11953612352559,48.73649895156082,48.53004032223692,-3.9529499020813574,Normal_Compression,2025-12-31 23:30:16.645651
CRWD,2025-12-31 23:30:16.645651,2025-12-31,,schwab,469.42,1661043.0,mark,1767229151434,1767229189805,23426.84,False,CLOSED,OK,COMPUTED,32.402,,,,32.402,,,,,,,,,,,,,,,,,,,,,,,24.47562032136796,24.31428714158905,29.455765892516418,33.47452956895396,37.36953764931062,24.47562032136796,24.31428714158905,29.455765892516418,33.47452956895396,37.36953764931062,35.32460216892916,35.59858368786074,37.09615856175712,-4.980145571148459,Normal_Compression,2025-12-31 23:30:16.645651
LRCX,2025-12-31 23:30:16.645651,2025-12-31,,schwab,171.18,4935798.0,mark,1767228996769,1767229181569,23435.076,False,CLOSED,OK,COMPUTED,50.798,,,,50.798,,,,,,,,,,,,,,,,,,,,,,,50.73847244698156,42.86171429633342,45.81697754997676,49.91677623127402,46.734036633315135,50.73847244698156,42.86171429633342,45.81697754997676,49.91677623127402,46.734036633315135,44.501623053433384,41.644082725140954,41.88343171899419,4.9214948970047985,High_Compression,2025-12-31 23:30:16.645651
ADP,2025-12-31 23:30:16.645651,2025-12-31,,schwab,257.23,1760284.0,mark,1767224654725,1767226059696,26556.949,False,CLOSED,OK,COMPUTED,23.638,,,,23.638,,,,,,,,,,,,,,,,,,,,,,,15.18762422775714,15.47589896241741,16.036407333911352,20.07401256903767,18.346054378831557,15.18762422775714,15.47589896241741,16.036407333911352,20.07401256903767,18.346054378831557,17.850656146882983,18.060681529115605,18.100781669470166,-0.8487831061542117,Normal_Compression,2025-12-31 23:30:16.645651
KKR,2025-12-31 23:30:16.645651,2025-12-31,,schwab,127.48,2021584.0,mark,1767229200055,1767228872935,23743.71,False,CLOSED,OK,COMPUTED,33.999,,,,33.999,,,,,,,,,,,,,,,,,,,,,,,7.960047706122117,31.321097939800012,30.569311879477755,33.385697307702614,33.347080991154066,7.960047706122117,31.321097939800012,30.569311879477755,33.385697307702614,33.347080991154066,32.433232773522,31.516640955147963,33.520353804560294,-22.60926417335564,Normal_Contraction,2025-12-31 23:30:16.645651
APH,2025-12-31 23:30:16.645651,2025-12-31,,schwab,135.14,3303215.0,mark,1767227404544,1767229171993,23444.652,False,CLOSED,OK,COMPUTED,,,,,,,,,,,,,,,,,,,,,,,,,,,,28.99827698882696,34.843520028044864,36.59500564540979,35.26539130508098,32.362948913946234,28.99827698882696,34.843520028044864,36.59500564540979,35.26539130508098,32.362948913946234,30.479059680570327,28.01743546997526,29.586851505978483,-7.596728656582833,Normal,2025-12-31 23:30:16.645651
ADI,2025-12-31 23:30:16.645651,2025-12-31,,schwab,271.2,1790996.0,mark,1767229130026,1767229181569,23435.076,False,CLOSED,OK,COMPUTED,26.735,,,,26.735,,,,,,,,,,,,,,,,,,,,,,,17.62682370017695,18.625580584961742,28.228067807828726,31.334989455597707,26.935828688032103,17.62682370017695,18.625580584961742,28.228067807828726,31.334989455597707,26.935828688032103,27.29119804147548,26.266514451373528,28.328597871846593,-10.601244107651777,Normal_Contraction,2025-12-31 23:30:16.645651
CB,2025-12-31 23:30:16.645651,2025-12-31,,schwab,312.12,968721.0,mark,1767229200212,1767228956657,23659.988,False,CLOSED,OK,COMPUTED,,,,,,,,,,,,,,,,,,,,,,,,,,,,7.286781579766142,15.276107193685412,13.948169166580652,17.997222487492895,16.443175588526216,7.286781579766142,15.276107193685412,13.948169166580652,17.997222487492895,16.443175588526216,16.396908286344093,16.8372175513477,17.693814680799154,-6.661387586814509,Low,2025-12-31 23:30:16.645651
COP,2025-12-31 23:30:16.645651,2025-12-31,,schwab,93.61,3551875.0,mark,1767229200209,1767229163977,23452.668,False,CLOSED,OK,COMPUTED,25.416,,,,25.416,,,,,,,,,,,,,,,,,,,,,,,31.682466622421785,32.07043678555186,28.2654730192823,28.147484146962338,27.71782310276484,31.682466622421785,32.07043678555186,28.2654730192823,28.147484146962338,27.71782310276484,26.15552176106303,26.82139798717223,27.228026369969786,3.4169936031394847,Normal_Compression,2025-12-31 23:30:16.645651
VRTX,2025-12-31 23:30:16.645651,2025-12-31,,schwab,453.36,692988.0,mark,1767229068454,1767229085519,23531.126,False,CLOSED,OK,COMPUTED,27.249,,,,27.249,,,,,,,,,,,,,,,,,,,,,,,16.068159814875916,30.603822062265817,28.43299324882418,24.465501742758526,23.093966172741904,16.068159814875916,30.603822062265817,28.43299324882418,24.465501742758526,23.093966172741904,41.303153732736966,37.90742410621266,38.499931111261,-12.364833433948263,Normal_Contraction,2025-12-31 23:30:16.645651
APP,2025-12-31 23:30:16.645651,2025-12-31,,schwab,671.74,1930019.0,mark,1767229187648,1767229197884,23418.761,False,CLOSED,OK,COMPUTED,50.442,,,,50.442,,,,,,,,,,,,,,,,,,,,,,,45.68463148852197,47.471613544883404,50.00536799198101,54.83107502189466,58.52547538872208,45.68463148852197,47.471613544883404,50.00536799198101,54.83107502189466,58.52547538872208,58.80622984439656,57.678895115461216,60.243897885021,-4.320736503459038,High_Compression,2025-12-31 23:30:16.645651
GOOGL,2025-12-31 23:30:16.645651,2025-12-31,,schwab,312.92,16377689.0,mark,1767229185271,1767229190999,23425.646,False,CLOSED,OK,COMPUTED,36.707,,,,36.707,,,,,,,,,,,,,,,,,,,,,,,23.22979552039225,22.46351707459182,29.645821041564623,30.300517132328448,30.435025709852003,23.22979552039225,22.46351707459182,29.645821041564623,30.300517132328448,30.435025709852003,28.11527298228761,27.513227768361997,29.079293845662686,-6.416025521172372,Normal,2025-12-31 23:30:16.645651
SPY,2025-12-31 23:30:16.645651,2025-12-31,,schwab,682.5,74144801.0,mark,1767229197749,1767229195419,23421.226,False,CLOSED,OK,COMPUTED,11.782,,,,11.782,,,,,,,,,,,,,,,,,,,,,,,9.971712704541053,8.608467746296377,10.87891112381705,12.937441116620663,11.227125374537025,9.971712704541053,8.608467746296377,10.87891112381705,12.937441116620663,11.227125374537025,10.95768485557865,10.639083182712447,12.701535542131179,-0.9071984192759963,Low_Compression,2025-12-31 23:30:16.645651
QQQ,2025-12-31 23:30:16.645651,2025-12-31,,schwab,614.27,40746527.0,mark,1767229199577,1767229199236,23417.409,False,CLOSED,OK,COMPUTED,16.43,,,,16.43,,,,,,,,,,,,,,,,,,,,,,,15.548890752148333,13.207035341223131,16.194726188782514,18.421715425139908,15.831947441292545,15.548890752148333,13.207035341223131,16.194726188782514,18.421715425139908,15.831947441292545,15.068388983906347,14.378840160338214,16.34471577952598,-0.6458354366341812,Normal_Compression,2025-12-31 23:30:16.645651
TLT,2025-12-31 23:30:16.645651,2025-12-31,,schwab,87.23,36500036.0,mark,1767228915166,1767229194033,23422.612,False,CLOSED,OK,COMPUTED,8.834,,,,8.834,,,,,,,,,,,,,,,,,,,,,,,7.729470660411902,7.410871236337504,8.256946262414395,8.740652725494014,9.337497818754949,7.729470660411902,7.410871236337504,8.256946262414395,8.740652725494014,9.337497818754949,9.407128354313796,10.159153551887371,10.754578261402536,-0.5274756020024931,Low_Compression,2025-12-31 23:30:16.645651
XLE,2025-12-31 23:30:16.645651,2025-12-31,,schwab,44.72,16965922.0,mark,1767229076623,1767229076626,23540.019,False,CLOSED,OK,COMPUTED,32.154,,,,32.154,,,,,,,,,,,,,,,,,,,,,,,15.870231617634866,18.978805829452515,17.816461288830197,17.845147409308364,17.476314169138405,15.870231617634866,18.978805829452515,17.816461288830197,17.845147409308364,17.476314169138405,16.892994017852942,17.69798386170627,18.406154795544673,-1.946229671195331,Normal_Compression,2025-12-31 23:30:16.645651
XLF,2025-12-31 23:30:16.645651,2025-12-31,,schwab,54.77,22996209.0,mark,1767229200067,1767228935066,23681.579,False,CLOSED,OK,COMPUTED,10.452,,,,10.452,,,,,,,,,,,,,,,,,,,,,,,8.137556699146241,10.809582324789927,10.953651709164152,14.04462764415333,12.968849120661332,8.137556699146241,10.809582324789927,10.953651709164152,14.04462764415333,12.968849120661332,13.020091512855588,12.848317749357015,13.936849216664871,-2.8160950100179107,Low_Compression,2025-12-31 23:30:16.645651
XLI,2025-12-31 23:30:16.645651,2025-12-31,,schwab,155.12,3691791.0,mark,1767227994687,1767228610784,24005.861,False,CLOSED,OK,COMPUTED,13.513,,,,13.513,,,,,,,,,,,,,,,,,,,,,,,12.223166710942996,12.737528132296374,13.813240682104736,13.993889308054932,12.839380835418023,12.223166710942996,12.737528132296374,13.813240682104736,13.993889308054932,12.839380835418023,12.571986677603128,11.955554129820488,13.343188908972373,-1.5900739711617398,Low_Compression,2025-12-31 23:30:16.645651
XLK,2025-12-31 23:30:16.645651,2025-12-31,,schwab,143.97,9528387.0,mark,1767228993523,1767229032388,23584.257,False,CLOSED,OK,COMPUTED,19.064,,,,19.064,,,,,,,,,,,,,,,,,,,,,,,19.58410527138565,18.265509929511964,20.28738282982543,22.38238214041597,19.66587553886146,19.58410527138565,18.265509929511964,20.28738282982543,22.38238214041597,19.66587553886146,18.49306545214335,17.533414754271067,19.54811508858233,-0.7032775584397797,Normal_Compression,2025-12-31 23:30:16.645651
XLU,2025-12-31 23:30:16.645651,2025-12-31,,schwab,42.69,10129006.0,mark,1767228917528,1767228914291,23702.354,False,CLOSED,OK,COMPUTED,12.53,,,,12.53,,,,,,,,,,,,,,,,,,,,,,,10.467555612685283,10.415360394081612,12.76405284118459,12.291019088399603,12.450327599588476,10.467555612685283,10.415360394081612,12.76405284118459,12.291019088399603,12.450327599588476,12.46743494341286,12.268614569728511,13.260340430852388,-2.296497228499307,Low_Compression,2025-12-31 23:30:16.645651
XLP,2025-12-31 23:30:16.645651,2025-12-31,,schwab,77.68,5872235.0,mark,1767229198111,1767229188241,23428.404,False,CLOSED,OK,COMPUTED,10.419,,,,10.419,,,,,,,,,,,,,,,,,,,,,,,9.139053475984596,8.782041754992948,10.831741855081118,11.831943624494746,11.51656733167211,9.139053475984596,8.782041754992948,10.831741855081118,11.831943624494746,11.51656733167211,11.224145200527362,10.963138863893722,11.566695174778431,-1.6926883790965217,Low_Compression,2025-12-31 23:30:16.645651
SMH,2025-12-31 23:30:16.645651,2025-12-31,,schwab,360.22,2687316.0,mark,1767229198069,1767229186935,23429.71,False,CLOSED,OK,COMPUTED,28.36,,,,28.36,,,,,,,,,,,,,,,,,,,,,,,28.06465583377066,27.54840427956175,30.62617675005835,33.143284848656776,29.276022089667592,28.06465583377066,27.54840427956175,30.62617675005835,33.143284848656776,29.276022089667592,27.344954746782296,26.192374383237706,27.823089770935837,-2.5615209162876873,Normal_Compression,2025-12-31 23:30:16.645651
DKNG,2025-12-31 23:30:16.645651,2025-12-31,,schwab,34.46,6317592.0,mark,1767228999589,1767229166489,23450.156,False,CLOSED,OK,COMPUTED,46.918,,,,46.918,,,,,,,,,,,,,,,,,,,,,,,17.474694248356435,30.5120453237874,36.02461501806733,48.681291307654426,46.992452599665086,17.474694248356435,30.5120453237874,36.02461501806733,48.681291307654426,46.992452599665086,43.72972622733074,43.956524833547725,42.30224118866165,-18.549920769710894,Normal_Contraction,2025-12-31 23:30:16.645651
COIN,2025-12-31 23:30:16.645651,2025-12-31,,schwab,225.6,6678151.0,mark,1767229186196,1767229198756,23417.889,False,CLOSED,OK,COMPUTED,47.794,,,,47.794,,,,,,,,,,,,,,,,,,,,,,,27.418715918873314,38.34406223747399,48.440180617312954,59.562433688985294,57.00245796683118,27.418715918873314,38.34406223747399,48.440180617312954,59.562433688985294,57.00245796683118,59.55612174803514,63.62536229263345,67.44397380657749,-21.02146469843964,High_Contraction,2025-12-31 23:30:16.645651
U,2025-12-31 23:30:16.645651,2025-12-31,,schwab,44.17,5229208.0,mark,1767229200209,1767229152225,23464.42,False,CLOSED,OK,COMPUTED,56.379,,,,56.379,,,,,,,,,,,,,,,,,,,,,,,30.80506663107016,43.93605747898395,47.29676346207292,66.79129421136678,61.9433564925553,30.80506663107016,43.93605747898395,47.29676346207292,66.79129421136678,61.9433564925553,64.86589214399719,63.057362812285476,63.123435513090975,-16.491696831002756,High_Contraction,2025-12-31 23:30:16.645651
TSM,2025-12-31 23:30:16.645651,2025-12-31,,schwab,304.8,8175079.0,mark,1767229200213,1767229195051,23421.594,False,CLOSED,OK,COMPUTED,33.387,,,,33.387,,,,,,,,,,,,,,,,,,,,,,,27.700863561428758,29.77755576907767,28.536092640836614,35.332921387318535,33.48589656061158,27.700863561428758,29.77755576907767,28.536092640836614,35.332921387318535,33.48589656061158,32.823213331746416,31.614921165621496,32.409928408233064,-0.8352290794078563,Normal_Compression,2025-12-31 23:30:16.645651
INTC,2025-12-31 23:30:16.645651,2025-12-31,,schwab,36.84,51524682.0,mark,1767229193583,1767229181570,23435.075,False,CLOSED,OK,COMPUTED,54.903,,,,54.903,,,,,,,,,,,,,,,,,,,,,,,24.693107750032546,38.57007937429767,54.484752991591044,50.047330476371066,59.768913747804056,24.693107750032546,38.57007937429767,54.484752991591044,50.047330476371066,59.768913747804056,59.08995582291995,57.23966450459318,55.25677853633886,-29.7916452415585,High_Contraction,2025-12-31 23:30:16.645651
PYPL,2025-12-31 23:30:16.645651,2025-12-31,,schwab,58.38,13027336.0,mark,1767229173080,1767229187156,23429.489,False,CLOSED,OK,COMPUTED,39.192,,,,39.192,,,,,,,,,,,,,,,,,,,,,,,14.348189770885392,17.749342575066233,23.443802467875635,35.4102343231299,32.81422537177237,14.348189770885392,17.749342575066233,23.443802467875635,35.4102343231299,32.81422537177237,33.95490590263485,33.54961364059819,32.47421268285966,-9.095612696990242,Normal,2025-12-31 23:30:16.645651
BIDU,2025-12-31 23:30:16.645651,2025-12-31,,schwab,130.66,2362967.0,mark,1767229006453,1767229172035,23444.61,False,CLOSED,OK,COMPUTED,39.548,,,,39.548,,,,,,,,,,,,,,,,,,,,,,,26.22247269102228,42.78786913266834,44.326614971253775,48.71090093151143,53.00036831840853,26.22247269102228,42.78786913266834,44.326614971253775,48.71090093151143,53.00036831840853,50.92774249926936,46.85910462954719,44.9060517006007,-18.104142280231496,High_Contraction,2025-12-31 23:30:16.645651
MDB,2025-12-31 23:30:16.645651,2025-12-31,,schwab,419.49,835793.0,mark,1767229199418,1767228825282,23791.363,False,CLOSED,OK,COMPUTED,35.741,,,,35.741,,,,,,,,,,,,,,,,,,,,,,,28.850643153952742,29.696626690210902,64.82014346353917,52.300096107538764,70.78628410953,28.850643153952742,29.696626690210902,64.82014346353917,52.300096107538764,70.78628410953,66.91209165077856,63.29399979125333,59.96293099165545,-35.96950030958642,High_Contraction,2025-12-31 23:30:16.645651
CLS,2025-12-31 23:30:16.645651,2025-12-31,,schwab,296.01,1165287.0,mark,1767229092097,1767229055458,23561.187,False,CLOSED,OK,COMPUTED,79.205,,,,79.205,,,,,,,,,,,,,,,,,,,,,,,56.82708840465786,70.63473565237523,83.65586597396437,81.35620005399261,74.32041620141712,56.82708840465786,70.63473565237523,83.65586597396437,81.35620005399261,74.32041620141712,71.59723513736012,66.5110588857205,64.53276219356005,-26.82877756930651,High_Contraction,2025-12-31 23:30:16.645651
