Ticker,timestamp,Date,Error,data_source,last_price,volume,price_source,quote_time,trade_time,quote_age_sec,is_market_open,market_status,price_history_status,hv_status,iv_30d,IV_7_D_Call,IV_14_D_Call,IV_21_D_Call,IV_30_D_Call,IV_60_D_Call,IV_90_D_Call,IV_120_D_Call,IV_150_D_Call,IV_180_D_Call,IV_270_D_Call,IV_360_D_Call,IV_720_D_Call,IV_1080_D_Call,IV_7_D_Put,IV_14_D_Put,IV_21_D_Put,IV_30_D_Put,IV_60_D_Put,IV_90_D_Put,IV_120_D_Put,IV_150_D_Put,IV_180_D_Put,IV_270_D_Put,IV_360_D_Put,IV_720_D_Put,IV_1080_D_Put,hv_10,hv_20,hv_30,hv_60,hv_90,HV_10_D_Cur,HV_20_D_Cur,HV_30_D_Cur,HV_60_D_Cur,HV_90_D_Cur,HV_120_D_Cur,HV_150_D_Cur,HV_180_D_Cur,hv_slope,volatility_regime,highPrice,lowPrice,openPrice,closePrice,52WeekHigh,52WeekLow,netChange,netPercentChange,dividendDate,dividendYield,snapshot_ts
BKNG,2026-01-09 08:51:11.010323,2026-01-09,,schwab,5438.66,56537.0,lastPrice,1767977222694,1767977222696,248.314,True,OPEN,OK,COMPUTED,21.575,,,,21.575,,,,,,,,,,,,,,,,,,,,,,,13.270797943363627,15.869909538001323,22.167983901475267,28.55152296011906,26.133436917533064,13.270797943363627,15.869909538001323,22.167983901475267,28.55152296011906,26.133436917533064,24.535038319160055,23.661995062757168,23.180799518115276,-8.89718595811164,Normal,5518.84,5393.0,5415.06,5445.0,5839.414,4096.23,-6.34,-0.1164371,,,2026-01-09 08:51:11.010323
AZO,2026-01-09 08:51:11.010323,2026-01-09,,schwab,3357.15,83946.0,lastPrice,1767977218782,1767977215786,255.224,True,OPEN,OK,COMPUTED,23.59,,,,23.59,,,,,,,,,,,,,,,,,,,,,,,22.045822218754704,20.292369118818986,28.82847690891961,25.7944065591412,24.09174615083029,22.045822218754704,20.292369118818986,28.82847690891961,25.7944065591412,24.09174615083029,23.112216642154692,23.126815069886877,22.726666432584462,-6.782654690164904,Normal,3387.65,3303.69,3303.69,3313.99,4388.11,3162.0,43.16,1.30235758,,,2026-01-09 08:51:11.010323
MELI,2026-01-09 08:51:11.010323,2026-01-09,,schwab,2173.02,81948.0,lastPrice,1767977222450,1767977198685,272.325,True,OPEN,OK,COMPUTED,33.319,,,,33.319,,,,,,,,,,,,,,,,,,,,,,,45.873841029185975,36.82450004805088,37.00406973893532,43.03191328799099,42.9263726131606,45.873841029185975,36.82450004805088,37.00406973893532,43.03191328799099,42.9263726131606,39.4466250011058,37.76614105364593,36.63902447944665,8.869771290250654,Normal,2193.06,2162.0,2191.498,2179.8,2645.22,1723.903,-6.78,-0.31103771,,,2026-01-09 08:51:11.010323
MKL,2026-01-09 08:51:11.010323,2026-01-09,,schwab,2131.57,13092.0,lastPrice,1767977214595,1767977181768,289.242,True,OPEN,OK,COMPUTED,19.07,,,,19.07,,,,,,,,,,,,,,,,,,,,,,,10.937548962197832,13.837093426141694,12.084584344829372,19.181955202229943,18.34335247126884,10.937548962197832,13.837093426141694,12.084584344829372,19.181955202229943,18.34335247126884,18.81363855328876,18.37232533135532,18.285307398797613,-1.1470353826315414,Low_Compression,2164.9699,2124.965,2138.69,2147.15,2207.59,1621.893,-15.58,-0.72561302,,,2026-01-09 08:51:11.010323
FCNCA,2026-01-09 08:51:11.010323,2026-01-09,,schwab,2194.28,13725.0,lastPrice,1767977165310,1767977142606,328.404,True,OPEN,OK,COMPUTED,28.075,,,,28.075,,,,,,,,,,,,,,,,,,,,,,,11.43048032695599,12.973598594350127,16.61172224388973,24.53016124863952,26.12190860508879,11.43048032695599,12.973598594350127,16.61172224388973,24.53016124863952,26.12190860508879,26.29254828258227,25.903131387195454,26.338792955444266,-5.18124191693374,Normal,2200.0,2169.52,2183.59,2177.72,2412.929,1473.62,16.56,0.76042834,,,2026-01-09 08:51:11.010323
FICO,2026-01-09 08:51:11.010323,2026-01-09,,schwab,1649.35,66913.0,lastPrice,1767977175360,1767977217374,253.636,True,OPEN,OK,COMPUTED,41.145,,,,41.145,,,,,,,,,,,,,,,,,,,,,,,38.74459680275187,33.19629046129424,28.824976233223747,34.25928482579669,46.0674596849109,38.74459680275187,33.19629046129424,28.824976233223747,34.25928482579669,46.0674596849109,44.22678277809229,43.98158565979175,49.76542873339704,9.919620569528124,Normal,1659.999,1597.5,1600.27,1585.6,2217.6,1300.0,63.75,4.02056004,,,2026-01-09 08:51:11.010323
TDG,2026-01-09 08:51:11.010323,2026-01-09,,schwab,1368.33,100040.0,lastPrice,1767977191083,1767977190538,280.472,True,OPEN,OK,COMPUTED,24.685,,,,24.685,,,,,,,,,,,,,,,,,,,,,,,13.75684125946516,16.62766062128564,16.987703203939667,22.049941521585005,20.533479801283814,13.75684125946516,16.62766062128564,16.987703203939667,22.049941521585005,20.533479801283814,28.158639114294324,26.341014671989623,26.275330814866177,-3.2308619444745066,Normal_Compression,1395.0,1355.59,1379.13,1377.42,1623.825,1183.6,-9.09,-0.65992943,,,2026-01-09 08:51:11.010323
NFLX,2026-01-09 08:51:11.010323,2026-01-09,,schwab,88.825,24152815.0,lastPrice,1767977222349,1767977222777,248.233,True,OPEN,OK,COMPUTED,42.353,,,,42.353,,,,,,,,,,,,,,,,,,,,,,,18.403499025267124,17.49137698281334,27.44025563546797,35.81954777294242,32.238377310970876,18.403499025267124,17.49137698281334,27.44025563546797,35.81954777294242,32.238377310970876,30.18427249926528,29.63249725137831,29.021571733062057,-9.036756610200849,Normal,90.05,88.32,90.03,90.53,134.115,82.11,-1.705,-1.88335358,,,2026-01-09 08:51:11.010323
MTD,2026-01-09 08:51:11.010323,2026-01-09,,schwab,1485.11,25236.0,lastPrice,1767977130626,1767977198640,272.37,True,OPEN,OK,COMPUTED,32.839,,,,32.839,,,,,,,,,,,,,,,,,,,,,,,21.5777375779328,19.63317962655716,20.581108788081867,23.65168324319073,25.82363867536153,21.5777375779328,19.63317962655716,20.581108788081867,23.65168324319073,25.82363867536153,26.897169978112384,26.620628678513025,29.59125466047581,0.9966287898509308,Normal_Compression,1485.73,1467.51,1467.87,1465.2,1525.17,946.69,19.91,1.35885886,,,2026-01-09 08:51:11.010323
TPL,2026-01-09 08:51:11.010323,2026-01-09,,schwab,310.92,107036.0,lastPrice,1767977203365,1767977194777,276.233,True,OPEN,OK,COMPUTED,44.186,,,,44.186,,,,,,,,,,,,,,,,,,,,,,,55.88332314335822,53.323402113355954,47.778384527381256,45.335649420246874,44.098638138544345,55.88332314335822,53.323402113355954,47.778384527381256,45.335649420246874,44.098638138544345,43.21091796645426,40.84922710888254,40.64716620341085,8.104938615976963,High,311.8,305.98,307.0,302.95,1462.78,280.95,7.97,2.63079716,,,2026-01-09 08:51:11.010323
BLK,2026-01-09 08:51:11.010323,2026-01-09,,schwab,1086.445,169102.0,lastPrice,1767977195111,1767977221724,249.286,True,OPEN,OK,COMPUTED,27.544,,,,27.544,,,,,,,,,,,,,,,,,,,,,,,27.47232243707184,23.169106313000498,22.815514126862936,22.50117062563497,22.458817942841073,27.47232243707184,23.169106313000498,22.815514126862936,22.50117062563497,22.458817942841073,21.24337386466036,22.26199554662521,21.745710083499105,4.656808310208902,Normal_Compression,1092.77,1080.0001,1090.23,1087.92,1219.94,773.7401,-1.475,-0.13557982,,,2026-01-09 08:51:11.010323
GWW,2026-01-09 08:51:11.010323,2026-01-09,,schwab,1028.71,47488.0,lastPrice,1767977118649,1767976947489,523.521,True,OPEN,OK,COMPUTED,21.581,,,,21.581,,,,,,,,,,,,,,,,,,,,,,,23.19978605449441,22.03072110802104,22.17755097413103,20.05183717043588,20.34484674573038,23.19978605449441,22.03072110802104,22.17755097413103,20.05183717043588,20.34484674573038,25.44097499093681,24.07117616971419,23.447864084547728,1.0222350803633802,Normal_Compression,1044.285,1028.0,1037.38,1033.33,1139.15,893.99,-4.62,-0.44709822,,,2026-01-09 08:51:11.010323
NOW,2026-01-09 08:51:11.010323,2026-01-09,,schwab,142.56,4623240.0,lastPrice,1767977222667,1767977222498,248.512,True,OPEN,OK,COMPUTED,42.47,,,,42.47,,,,,,,,,,,,,,,,,,,,,,,29.06119556293828,49.65350596641679,42.769832304048585,34.356378774009144,32.04291134558627,29.06119556293828,49.65350596641679,42.769832304048585,34.356378774009144,32.04291134558627,32.349760856621074,31.12427134218072,34.1849084589472,-13.708636741110304,High_Contraction,147.35,142.14,147.35,146.19,239.618,135.7318,-3.63,-2.48306998,,,2026-01-09 08:51:11.010323
COST,2026-01-09 08:51:11.010323,2026-01-09,,schwab,923.57,1156616.0,lastPrice,1767977208201,1767977194541,276.469,True,OPEN,OK,COMPUTED,21.881,,,,21.881,,,,,,,,,,,,,,,,,,,,,,,24.305596612493265,22.11841060053435,21.593598637613287,19.51394250472987,19.01404619204363,24.305596612493265,22.11841060053435,21.593598637613287,19.51394250472987,19.01404619204363,18.37572121507105,17.543762524495214,17.9332251875776,2.711997974879978,Normal_Compression,924.28,911.33,915.97,915.31,1078.235,844.06,8.26,0.9024265,,,2026-01-09 08:51:11.010323
KLAC,2026-01-09 08:51:11.010323,2026-01-09,,schwab,1394.315,345656.0,lastPrice,1767977211845,1767977201052,269.958,True,OPEN,OK,COMPUTED,46.279,,,,46.279,,,,,,,,,,,,,,,,,,,,,,,54.318543881214254,48.02474008667094,40.32765605795549,40.59782892551029,41.12261390569193,54.318543881214254,48.02474008667094,40.32765605795549,40.59782892551029,41.12261390569193,41.390735373794755,38.52804636420956,38.635126638917185,13.990887823258769,High_Expansion,1397.77,1336.0,1357.42,1324.6,1406.97,551.33,69.715,5.26309829,,,2026-01-09 08:51:11.010323
AXON,2026-01-09 08:51:11.010323,2026-01-09,,schwab,630.42,191081.0,lastPrice,1767977208669,1767977190011,280.999,True,OPEN,OK,COMPUTED,35.661,,,,35.661,,,,,,,,,,,,,,,,,,,,,,,43.77621861358588,40.62466549580161,35.350352078177835,46.0893284608141,43.55983018878762,43.77621861358588,40.62466549580161,35.350352078177835,46.0893284608141,43.55983018878762,47.82446706774831,46.275825046245295,46.38750657425056,8.425866535408048,Normal,635.27,615.0,617.72,612.98,885.915,469.2434,17.44,2.8451173,,,2026-01-09 08:51:11.010323
INTU,2026-01-09 08:51:11.010323,2026-01-09,,schwab,644.42,480610.0,lastPrice,1767977220250,1767977216329,254.681,True,OPEN,OK,COMPUTED,27.922,,,,27.922,,,,,,,,,,,,,,,,,,,,,,,30.393638232174304,26.816315946077523,27.01837466635436,25.666288968016705,23.792195090378677,30.393638232174304,26.816315946077523,27.01837466635436,25.666288968016705,23.792195090378677,25.15611000403665,23.739424067265585,25.30864422923259,3.3752635658199424,Normal_Compression,652.71,636.0,650.45,651.55,813.7,532.645,-7.13,-1.09431356,,,2026-01-09 08:51:11.010323
LLY,2026-01-09 08:51:11.010323,2026-01-09,,schwab,1081.46,926253.0,lastPrice,1767977222655,1767977222668,248.342,True,OPEN,OK,COMPUTED,37.886,,,,37.886,,,,,,,,,,,,,,,,,,,,,,,33.279546705831024,28.0541107452692,27.057783920458505,28.005243107572745,30.170985116168183,33.279546705831024,28.0541107452692,27.057783920458505,28.005243107572745,30.170985116168183,38.695880338082524,36.656077367753056,39.520065323809526,6.221762785372519,Normal,1104.52,1077.01,1086.825,1085.19,1133.95,623.78,-3.73,-0.34371861,,,2026-01-09 08:51:11.010323
SPOT,2026-01-09 08:51:11.010323,2026-01-09,,schwab,542.73,1269117.0,lastPrice,1767977221834,1767977215860,255.15,True,OPEN,OK,COMPUTED,49.736,,,,49.736,,,,,,,,,,,,,,,,,,,,,,,30.175435398829325,29.285864723071924,32.02035016283858,29.84124410591791,28.820096182619952,30.175435398829325,29.285864723071924,32.02035016283858,29.84124410591791,28.820096182619952,35.7432063737492,35.49088507283469,37.51930700357922,-1.844914764009257,Normal_Compression,554.345,542.22,553.58,553.68,785.0,451.4284,-10.95,-1.97767664,,,2026-01-09 08:51:11.010323
URI,2026-01-09 08:51:11.010323,2026-01-09,,schwab,942.83,271645.0,lastPrice,1767977138505,1767977159312,311.698,True,OPEN,OK,COMPUTED,35.837,,,,35.837,,,,,,,,,,,,,,,,,,,,,,,38.142056171326075,33.57354212705975,30.42018304518933,33.21227788745194,30.717749982891338,38.142056171326075,33.57354212705975,30.42018304518933,33.21227788745194,30.717749982891338,32.1307673988801,30.759840396477745,32.2870948008822,7.721873126136746,Normal,945.97,928.0,934.23,917.86,1021.47,525.9136,24.97,2.72045846,,,2026-01-09 08:51:11.010323
MPWR,2026-01-09 08:51:11.010323,2026-01-09,,schwab,970.67,101426.0,lastPrice,1767977211840,1767977170492,300.518,True,OPEN,OK,COMPUTED,49.004,,,,49.004,,,,,,,,,,,,,,,,,,,,,,,44.78525698640177,37.99168874024471,33.69691582956814,42.83645283029977,43.68627768550496,44.78525698640177,37.99168874024471,33.69691582956814,42.83645283029977,43.68627768550496,44.1188179407996,42.446405483561314,43.60396901441399,11.088341156833629,Normal_Expansion,975.625,950.41,965.0,959.09,1123.38,438.86,11.58,1.20739451,,,2026-01-09 08:51:11.010323
META,2026-01-09 08:51:11.010323,2026-01-09,,schwab,651.88,5241879.0,lastPrice,1767977218563,1767977220636,250.374,True,OPEN,OK,COMPUTED,36.629,,,,36.629,,,,,,,,,,,,,,,,,,,,,,,17.26651508407434,17.6041954721718,20.981539206591236,33.74739885360001,30.453736999948138,17.26651508407434,17.6041954721718,20.981539206591236,33.74739885360001,30.453736999948138,32.92370660095445,31.01298389355537,31.97046770570284,-3.7150241225168976,Normal_Compression,654.95,642.85,645.435,646.06,796.25,479.8,5.82,0.90084512,,,2026-01-09 08:51:11.010323
MCK,2026-01-09 08:51:11.010323,2026-01-09,,schwab,818.54,172984.0,lastPrice,1767977222031,1767977217344,253.666,True,OPEN,OK,COMPUTED,28.09,,,,28.09,,,,,,,,,,,,,,,,,,,,,,,8.779174163552844,11.20739407762192,19.4080490028198,20.1011564330628,23.058116925167564,8.779174163552844,11.20739407762192,19.4080490028198,20.1011564330628,23.058116925167564,24.052410605014455,23.01221732612057,22.753735799531704,-10.628874839266958,Normal_Contraction,824.701,814.77,816.98,814.63,895.58,570.51,3.91,0.4799725,,,2026-01-09 08:51:11.010323
PH,2026-01-09 08:51:11.010323,2026-01-09,,schwab,927.315,259228.0,lastPrice,1767977217852,1767977222238,248.772,True,OPEN,OK,COMPUTED,29.658,,,,29.658,,,,,,,,,,,,,,,,,,,,,,,23.462668401258902,19.893338027114947,19.77713986719019,24.69351139777218,23.03704588441461,23.462668401258902,19.893338027114947,19.77713986719019,24.69351139777218,23.03704588441461,23.37436114320061,22.29924503107072,21.95378139031385,3.685528534068716,Normal_Compression,930.0,912.79,912.79,906.47,933.33,488.45,20.845,2.29957969,,,2026-01-09 08:51:11.010323
GS,2026-01-09 08:51:11.010323,2026-01-09,,schwab,944.1,513155.0,lastPrice,1767977221916,1767977219045,251.965,True,OPEN,OK,COMPUTED,29.638,,,,29.638,,,,,,,,,,,,,,,,,,,,,,,31.5980852790668,27.01973660282833,25.04812648698602,25.977042427339164,24.58237359528361,31.5980852790668,27.01973660282833,25.04812648698602,25.977042427339164,24.58237359528361,24.031042020229208,23.33907214200999,23.36492996161226,6.54995879208078,Normal,946.14,932.7,938.77,934.83,961.69,439.38,9.27,0.99162415,,,2026-01-09 08:51:11.010323
NEU,2026-01-09 08:51:11.010323,2026-01-09,,schwab,723.18,75605.0,lastPrice,1767977205736,1767976877956,593.054,True,OPEN,OK,COMPUTED,27.688,,,,27.688,,,,,,,,,,,,,,,,,,,,,,,26.13008044913794,25.787564924780952,23.42546734196723,24.456807891606218,29.720932225051143,26.13008044913794,25.787564924780952,23.42546734196723,24.456807891606218,29.720932225051143,27.436584969418504,26.44606258495924,25.732429590995487,2.704613107170708,Normal_Compression,728.315,712.3857,716.68,714.21,875.97,480.0,8.97,1.25593313,,,2026-01-09 08:51:11.010323
TYL,2026-01-09 08:51:11.010323,2026-01-09,,schwab,450.385,45805.0,lastPrice,1767977213750,1767977203492,267.518,True,OPEN,OK,COMPUTED,29.383,,,,29.383,,,,,,,,,,,,,,,,,,,,,,,24.8073264262307,20.282461405765435,18.95210952759635,24.739781372472912,25.946749528083956,24.8073264262307,20.282461405765435,18.95210952759635,24.739781372472912,25.946749528083956,26.40613023269836,25.38288556392759,25.684850381376933,5.85521689863435,Normal,456.51,448.18,454.14,453.4,661.31,430.0,-3.015,-0.66497574,,,2026-01-09 08:51:11.010323
MSCI,2026-01-09 08:51:11.010323,2026-01-09,,schwab,580.0,62199.0,lastPrice,1767977198537,1767977198537,272.473,True,OPEN,OK,COMPUTED,25.754,,,,25.754,,,,,,,,,,,,,,,,,,,,,,,20.265715869646993,17.779536773068635,16.931929265952014,25.90932388699878,25.74283348719749,20.265715869646993,17.779536773068635,16.931929265952014,25.90932388699878,25.74283348719749,28.17895646433684,26.81606594176137,25.24770238459404,3.3337866036949784,Normal_Compression,585.265,578.25,581.4,581.33,634.99,486.735,-1.33,-0.22878572,,,2026-01-09 08:51:11.010323
LII,2026-01-09 08:51:11.010323,2026-01-09,,schwab,528.435,80904.0,lastPrice,1767977214320,1767977214325,256.685,True,OPEN,OK,COMPUTED,38.08,,,,38.08,,,,,,,,,,,,,,,,,,,,,,,31.85595073362295,26.538058645937816,25.281789289290575,34.55642937443726,32.752421316258605,31.85595073362295,26.538058645937816,25.281789289290575,34.55642937443726,32.752421316258605,34.03350784414883,32.22232479323796,31.498310567554473,6.5741614443323755,Normal,531.975,521.46,524.12,516.62,689.44,443.19,11.815,2.28698076,,,2026-01-09 08:51:11.010323
ROP,2026-01-09 08:51:11.010323,2026-01-09,,schwab,433.96,167023.0,lastPrice,1767977222557,1767977221556,249.454,True,OPEN,OK,COMPUTED,24.052,,,,24.052,,,,,,,,,,,,,,,,,,,,,,,14.746720949711827,14.756223150578732,12.970405402399429,20.692585752904662,19.415149263968125,14.746720949711827,14.756223150578732,12.970405402399429,20.692585752904662,19.415149263968125,19.17182610730008,18.202153195074168,17.686718561127865,1.7763155473123984,Low_Compression,436.11,431.81,433.42,434.47,595.1668,427.89,-0.51,-0.1173844,,,2026-01-09 08:51:11.010323
CHE,2026-01-09 08:51:11.010323,2026-01-09,,schwab,447.97,43867.0,lastPrice,1767977218714,1767977218752,252.258,True,OPEN,OK,COMPUTED,19.539,,,,19.539,,,,,,,,,,,,,,,,,,,,,,,22.764291510387157,16.87223159128822,18.55101553917804,25.323053919310347,23.99775967667273,22.764291510387157,16.87223159128822,18.55101553917804,25.323053919310347,23.99775967667273,28.152210642886892,32.06615363027184,31.408609361231942,4.213275971209118,Normal_Compression,451.19,445.1901,448.1,449.18,623.605,408.42,-1.21,-0.26937976,,,2026-01-09 08:51:11.010323
HUBS,2026-01-09 08:51:11.010323,2026-01-09,,schwab,371.26,417625.0,lastPrice,1767977186924,1767977186823,284.187,True,OPEN,OK,COMPUTED,53.847,,,,53.847,,,,,,,,,,,,,,,,,,,,,,,51.785599155354255,44.81979093592269,38.55428761415444,51.68586001438785,50.11012906181546,51.785599155354255,44.81979093592269,38.55428761415444,51.68586001438785,50.11012906181546,48.11927851207988,45.494443189780114,46.46308924008693,13.231311541199815,Normal_Expansion,377.76,365.63,373.15,369.9,881.13,344.41,1.36,0.36766694,,,2026-01-09 08:51:11.010323
MA,2026-01-09 08:51:11.010323,2026-01-09,,schwab,578.93,686759.0,lastPrice,1767977220022,1767977217151,253.859,True,OPEN,OK,COMPUTED,21.918,,,,21.918,,,,,,,,,,,,,,,,,,,,,,,15.35704864525844,20.032419554372954,19.18276229702446,19.147937073286617,18.591111801558306,15.35704864525844,20.032419554372954,19.18276229702446,19.147937073286617,18.591111801558306,17.575495230198513,19.86882492424153,19.26237069294634,-3.8257136517660193,Normal_Compression,581.311,575.78,578.11,579.2,601.77,465.59,-0.27,-0.04661602,,,2026-01-09 08:51:11.010323
MLM,2026-01-09 08:51:11.010323,2026-01-09,,schwab,653.88,75993.0,lastPrice,1767977214020,1767977212415,258.595,True,OPEN,OK,COMPUTED,21.901,,,,21.901,,,,,,,,,,,,,,,,,,,,,,,29.079577420818076,23.06301131247228,21.40732919021918,20.05079883575937,19.952934368904497,29.079577420818076,23.06301131247228,21.40732919021918,20.05079883575937,19.952934368904497,20.242273868756055,20.293856358811546,20.661380331094755,7.672248230598896,Normal,654.585,642.41,643.12,638.11,665.1825,441.945,15.77,2.47136074,,,2026-01-09 08:51:11.010323
FIX,2026-01-09 08:51:11.010323,2026-01-09,,schwab,1018.75,147443.0,lastPrice,1767977197653,1767977202153,268.857,True,OPEN,OK,COMPUTED,52.508,,,,52.508,,,,,,,,,,,,,,,,,,,,,,,59.1130631028697,59.823598714507355,53.63568027563635,61.511487079141055,54.494927137657754,59.1130631028697,59.823598714507355,53.63568027563635,61.511487079141055,54.494927137657754,56.97128024214919,52.20884120276816,49.675932892559494,5.477382827233349,High,1022.11,977.6725,977.97,971.49,1050.45,276.44,47.26,4.86469238,,,2026-01-09 08:51:11.010323
ISRG,2026-01-09 08:51:11.010323,2026-01-09,,schwab,583.025,392623.0,lastPrice,1767977215458,1767977211745,259.265,True,OPEN,OK,COMPUTED,36.933,,,,36.933,,,,,,,,,,,,,,,,,,,,,,,26.779552461954097,24.361948364413394,21.632151192079856,36.16676523065976,35.28181136821992,26.779552461954097,24.361948364413394,21.632151192079856,36.16676523065976,35.28181136821992,32.346933094006204,30.95719241328587,29.633947941054338,5.147401269874241,Normal,589.58,579.62,587.32,585.08,616.0,425.0,-2.055,-0.35123402,,,2026-01-09 08:51:11.010323
IDXX,2026-01-09 08:51:11.010323,2026-01-09,,schwab,711.23,141413.0,lastPrice,1767977216325,1767977207634,263.376,True,OPEN,OK,COMPUTED,40.268,,,,40.268,,,,,,,,,,,,,,,,,,,,,,,22.651618954852378,20.270203479136896,20.19696047068278,37.25465310838988,33.46694658925369,22.651618954852378,20.270203479136896,20.19696047068278,37.25465310838988,33.46694658925369,48.84711228670305,44.11551531977661,42.431121557013526,2.454658484169599,Normal_Compression,715.35,706.725,707.33,712.39,769.98,356.14,-1.16,-0.16283216,,,2026-01-09 08:51:11.010323
EME,2026-01-09 08:51:11.010323,2026-01-09,,schwab,650.64,91725.0,lastPrice,1767977210969,1767977209596,261.414,True,OPEN,OK,COMPUTED,32.068,,,,32.068,,,,,,,,,,,,,,,,,,,,,,,37.352855562543354,35.07374636406648,31.55850526500867,53.158528602842814,46.17165214596312,37.352855562543354,35.07374636406648,31.55850526500867,53.158528602842814,46.17165214596312,43.20278144064088,39.826177214171835,38.38127360541503,5.794350297534685,Normal,651.9999,630.9,631.22,628.27,778.635,320.885,22.37,3.56057109,,,2026-01-09 08:51:11.010323
AMP,2026-01-09 08:51:11.010323,2026-01-09,,schwab,508.8,96119.0,lastPrice,1767977217782,1767977207784,263.226,True,OPEN,OK,COMPUTED,27.374,,,,27.374,,,,,,,,,,,,,,,,,,,,,,,22.503490433545505,17.40454886365729,19.52511931676369,23.607956096773748,22.645263011234672,22.503490433545505,17.40454886365729,19.52511931676369,23.607956096773748,22.645263011234672,22.258995453194473,21.93328086421592,21.888443217673167,2.978371116781815,Normal_Compression,509.11,501.09,504.32,503.47,582.05,396.14,5.33,1.05865295,,,2026-01-09 08:51:11.010323
REGN,2026-01-09 08:51:11.010323,2026-01-09,,schwab,799.17,266667.0,lastPrice,1767977222668,1767977222681,248.329,True,OPEN,OK,COMPUTED,37.911,,,,37.911,,,,,,,,,,,,,,,,,,,,,,,28.543912669316494,24.597451174819625,29.962081631286637,36.488953931676775,36.39479245534841,28.543912669316494,24.597451174819625,29.962081631286637,36.488953931676775,36.39479245534841,34.380900506990876,32.88133477192191,44.12242076263118,-1.4181689619701423,Normal_Compression,821.11,799.17,802.97,801.01,821.11,476.4869,-1.84,-0.22970999,,,2026-01-09 08:51:11.010323
GEV,2026-01-09 08:51:11.010323,2026-01-09,,schwab,628.77,1411069.0,lastPrice,1767977221099,1767977219819,251.191,True,OPEN,OK,COMPUTED,46.455,,,,46.455,,,,,,,,,,,,,,,,,,,,,,,39.052782270476825,55.086930407748746,66.72537494472706,57.893518894115545,52.869562375426106,39.052782270476825,55.086930407748746,66.72537494472706,57.893518894115545,52.869562375426106,52.87642441966172,49.06436450340356,47.325525539366886,-27.67259267425024,High_Contraction,632.32,621.11,632.32,628.4,731.0,252.25,0.37,0.05887969,,,2026-01-09 08:51:11.010323
SPGI,2026-01-09 08:51:11.010323,2026-01-09,,schwab,543.205,502634.0,lastPrice,1767977217038,1767977217055,253.955,True,OPEN,OK,COMPUTED,21.863,,,,21.863,,,,,,,,,,,,,,,,,,,,,,,24.641652535024893,19.93757216099868,18.39526410230476,21.193408751922725,22.694158170385897,24.641652535024893,19.93757216099868,18.39526410230476,21.193408751922725,22.694158170385897,21.77671115179339,20.434019839595894,19.91234947403666,6.246388432720135,Normal,547.33,541.63,543.82,541.56,579.05,427.14,1.645,0.30375212,,,2026-01-09 08:51:11.010323
DE,2026-01-09 08:51:11.010323,2026-01-09,,schwab,488.67,620434.0,lastPrice,1767977218719,1767977198626,272.384,True,OPEN,OK,COMPUTED,28.118,,,,28.118,,,,,,,,,,,,,,,,,,,,,,,39.051503320824736,29.539941729863433,32.06051652115385,25.93418275781638,23.828308709969946,39.051503320824736,29.539941729863433,32.06051652115385,25.93418275781638,23.828308709969946,25.998905936557787,24.77859367695698,24.580096322265742,6.990986799670885,Normal,503.55,484.86,500.7,500.8,533.78,403.01,-12.13,-2.4221246,,,2026-01-09 08:51:11.010323
TDY,2026-01-09 08:51:11.010323,2026-01-09,,schwab,553.33,114023.0,lastPrice,1767977205190,1767977164474,306.536,True,OPEN,OK,COMPUTED,21.523,,,,21.523,,,,,,,,,,,,,,,,,,,,,,,21.25884054502612,19.136454693598026,19.311541576609574,23.1035304878251,21.992847087533526,21.25884054502612,19.136454693598026,19.311541576609574,23.1035304878251,21.992847087533526,20.39689673498551,19.671714829619248,18.957078082031224,1.947298968416547,Normal_Compression,557.78,548.42,548.91,548.91,595.99,419.0,4.42,0.80523219,,,2026-01-09 08:51:11.010323
CASY,2026-01-09 08:51:11.010323,2026-01-09,,schwab,599.255,135433.0,lastPrice,1767977040579,1767977174517,296.493,True,OPEN,OK,COMPUTED,19.804,,,,19.804,,,,,,,,,,,,,,,,,,,,,,,20.93162681692912,20.61035914928518,25.709347178870413,25.54942518497307,24.322607753761257,20.93162681692912,20.61035914928518,25.709347178870413,25.54942518497307,24.322607753761257,22.006268218348897,25.46584273002675,25.125413220186765,-4.777720361941295,Normal_Compression,600.03,588.02,590.1,586.38,600.03,372.085,12.875,2.19567516,,,2026-01-09 08:51:11.010323
CACC,2026-01-09 08:51:11.010323,2026-01-09,,schwab,473.55,74812.0,lastPrice,1767977207895,1767977196192,274.818,True,OPEN,OK,COMPUTED,46.161,,,,46.161,,,,,,,,,,,,,,,,,,,,,,,21.119875039087344,19.256241888052923,22.375866888833247,38.872905682532085,41.49248060637083,21.119875039087344,19.256241888052923,22.375866888833247,38.872905682532085,41.49248060637083,41.21070278059596,39.562076332132015,38.39821809231584,-1.2559918497459035,Normal_Compression,474.4999,461.65,466.88,466.22,560.0,401.9,7.33,1.57221912,,,2026-01-09 08:51:11.010323
SNPS,2026-01-09 08:51:11.010323,2026-01-09,,schwab,524.485,716337.0,lastPrice,1767977221613,1767977221830,249.18,True,OPEN,OK,COMPUTED,36.144,,,,36.144,,,,,,,,,,,,,,,,,,,,,,,25.4668968481116,32.95504026229078,32.13842456967901,33.48838714168113,88.57605480097173,25.4668968481116,32.95504026229078,32.13842456967901,33.48838714168113,88.57605480097173,78.22671684915616,71.24442126292833,67.11979286447749,-6.671527721567408,Normal,524.8599,511.099,515.49,514.49,651.73,365.74,9.995,1.94270054,,,2026-01-09 08:51:11.010323
MSFT,2026-01-09 08:51:11.010323,2026-01-09,,schwab,477.015,7377894.0,lastPrice,1767977222295,1767977220684,250.326,True,OPEN,OK,COMPUTED,27.244,,,,27.244,,,,,,,,,,,,,,,,,,,,,,,15.796721425735944,14.287541528446216,18.48687978316811,19.221098029551076,18.359724919353003,15.796721425735944,14.287541528446216,18.48687978316811,19.221098029551076,18.359724919353003,18.293350931500164,17.263167167258526,19.305349805651957,-2.690158357432166,Normal_Compression,477.185,472.2001,474.06,478.11,555.45,344.79,-1.095,-0.22902679,,,2026-01-09 08:51:11.010323
NOC,2026-01-09 08:51:11.010323,2026-01-09,,schwab,616.79,515063.0,lastPrice,1767977211937,1767977162695,308.315,True,OPEN,OK,COMPUTED,26.542,,,,26.542,,,,,,,,,,,,,,,,,,,,,,,47.25657422020032,35.75130172137854,33.25335901188461,26.32060635226224,23.784464385967983,47.25657422020032,35.75130172137854,33.25335901188461,26.32060635226224,23.784464385967983,24.80940277958965,24.39238471382443,23.636729160523178,14.003215208315709,Normal_Expansion,618.6699,590.68,590.68,590.79,640.901,426.24,26.0,4.40088695,,,2026-01-09 08:51:11.010323
MCO,2026-01-09 08:51:11.010323,2026-01-09,,schwab,532.46,146342.0,lastPrice,1767977186692,1767977163824,307.186,True,OPEN,OK,COMPUTED,21.859,,,,21.859,,,,,,,,,,,,,,,,,,,,,,,32.367070370104706,23.430995847578345,21.555651460036778,22.36091088879514,23.150295475946205,32.367070370104706,23.430995847578345,21.555651460036778,22.36091088879514,23.150295475946205,22.215160550356224,21.44545365573642,21.33676231370453,10.811418910067928,Normal_Expansion,537.27,530.88,531.3,531.17,540.0,378.71,1.29,0.2428601,,,2026-01-09 08:51:11.010323
CW,2026-01-09 08:51:11.010323,2026-01-09,,schwab,603.64,43243.0,lastPrice,1767977130121,1767977124926,346.084,True,OPEN,OK,COMPUTED,33.657,,,,33.657,,,,,,,,,,,,,,,,,,,,,,,31.48074672743836,32.15144456438818,31.69468807920321,32.23763167871244,30.66483518982139,31.48074672743836,32.15144456438818,31.69468807920321,32.23763167871244,30.66483518982139,30.782610516925818,29.19718730590676,28.411295807648575,-0.213941351764852,Normal_Compression,604.0,588.23,589.54,582.61,612.28,266.8787,21.03,3.60961878,,,2026-01-09 08:51:11.010323
KNSL,2026-01-09 08:51:11.010323,2026-01-09,,schwab,402.84,50371.0,lastPrice,1767977217065,1767977175923,295.087,True,OPEN,OK,COMPUTED,38.253,,,,38.253,,,,,,,,,,,,,,,,,,,,,,,22.985147546890776,26.920087191686353,29.99105820155211,35.089666784336174,34.46069789868067,22.985147546890776,26.920087191686353,29.99105820155211,35.089666784336174,34.46069789868067,32.340239561339715,31.107741456854548,37.45903546235488,-7.005910654661335,Normal,414.5132,402.17,413.31,411.14,512.76,349.0,-8.3,-2.01877706,,,2026-01-09 08:51:11.010323
LIN,2026-01-09 08:51:11.010323,2026-01-09,,schwab,442.38,548352.0,lastPrice,1767977219939,1767977196973,274.037,True,OPEN,OK,COMPUTED,20.26,,,,20.26,,,,,,,,,,,,,,,,,,,,,,,9.915274154488769,15.889643624335765,17.425199159777986,17.998636418875083,16.97599206260926,9.915274154488769,15.889643624335765,17.425199159777986,17.998636418875083,16.97599206260926,15.682930061325283,15.175471440226268,15.043496840034091,-7.509925005289217,Normal,444.26,437.17,437.82,439.69,486.38,387.78,2.69,0.61179467,,,2026-01-09 08:51:11.010323
CACI,2026-01-09 08:51:11.010323,2026-01-09,,schwab,605.38,142613.0,lastPrice,1767977197203,1767977097534,373.476,True,OPEN,OK,COMPUTED,39.236,,,,39.236,,,,,,,,,,,,,,,,,,,,,,,38.70852889036507,33.56715939708638,29.66074659915771,34.56910790025627,32.17919846943346,38.70852889036507,33.56715939708638,29.66074659915771,34.56910790025627,32.17919846943346,31.464586031567265,30.219615023160408,31.152053549359373,9.047782291207362,Normal,607.12,581.85,585.36,584.09,632.77,318.595,21.29,3.64498622,,,2026-01-09 08:51:11.010323
LMT,2026-01-09 08:51:11.010323,2026-01-09,,schwab,539.855,1061495.0,lastPrice,1767977220543,1767977213865,257.145,True,OPEN,OK,COMPUTED,26.9195,,,,26.9195,,,,,,,,,,,,,,,,,,,,,,,44.57076174019585,33.531980408304754,31.423233495734763,27.322337235512155,23.73024145073653,44.57076174019585,33.531980408304754,31.423233495734763,27.322337235512155,23.73024145073653,27.50428273750974,27.441203394200585,26.34786841011639,13.147528244461084,Normal_Expansion,543.08,525.88,525.88,518.44,543.08,410.11,21.415,4.13066121,,,2026-01-09 08:51:11.010323
ULTA,2026-01-09 08:51:11.010323,2026-01-09,,schwab,662.345,292538.0,lastPrice,1767977221127,1767977210241,260.769,True,OPEN,OK,COMPUTED,25.615,,,,25.615,,,,,,,,,,,,,,,,,,,,,,,18.781737142843905,20.8471140502991,40.044312016729464,33.89883802033149,30.575617514132,18.781737142843905,20.8471140502991,40.044312016729464,33.89883802033149,30.575617514132,32.36737780449616,29.972577127004136,31.74733596429025,-21.26257487388556,High_Contraction,675.65,657.0,657.3,657.46,675.65,309.01,4.885,0.74301098,,,2026-01-09 08:51:11.010323
DPZ,2026-01-09 08:51:11.010323,2026-01-09,,schwab,404.1,140423.0,lastPrice,1767977217378,1767977181427,289.583,True,OPEN,OK,COMPUTED,25.662,,,,25.662,,,,,,,,,,,,,,,,,,,,,,,21.71010062511404,22.4673756340365,21.071741126493414,20.99846884291478,21.24735303792411,21.71010062511404,22.4673756340365,21.071741126493414,20.99846884291478,21.24735303792411,22.891777360133563,22.50678352307764,21.478492771220456,0.6383594986206269,Normal_Compression,409.0,402.38,405.83,406.58,500.55,392.89,-2.48,-0.60996606,,,2026-01-09 08:51:11.010323
FDS,2026-01-09 08:51:11.010323,2026-01-09,,schwab,293.145,116529.0,lastPrice,1767977200456,1767977201564,269.446,True,OPEN,OK,COMPUTED,29.792,,,,29.792,,,,,,,,,,,,,,,,,,,,,,,16.797300702054496,37.570952990098824,32.94719544275351,33.925598988280505,37.15362631471202,16.797300702054496,37.570952990098824,32.94719544275351,33.925598988280505,37.15362631471202,34.048087488582404,31.32919375860741,30.02498703447855,-16.149894740699015,Normal_Contraction,297.3588,290.22,296.46,294.17,477.92,250.5,-1.025,-0.34843798,,,2026-01-09 08:51:11.010323
GPI,2026-01-09 08:51:11.010323,2026-01-09,,schwab,400.775,40840.0,lastPrice,1767977174276,1767977174277,296.733,True,OPEN,OK,COMPUTED,32.995,,,,32.995,,,,,,,,,,,,,,,,,,,,,,,16.88363234853948,18.654963831593268,19.03574829303465,27.529120613244885,27.76267217583864,16.88363234853948,18.654963831593268,19.03574829303465,27.529120613244885,27.76267217583864,29.239053340221226,32.29443084390714,30.935728733404783,-2.152115944495172,Normal_Compression,405.03,396.3,400.76,400.97,490.09,355.91,-0.195,-0.04863207,,,2026-01-09 08:51:11.010323
WSO,2026-01-09 08:51:11.010323,2026-01-09,,schwab,368.71,110522.0,lastPrice,1767977221970,1767977109619,361.391,True,OPEN,OK,COMPUTED,31.992,,,,31.992,,,,,,,,,,,,,,,,,,,,,,,31.15872409884129,26.015685004625706,29.655477270329857,33.35365859238654,32.15826674893557,31.15872409884129,26.015685004625706,29.655477270329857,33.35365859238654,32.15826674893557,32.16829016605897,30.197462600000797,29.45216143663904,1.5032468285114362,Normal_Compression,369.0,361.455,362.64,360.76,535.4,323.05,7.95,2.20368112,,,2026-01-09 08:51:11.010323
TT,2026-01-09 08:51:11.010323,2026-01-09,,schwab,383.7,400954.0,lastPrice,1767977208275,1767977217913,253.097,True,OPEN,OK,COMPUTED,30.962,,,,30.962,,,,,,,,,,,,,,,,,,,,,,,23.081929217455272,24.606884171526556,21.845869097306444,24.610499866551187,22.760454511510066,23.081929217455272,24.606884171526556,21.845869097306444,24.610499866551187,22.760454511510066,25.259707884601152,23.718005013609098,24.933653025026953,1.236060120148828,Normal_Compression,385.62,380.33,380.5,378.36,476.185,298.15,5.34,1.41135427,,,2026-01-09 08:51:11.010323
CVCO,2026-01-09 08:51:11.010323,2026-01-09,,schwab,664.33,57774.0,lastPrice,1767977171588,1767977171313,299.697,True,OPEN,OK,COMPUTED,41.963,,,,41.963,,,,,,,,,,,,,,,,,,,,,,,28.885479650986092,24.009822152739513,28.554407035711225,40.88522306945364,44.537037818329,28.885479650986092,24.009822152739513,28.554407035711225,40.88522306945364,44.537037818329,42.40812868543913,40.99089709148638,39.822037814784586,0.3310726152748664,Normal_Compression,665.62,644.0,644.0,642.69,665.62,393.53,21.64,3.36709767,,,2026-01-09 08:51:11.010323
MSI,2026-01-09 08:51:11.010323,2026-01-09,,schwab,380.0,227988.0,lastPrice,1767977217762,1767977217762,253.248,True,OPEN,OK,COMPUTED,22.777,,,,22.777,,,,,,,,,,,,,,,,,,,,,,,13.565723591974994,16.409350932307245,14.841321139659632,22.469445875897197,20.68479248679597,13.565723591974994,16.409350932307245,14.841321139659632,22.469445875897197,20.68479248679597,19.99584965010349,19.038044242703418,20.515264558717742,-1.2755975476846384,Low_Compression,383.0699,379.06,381.02,381.89,492.22,359.36,-1.89,-0.49490691,,,2026-01-09 08:51:11.010323
DUOL,2026-01-09 08:51:11.010323,2026-01-09,,schwab,176.15,352417.0,lastPrice,1767977217326,1767977217427,253.583,True,OPEN,OK,COMPUTED,60.756,,,,60.756,,,,,,,,,,,,,,,,,,,,,,,35.55197266269811,35.43986014079788,46.86801409242866,74.57672677339295,70.39655311094988,35.55197266269811,35.43986014079788,46.86801409242866,74.57672677339295,70.39655311094988,71.95361945849181,66.51767039538274,66.18799224774811,-11.316041429730546,High_Contraction,176.8,171.9,175.91,173.87,544.93,166.27,2.28,1.31132455,,,2026-01-09 08:51:11.010323
TMO,2026-01-09 08:51:11.010323,2026-01-09,,schwab,610.44,1036413.0,lastPrice,1767977210116,1767977195432,275.578,True,OPEN,OK,COMPUTED,27.909,,,,27.909,,,,,,,,,,,,,,,,,,,,,,,23.296083044976275,19.50489124876073,18.30216212116876,18.609369177566055,26.004815753473064,23.296083044976275,19.50489124876073,18.30216212116876,18.609369177566055,26.004815753473064,29.36697845523642,29.258757782805827,30.320842038981908,4.993920923807515,Normal_Compression,614.92,604.55,608.61,606.5,628.08,385.46,3.94,0.64962902,,,2026-01-09 08:51:11.010323
MUSA,2026-01-09 08:51:11.010323,2026-01-09,,schwab,419.38,88584.0,lastPrice,1767977216166,1767977216431,254.579,True,OPEN,OK,COMPUTED,35.908,,,,35.908,,,,,,,,,,,,,,,,,,,,,,,23.543528264284276,21.777837794331028,20.249123469311098,30.267089041835487,30.97524056648545,23.543528264284276,21.777837794331028,20.249123469311098,30.267089041835487,30.97524056648545,33.97948367882695,33.63727461564515,35.47655804816921,3.2944047949731825,Normal_Compression,425.515,412.53,422.42,428.98,523.09,345.2301,-9.6,-2.23786657,,,2026-01-09 08:51:11.010323
HUBB,2026-01-09 08:51:11.010323,2026-01-09,,schwab,470.86,78197.0,lastPrice,1767977182958,1767977147721,323.289,True,OPEN,OK,COMPUTED,28.861,,,,28.861,,,,,,,,,,,,,,,,,,,,,,,31.365472170353716,30.847745064670857,26.50788263804819,29.37487479819062,27.278772790960836,31.365472170353716,30.847745064670857,26.50788263804819,29.37487479819062,27.278772790960836,26.939039402528604,26.092644321742643,27.4807320383155,4.857589532305525,Normal_Compression,470.86,462.23,463.48,460.87,484.26,299.425,9.99,2.16763946,,,2026-01-09 08:51:11.010323
IT,2026-01-09 08:51:11.010323,2026-01-09,,schwab,250.27,210986.0,lastPrice,1767977214509,1767977200995,270.015,True,OPEN,OK,COMPUTED,46.013,,,,46.013,,,,,,,,,,,,,,,,,,,,,,,36.75517844848879,31.834377019628267,27.81415993231104,37.09239772862416,36.984306467002895,36.75517844848879,31.834377019628267,27.81415993231104,37.09239772862416,36.984306467002895,58.82936430692596,53.45599912262554,49.48323563386064,8.941018516177753,Normal,252.63,248.23,249.38,246.81,584.01,222.54,3.46,1.40188809,,,2026-01-09 08:51:11.010323
CHTR,2026-01-09 08:51:11.010323,2026-01-09,,schwab,207.78,437085.0,lastPrice,1767977220846,1767977206538,264.472,True,OPEN,OK,COMPUTED,59.035,,,,59.035,,,,,,,,,,,,,,,,,,,,,,,16.13769328908595,18.196353895267585,21.02103805715221,30.09478130766202,28.914835420988023,16.13769328908595,18.196353895267585,21.02103805715221,30.09478130766202,28.914835420988023,41.99398812312832,40.00440049005804,39.993541905787595,-4.883344768066262,Normal_Compression,211.06,202.56,210.15,209.71,437.06,193.0,-1.93,-0.92031854,,,2026-01-09 08:51:11.010323
SYK,2026-01-09 08:51:11.010323,2026-01-09,,schwab,366.695,589218.0,lastPrice,1767977221783,1767977222472,248.538,True,OPEN,OK,COMPUTED,24.407,,,,24.407,,,,,,,,,,,,,,,,,,,,,,,26.67327185474569,19.25369385185919,19.404740971529503,21.615405176629984,20.07789784679629,26.67327185474569,19.25369385185919,19.404740971529503,21.615405176629984,20.07789784679629,20.253578823260572,18.96967263120286,18.515040468719025,7.268530883216187,Normal,370.75,365.92,367.97,367.21,406.19,329.1608,-0.515,-0.14024673,,,2026-01-09 08:51:11.010323
ADBE,2026-01-09 08:51:11.010323,2026-01-09,,schwab,332.51,1576703.0,lastPrice,1767977218636,1767977216423,254.587,True,OPEN,OK,COMPUTED,28.643,,,,28.643,,,,,,,,,,,,,,,,,,,,,,,27.644269429701296,24.95050088389805,27.0696940981662,28.994888229269648,27.190785819699432,27.644269429701296,24.95050088389805,27.0696940981662,28.994888229269648,27.190785819699432,27.054269539016683,27.287279838642647,26.52987172394814,0.5745753315350939,Normal_Compression,335.875,328.0,335.875,339.04,465.6999,311.585,-6.53,-1.92602643,,,2026-01-09 08:51:11.010323
CAT,2026-01-09 08:51:11.010323,2026-01-09,,schwab,617.005,611396.0,lastPrice,1767977222191,1767977220249,250.761,True,OPEN,OK,COMPUTED,36.407,,,,36.407,,,,,,,,,,,,,,,,,,,,,,,37.9693315142847,37.60445672220099,33.86072262599768,37.542449060516134,33.72420559624256,37.9693315142847,37.60445672220099,33.86072262599768,37.542449060516134,33.72420559624256,31.866829117182583,29.62431989006876,28.82220294898506,4.108608888287016,Normal_Compression,619.15,608.2,609.97,608.13,627.5,267.3,8.875,1.45939191,,,2026-01-09 08:51:11.010323
ELV,2026-01-09 08:51:11.010323,2026-01-09,,schwab,373.565,280227.0,lastPrice,1767977219229,1767977194103,276.907,True,OPEN,OK,COMPUTED,35.93,,,,35.93,,,,,,,,,,,,,,,,,,,,,,,21.19758686468877,28.39056081416681,26.535820598462863,29.086864213989532,29.123828356922232,21.19758686468877,28.39056081416681,26.535820598462863,29.086864213989532,29.123828356922232,30.97378743557522,38.94817462911758,39.638187623289944,-5.3382337337741,Normal,378.28,372.35,376.2,374.77,458.75,273.71,-1.205,-0.32153054,,,2026-01-09 08:51:11.010323
RBC,2026-01-09 08:51:11.010323,2026-01-09,,schwab,491.78,36198.0,lastPrice,1767977209490,1767977194090,276.92,True,OPEN,OK,COMPUTED,26.953,,,,26.953,,,,,,,,,,,,,,,,,,,,,,,29.213465675976096,25.823727936278782,23.238183415168283,25.603022302810047,25.181481866597395,29.213465675976096,25.823727936278782,23.238183415168283,25.603022302810047,25.181481866597395,24.144132317981224,23.432631830554396,23.374596676263593,5.975282260807813,Normal,492.6348,482.1001,485.0,485.0,492.6348,290.56,6.78,1.39793814,,,2026-01-09 08:51:11.010323
PWR,2026-01-09 08:51:11.010323,2026-01-09,,schwab,422.005,378679.0,lastPrice,1767977210123,1767977198160,272.85,True,OPEN,OK,COMPUTED,33.011,,,,33.011,,,,,,,,,,,,,,,,,,,,,,,39.465455495748394,42.11943321233794,36.98572736435723,36.73630129366809,35.359553139474926,39.465455495748394,42.11943321233794,36.98572736435723,36.73630129366809,35.359553139474926,32.70748008358284,30.670250880007128,31.478914716762414,2.4797281313911625,Normal_Compression,423.71,417.1001,422.45,413.17,473.99,227.08,8.835,2.13834499,,,2026-01-09 08:51:11.010323
HCA,2026-01-09 08:51:11.010323,2026-01-09,,schwab,473.94,202074.0,lastPrice,1767977212353,1767977206016,264.994,True,OPEN,OK,COMPUTED,32.647,,,,32.647,,,,,,,,,,,,,,,,,,,,,,,22.524773853728497,21.533059722898727,23.053182526196323,25.03460959889364,24.265155975552517,22.524773853728497,21.533059722898727,23.053182526196323,25.03460959889364,24.265155975552517,24.362893685814218,23.7184373090228,23.913798963750025,-0.5284086724678296,Normal_Compression,483.98,473.88,480.92,479.02,520.0,295.0,-5.08,-1.06049852,,,2026-01-09 08:51:11.010323
CSL,2026-01-09 08:51:11.010323,2026-01-09,,schwab,352.825,160095.0,lastPrice,1767977214025,1767977221275,249.735,True,OPEN,OK,COMPUTED,34.368,,,,34.368,,,,,,,,,,,,,,,,,,,,,,,36.29500477883662,26.70609034783931,24.81424056633989,28.493927628511745,31.098675360559785,36.29500477883662,26.70609034783931,24.81424056633989,28.493927628511745,31.098675360559785,37.98036076300135,36.15800578255039,35.030553353207864,11.48076421249673,Normal_Expansion,353.36,342.37,343.62,340.06,435.92,293.43,12.765,3.75374934,,,2026-01-09 08:51:11.010323
HD,2026-01-09 08:51:11.010323,2026-01-09,,schwab,369.285,2006927.0,lastPrice,1767977213395,1767977221805,249.205,True,OPEN,OK,COMPUTED,21.859,,,,21.859,,,,,,,,,,,,,,,,,,,,,,,21.492781718557705,21.57736797731345,20.89937552697959,24.99361780527681,22.40058997613259,21.492781718557705,21.57736797731345,20.89937552697959,24.99361780527681,22.40058997613259,22.59880999713777,21.83155574537411,21.22777996184859,0.593406191578115,Normal_Compression,369.86,361.31,363.5,359.56,426.75,326.31,9.725,2.70469463,,,2026-01-09 08:51:11.010323
LPLA,2026-01-09 08:51:11.010323,2026-01-09,,schwab,363.1075,129895.0,lastPrice,1767977215632,1767977217814,253.196,True,OPEN,OK,COMPUTED,35.394,,,,35.394,,,,,,,,,,,,,,,,,,,,,,,32.575687733364155,30.74155366041373,29.18262065130634,33.17286522505277,34.398181262303176,32.575687733364155,30.74155366041373,29.18262065130634,33.17286522505277,34.398181262303176,33.310946995309564,32.693887504968295,32.11605614123767,3.393067082057815,Normal_Compression,364.9899,359.18,364.4,362.36,403.575,262.8341,0.7475,0.20628657,,,2026-01-09 08:51:11.010323
ETN,2026-01-09 08:51:11.010323,2026-01-09,,schwab,324.385,790154.0,lastPrice,1767977221323,1767977221539,249.471,True,OPEN,OK,COMPUTED,37.248,,,,37.248,,,,,,,,,,,,,,,,,,,,,,,30.45366965847543,32.8044239732913,31.0834809579886,32.476877554457865,30.398738761279624,30.45366965847543,32.8044239732913,31.0834809579886,32.476877554457865,30.398738761279624,29.717187867418467,29.182655438445693,28.39269528827838,-0.6298112995131717,Normal_Compression,325.22,320.79,322.15,320.58,399.56,231.85,3.805,1.18691122,,,2026-01-09 08:51:11.010323
AON,2026-01-09 08:51:11.010323,2026-01-09,,schwab,351.74,189033.0,lastPrice,1767977220530,1767977217863,253.147,True,OPEN,OK,COMPUTED,23.476,,,,23.476,,,,,,,,,,,,,,,,,,,,,,,18.017370084387295,17.421371190198585,16.80644912093097,18.970177704988203,18.46850287199512,18.017370084387295,17.421371190198585,16.80644912093097,18.970177704988203,18.46850287199512,19.57935422358164,19.733711506659667,21.782130599444347,1.2109209634563245,Normal_Compression,352.91,350.12,351.405,351.97,412.97,323.73,-0.23,-0.06534648,,,2026-01-09 08:51:11.010323
WAT,2026-01-09 08:51:11.010323,2026-01-09,,schwab,396.24,111279.0,lastPrice,1767977221529,1767977193215,277.795,True,OPEN,OK,COMPUTED,30.961,,,,30.961,,,,,,,,,,,,,,,,,,,,,,,20.51375785151348,18.61087919812917,18.55839284227159,24.795165174301193,28.652075200475668,20.51375785151348,18.61087919812917,18.55839284227159,24.795165174301193,28.652075200475668,28.620395070319347,34.251352771701995,34.407083567499605,1.9553650092418875,Normal_Compression,400.54,393.195,398.55,396.65,423.56,275.05,-0.41,-0.10336569,,,2026-01-09 08:51:11.010323
V,2026-01-09 08:51:11.010323,2026-01-09,,schwab,350.49,1553201.0,lastPrice,1767977218039,1767977219105,251.905,True,OPEN,OK,COMPUTED,20.6,,,,20.6,,,,,,,,,,,,,,,,,,,,,,,16.04744804300679,24.397665255565236,21.3454565304695,19.752284654198192,19.18804081634353,16.04744804300679,24.397665255565236,21.3454565304695,19.752284654198192,19.18804081634353,18.30665154549203,20.167290821879913,19.27496884619434,-5.298008487462713,Normal,354.6966,349.31,352.16,352.23,375.51,299.0,-1.74,-0.4939954,,,2026-01-09 08:51:11.010323
WING,2026-01-09 08:51:11.010323,2026-01-09,,schwab,268.1275,148120.0,lastPrice,1767977222068,1767977222067,248.943,True,OPEN,OK,COMPUTED,62.951,,,,62.951,,,,,,,,,,,,,,,,,,,,,,,60.553939771624634,49.34156979089014,45.35658979858922,56.401430445797,51.59986309407355,60.553939771624634,49.34156979089014,45.35658979858922,56.401430445797,51.59986309407355,61.685581680428946,56.895283283831155,57.56911586877986,15.197349973035417,High_Expansion,269.62,261.97,267.91,268.69,388.14,204.0,-0.5625,-0.20934906,,,2026-01-09 08:51:11.010323
SHW,2026-01-09 08:51:11.010323,2026-01-09,,schwab,349.88,700939.0,lastPrice,1767977221696,1767977220892,250.118,True,OPEN,OK,COMPUTED,25.405,,,,25.405,,,,,,,,,,,,,,,,,,,,,,,26.474367542907228,20.70897676080619,20.358017713920784,23.14256450560932,22.62997241081658,26.474367542907228,20.70897676080619,20.358017713920784,23.14256450560932,22.62997241081658,22.30194443362832,22.933736638188147,22.818801092363245,6.1163498289864435,Normal,351.69,342.735,343.5,341.03,379.65,308.84,8.85,2.59507961,,,2026-01-09 08:51:11.010323
NVDA,2026-01-09 08:51:11.010323,2026-01-09,,schwab,185.235,57484011.0,lastPrice,1767977222783,1767977222763,248.247,True,OPEN,OK,COMPUTED,35.176,,,,35.176,,,,,,,,,,,,,,,,,,,,,,,16.98196650906993,30.41677416403237,27.48994463146362,34.41335604471963,34.55279429398487,16.98196650906993,30.41677416403237,27.48994463146362,34.41335604471963,34.55279429398487,32.646604794507496,31.39927497436404,32.48526313690197,-10.507978122393688,Normal_Contraction,185.825,183.6701,185.08,185.04,212.1899,86.62,0.195,0.10538262,,,2026-01-09 08:51:11.010323
AAPL,2026-01-09 08:51:11.010323,2026-01-09,,schwab,257.13,16089742.0,lastPrice,1767977222515,1767977222513,248.497,True,OPEN,OK,COMPUTED,25.167,,,,25.167,,,,,,,,,,,,,,,,,,,,,,,9.497480508736114,11.033027094856248,12.266994934133768,16.728100820885885,20.52541676818397,9.497480508736114,11.033027094856248,12.266994934133768,16.728100820885885,20.52541676818397,21.765403464984757,20.932004151100177,22.337624143114866,-2.769514425397654,Low_Compression,260.0,256.22,259.075,259.04,288.62,169.2101,-1.91,-0.73733786,,,2026-01-09 08:51:11.010323
AMZN,2026-01-09 08:51:11.010323,2026-01-09,,schwab,245.91,14233324.0,lastPrice,1767977222377,1767977222660,248.35,True,OPEN,OK,COMPUTED,35.214,,,,35.214,,,,,,,,,,,,,,,,,,,,,,,26.010132520089066,23.34433944603709,21.19714405134526,32.4897469579645,31.19186482916377,26.010132520089066,23.34433944603709,21.19714405134526,32.4897469579645,31.19186482916377,31.761811177955153,30.006796202580027,30.18404262741206,4.812988468743804,Normal_Compression,246.929,242.24,244.568,246.29,258.6,161.38,-0.38,-0.15428966,,,2026-01-09 08:51:11.010323
GOOG,2026-01-09 08:51:11.010323,2026-01-09,,schwab,330.47,8411860.0,lastPrice,1767977222553,1767977222344,248.666,True,OPEN,OK,COMPUTED,33.901,,,,33.901,,,,,,,,,,,,,,,,,,,,,,,15.6026648007713,21.888258119680465,21.22730666409979,28.619621384646088,29.9379911606388,15.6026648007713,21.888258119680465,21.22730666409979,28.619621384646088,29.9379911606388,27.648748298843444,26.82748502848471,28.00117924083309,-5.624641863328488,Normal,331.48,326.25,327.49,326.01,331.48,142.66,4.46,1.36805619,,,2026-01-09 08:51:11.010323
AVGO,2026-01-09 08:51:11.010323,2026-01-09,,schwab,344.19,10381959.0,lastPrice,1767977222273,1767977222272,248.738,True,OPEN,OK,COMPUTED,40.345,,,,40.345,,,,,,,,,,,,,,,,,,,,,,,27.365253867010768,55.37984856245991,50.45419188221136,48.121286013187174,50.829175409772375,27.365253867010768,55.37984856245991,50.45419188221136,48.121286013187174,50.829175409772375,46.561821646176206,43.97025275065929,42.674093733256846,-23.088938015200593,High_Contraction,346.0699,333.5,337.92,332.48,414.61,138.1,11.71,3.52201636,,,2026-01-09 08:51:11.010323
TSLA,2026-01-09 08:51:11.010323,2026-01-09,,schwab,443.5,33139262.0,lastPrice,1767977222071,1767977222566,248.444,True,OPEN,OK,COMPUTED,45.543,,,,45.543,,,,,,,,,,,,,,,,,,,,,,,36.57796897739848,40.27148241340866,37.226509418320134,43.72481600898251,46.94882879339993,36.57796897739848,40.27148241340866,37.226509418320134,43.72481600898251,46.94882879339993,45.91889190548509,47.34139292040922,51.678335015855694,-0.64854044092165,Normal_Compression,444.29,430.39,435.945,435.8,498.83,214.25,7.7,1.76686553,,,2026-01-09 08:51:11.010323
JPM,2026-01-09 08:51:11.010323,2026-01-09,,schwab,331.81,2967827.0,lastPrice,1767977217316,1767977218745,252.265,True,OPEN,OK,COMPUTED,22.914,,,,22.914,,,,,,,,,,,,,,,,,,,,,,,21.062127091050233,19.537786236783266,24.991615980342427,22.913389941257115,21.43405697380295,21.062127091050233,19.537786236783266,24.991615980342427,22.913389941257115,21.43405697380295,20.10206636568516,19.64330415828513,19.10305808763682,-3.929488889292194,Normal_Compression,331.9,328.17,329.34,329.79,337.25,202.16,2.02,0.61251099,,,2026-01-09 08:51:11.010323
WMT,2026-01-09 08:51:11.010323,2026-01-09,,schwab,114.745,8084001.0,lastPrice,1767977222326,1767977222677,248.333,True,OPEN,OK,COMPUTED,22.869,,,,22.869,,,,,,,,,,,,,,,,,,,,,,,15.126717206811808,16.824187177061425,17.750746974493566,21.99050697636845,21.1933322007306,15.126717206811808,16.824187177061425,17.750746974493566,21.99050697636845,21.1933322007306,21.304800461333727,20.295228922903146,19.458725598374844,-2.6240297676817583,Normal_Compression,115.21,112.255,112.255,113.07,117.45,79.81,1.675,1.48138321,,,2026-01-09 08:51:11.010323
ORCL,2026-01-09 08:51:11.010323,2026-01-09,,schwab,195.34,11406593.0,lastPrice,1767977222679,1767977222650,248.36,True,OPEN,OK,COMPUTED,42.499,,,,42.499,,,,,,,,,,,,,,,,,,,,,,,22.888571239813107,58.81898214194757,52.125103364875834,50.6618947254143,72.72047806451299,22.888571239813107,58.81898214194757,52.125103364875834,50.6618947254143,72.72047806451299,65.25198933116344,63.08112366907951,58.85623487282447,-29.236532125062727,High_Contraction,197.95,188.78,191.655,189.15,345.72,118.86,6.19,3.27253503,,,2026-01-09 08:51:11.010323
XOM,2026-01-09 08:51:11.010323,2026-01-09,,schwab,123.63,5055409.0,lastPrice,1767977221914,1767977219172,251.838,True,OPEN,OK,COMPUTED,24.89,,,,24.89,,,,,,,,,,,,,,,,,,,,,,,33.2393112806786,27.543992696667363,24.38956543447747,20.74569030457922,20.7983449270325,33.2393112806786,27.543992696667363,24.38956543447747,20.74569030457922,20.7983449270325,19.43355942412772,20.6701756102916,20.26635021508211,8.849745846201131,Normal,123.99,123.095,123.23,122.91,125.93,97.8,0.72,0.58579448,,,2026-01-09 08:51:11.010323
PG,2026-01-09 08:51:11.010323,2026-01-09,,schwab,141.62,3204751.0,lastPrice,1767977222159,1767977218030,252.98,True,OPEN,OK,COMPUTED,23.732,,,,23.732,,,,,,,,,,,,,,,,,,,,,,,17.00878107286556,17.984387586268742,19.13066017544034,17.951281415269595,16.78988111321928,17.00878107286556,17.984387586268742,19.13066017544034,17.951281415269595,16.78988111321928,16.463040462548317,15.989317854026869,16.569373453940173,-2.1218791025747805,Normal_Compression,141.919,140.83,141.7,141.53,179.99,137.62,0.09,0.06359076,,,2026-01-09 08:51:11.010323
JNJ,2026-01-09 08:51:11.010323,2026-01-09,,schwab,204.98,1656352.0,lastPrice,1767977222325,1767977221864,249.146,True,OPEN,OK,COMPUTED,20.808,,,,20.808,,,,,,,,,,,,,,,,,,,,,,,11.69406989194556,15.845289168515617,16.94146240021227,15.836639849021305,14.959435714266666,11.69406989194556,15.845289168515617,16.94146240021227,15.836639849021305,14.959435714266666,14.836791834467746,16.344924825200014,16.574680981502762,-5.24739250826671,Normal,206.7,204.51,205.91,205.75,215.185,140.68,-0.77,-0.37424058,,,2026-01-09 08:51:11.010323
BAC,2026-01-09 08:51:11.010323,2026-01-09,,schwab,56.375,10659904.0,lastPrice,1767977222308,1767977221363,249.647,True,OPEN,OK,COMPUTED,24.181,,,,24.181,,,,,,,,,,,,,,,,,,,,,,,22.234381823832045,18.27184075635482,16.636900230940196,20.780153002005253,19.59539980713932,22.234381823832045,18.27184075635482,16.636900230940196,20.780153002005253,19.59539980713932,19.762179402033812,19.447203978824103,19.58322939265753,5.5974815928918495,Normal,56.61,55.95,56.17,56.18,57.55,33.065,0.195,0.34709861,,,2026-01-09 08:51:11.010323
ABBV,2026-01-09 08:51:11.010323,2026-01-09,,schwab,220.64,1687107.0,lastPrice,1767977222686,1767977222675,248.335,True,OPEN,OK,COMPUTED,29.104,,,,29.104,,,,,,,,,,,,,,,,,,,,,,,39.0684269044024,29.763682634821027,26.69506606432038,26.685747116146928,26.829818618333256,39.0684269044024,29.763682634821027,26.69506606432038,26.685747116146928,26.829818618333256,24.68674339230547,24.21120529257152,25.572419304895593,12.373360840082022,Normal_Expansion,225.12,220.1,223.75,224.13,244.81,164.39,-3.49,-1.55713202,,,2026-01-09 08:51:11.010323
PLTR,2026-01-09 08:51:11.010323,2026-01-09,,schwab,177.795,15413423.0,lastPrice,1767977222784,1767977222294,248.716,True,OPEN,OK,COMPUTED,59.938,,,,59.938,,,,,,,,,,,,,,,,,,,,,,,46.45060330855195,46.75826977185972,41.54663156473792,50.94007114733977,48.27068764366968,46.45060330855195,46.75826977185972,41.54663156473792,50.94007114733977,48.27068764366968,48.04915572205409,47.93408415318682,52.03274720653109,4.903971743814026,High_Compression,178.72,174.75,177.02,176.86,207.52,63.4,0.935,0.52866674,,,2026-01-09 08:51:11.010323
KO,2026-01-09 08:51:11.010323,2026-01-09,,schwab,69.93,7083193.0,lastPrice,1767977223019,1767977221137,249.873,True,OPEN,OK,COMPUTED,16.278,,,,16.278,,,,,,,,,,,,,,,,,,,,,,,18.72071500121545,16.7566170646909,15.50932970554133,17.817971596722685,16.030552360156403,18.72071500121545,16.7566170646909,15.50932970554133,17.817971596722685,16.030552360156403,15.654847210470772,15.32470306612756,15.472324232197664,3.211385295674116,Normal_Compression,70.1151,69.12,69.43,69.37,74.38,60.71,0.56,0.80726539,,,2026-01-09 08:51:11.010323
PM,2026-01-09 08:51:11.010323,2026-01-09,,schwab,160.295,1066239.0,lastPrice,1767977220985,1767977217081,253.929,True,OPEN,OK,COMPUTED,30.179,,,,30.179,,,,,,,,,,,,,,,,,,,,,,,21.880489711042134,21.45957005715434,20.788473688650217,24.74842130945528,23.904432648589633,21.880489711042134,21.45957005715434,20.788473688650217,24.74842130945528,23.904432648589633,26.429947081313472,25.13034155129069,24.214076033966204,1.0920160223919204,Normal_Compression,161.5799,159.18,159.18,158.81,186.69,116.12,1.485,0.93507965,,,2026-01-09 08:51:11.010323
UNH,2026-01-09 08:51:11.010323,2026-01-09,,schwab,344.0,1612742.0,lastPrice,1767977222173,1767977213180,257.83,True,OPEN,OK,COMPUTED,37.459,,,,37.459,,,,,,,,,,,,,,,,,,,,,,,23.268689941397092,21.96990158139994,25.327576583112904,26.726090572148017,28.780295038718624,23.268689941397092,21.96990158139994,25.327576583112904,26.726090572148017,28.780295038718624,37.27665038601193,36.20773838873795,45.547274344147695,-2.0588866417158123,Normal_Compression,349.055,342.48,347.25,346.85,606.36,234.6,-2.85,-0.82168084,,,2026-01-09 08:51:11.010323
CSCO,2026-01-09 08:51:11.010323,2026-01-09,,schwab,73.885,6842725.0,lastPrice,1767977223304,1767977217643,253.367,True,OPEN,OK,COMPUTED,26.956,,,,26.956,,,,,,,,,,,,,,,,,,,,,,,6.324788094244334,14.81464533853783,15.560472296733025,21.613530856628337,20.261578335266982,6.324788094244334,14.81464533853783,15.560472296733025,21.613530856628337,20.261578335266982,21.10775349323724,20.279605253123915,20.112920659657625,-9.235684202488692,Normal,74.19,73.335,73.45,73.96,80.815,52.11,-0.075,-0.10140617,,,2026-01-09 08:51:11.010323
GE,2026-01-09 08:51:11.010323,2026-01-09,,schwab,320.789,1223532.0,lastPrice,1767977216963,1767977217239,253.771,True,OPEN,OK,COMPUTED,32.825,,,,32.825,,,,,,,,,,,,,,,,,,,,,,,31.317712575488233,30.62627331942919,29.473879468619955,26.74422359502128,25.34020756401131,31.317712575488233,30.62627331942919,29.473879468619955,26.74422359502128,25.34020756401131,24.25282356166542,24.60434202261476,23.750535568981945,1.8438331068682776,Normal_Compression,321.66,315.19,317.105,314.44,332.79,159.36,6.349,2.01914515,,,2026-01-09 08:51:11.010323
IBM,2026-01-09 08:51:11.010323,2026-01-09,,schwab,304.6,831605.0,lastPrice,1767977221955,1767977222969,248.041,True,OPEN,OK,COMPUTED,36.882,,,,36.882,,,,,,,,,,,,,,,,,,,,,,,25.751752718254256,19.501055148770487,18.364812834646596,26.82865824087106,26.35144368174376,25.751752718254256,19.501055148770487,18.364812834646596,26.82865824087106,26.35144368174376,27.703119786726703,26.041727789700676,26.604094816996604,7.38693988360766,Normal,307.0,302.0,302.61,302.72,324.9,214.5,1.88,0.62103594,,,2026-01-09 08:51:11.010323
TMUS,2026-01-09 08:51:11.010323,2026-01-09,,schwab,200.83,1378480.0,lastPrice,1767977223374,1767977210101,260.909,True,OPEN,OK,COMPUTED,30.182,,,,30.182,,,,,,,,,,,,,,,,,,,,,,,15.927978760691676,14.30582689449106,18.61408108833092,21.06180814046513,20.346837189965388,15.927978760691676,14.30582689449106,18.61408108833092,21.06180814046513,20.346837189965388,21.48926403214421,22.175116219208093,25.801795449930655,-2.6861023276392455,Normal_Compression,201.71,196.4,196.48,197.91,276.49,194.01,2.92,1.47541812,,,2026-01-09 08:51:11.010323
CRM,2026-01-09 08:51:11.010323,2026-01-09,,schwab,259.89,2441749.0,lastPrice,1767977223061,1767977216571,254.439,True,OPEN,OK,COMPUTED,29.755,,,,29.755,,,,,,,,,,,,,,,,,,,,,,,30.174991880848623,25.305906378819447,29.2900742751063,32.14716504525655,32.20782248662882,30.174991880848623,25.305906378819447,29.2900742751063,32.14716504525655,32.20782248662882,30.95751091863082,29.495624986785895,29.566099129377804,0.8849176057423236,Normal_Compression,261.0,256.509,260.0,260.53,367.09,221.9575,-0.64,-0.24565309,,,2026-01-09 08:51:11.010323
WFC,2026-01-09 08:51:11.010323,2026-01-09,,schwab,95.97,3531286.0,lastPrice,1767977222508,1767977222307,248.703,True,OPEN,OK,COMPUTED,29.638,,,,29.638,,,,,,,,,,,,,,,,,,,,,,,20.385549594479546,18.346957674532483,19.29519582970608,20.572822699656072,24.16040958693222,20.385549594479546,18.346957674532483,19.29519582970608,20.572822699656072,24.16040958693222,23.880957320799716,24.284522728419887,23.723958380238734,1.0903537647734645,Normal_Compression,96.565,95.255,95.81,95.6,97.76,58.42,0.37,0.38702929,,,2026-01-09 08:51:11.010323
CVX,2026-01-09 08:51:11.010323,2026-01-09,,schwab,161.63,4126016.0,lastPrice,1767977223373,1767977223373,247.637,True,OPEN,OK,COMPUTED,21.862,,,,21.862,,,,,,,,,,,,,,,,,,,,,,,39.68858382842251,30.672496319725507,26.887730192936743,22.721334277799706,21.606618288459696,39.68858382842251,30.672496319725507,26.887730192936743,22.721334277799706,21.606618288459696,20.595813689099888,20.733836581137467,20.53234235823521,12.800853635485764,Normal_Expansion,161.75,159.935,160.56,159.25,168.96,132.04,2.38,1.49450549,,,2026-01-09 08:51:11.010323
ABT,2026-01-09 08:51:11.010323,2026-01-09,,schwab,125.61,1230773.0,lastPrice,1767977218159,1767977214998,256.012,True,OPEN,OK,COMPUTED,27.239,,,,27.239,,,,,,,,,,,,,,,,,,,,,,,14.34408173153533,16.196900385167535,16.30665105843484,18.819782894522746,17.82413572880096,14.34408173153533,16.196900385167535,16.30665105843484,18.819782894522746,17.82413572880096,17.42665935466292,21.052226978255455,20.38278830499439,-1.962569326899512,Normal_Compression,127.14,125.23,126.42,126.18,141.23,110.86,-0.57,-0.45173562,,,2026-01-09 08:51:11.010323
AMD,2026-01-09 08:51:11.010323,2026-01-09,,schwab,206.79,10390868.0,lastPrice,1767977223385,1767977217316,253.694,True,OPEN,OK,COMPUTED,50.523,,,,50.523,,,,,,,,,,,,,,,,,,,,,,,33.14056304942421,42.07932203750405,37.65688144288845,54.87042325963928,64.09840553650292,33.14056304942421,42.07932203750405,37.65688144288845,54.87042325963928,64.09840553650292,59.86427746903659,57.346929415090585,54.35723595685946,-4.516318393464239,Normal_Compression,207.3,203.07,205.72,204.68,267.0799,76.48,2.11,1.03087747,,,2026-01-09 08:51:11.010323
MS,2026-01-09 08:51:11.010323,2026-01-09,,schwab,186.77,1418737.0,lastPrice,1767977215955,1767977215947,255.063,True,OPEN,OK,COMPUTED,26.542,,,,26.542,,,,,,,,,,,,,,,,,,,,,,,22.230311501332483,20.18548047713515,18.801323577181776,23.341239456514323,21.988557987324803,22.230311501332483,20.18548047713515,18.801323577181776,23.341239456514323,21.988557987324803,21.176305990659333,20.169943993189428,20.89021373749671,3.4289879241507073,Normal_Compression,186.92,185.04,185.695,184.68,188.82,94.3301,2.09,1.13168724,,,2026-01-09 08:51:11.010323
AXP,2026-01-09 08:51:11.010323,2026-01-09,,schwab,379.805,758952.0,lastPrice,1767977223450,1767977218639,252.371,True,OPEN,OK,COMPUTED,27.876,,,,27.876,,,,,,,,,,,,,,,,,,,,,,,19.043686718893216,17.461043723717783,19.632866227390124,25.400982388235303,24.574679786525028,19.043686718893216,17.461043723717783,19.632866227390124,25.400982388235303,24.574679786525028,23.219397746798375,23.651890500322253,23.869094356160563,-0.5891795084969083,Normal_Compression,384.89,377.19,383.0,382.98,387.49,220.43,-3.175,-0.82902501,,,2026-01-09 08:51:11.010323
DIS,2026-01-09 08:51:11.010323,2026-01-09,,schwab,114.42,2194868.0,lastPrice,1767977217602,1767977221723,249.287,True,OPEN,OK,COMPUTED,29.011,,,,29.011,,,,,,,,,,,,,,,,,,,,,,,18.59848773531937,17.869422074980587,18.586068220691775,25.632516694012335,22.40069095930636,18.59848773531937,17.869422074980587,18.586068220691775,25.632516694012335,22.40069095930636,21.619566693666812,20.73804564506756,24.13690719475796,0.0124195146275951,Normal_Compression,115.22,113.9,114.31,114.17,124.69,80.1,0.25,0.21897171,,,2026-01-09 08:51:11.010323
MCD,2026-01-09 08:51:11.010323,2026-01-09,,schwab,306.285,1018459.0,lastPrice,1767977213889,1767977222228,248.782,True,OPEN,OK,COMPUTED,18.206,,,,18.206,,,,,,,,,,,,,,,,,,,,,,,14.60297628343036,17.168367285308044,17.97989643667874,17.858692691800535,16.52572332796523,14.60297628343036,17.168367285308044,17.97989643667874,17.858692691800535,16.52572332796523,16.17926085957521,16.174271879227497,15.861545357365353,-3.3769201532483795,Normal_Compression,309.52,304.6,309.04,308.88,326.32,276.53,-2.595,-0.84013209,,,2026-01-09 08:51:11.010323
T,2026-01-09 08:51:11.010323,2026-01-09,,schwab,24.165,9363633.0,lastPrice,1767977223015,1767977222008,249.002,True,OPEN,OK,COMPUTED,24.079,,,,24.079,,,,,,,,,,,,,,,,,,,,,,,13.815866164730544,13.697368012660135,13.55552490808179,17.524515996364876,19.017531752396945,13.815866164730544,13.697368012660135,13.55552490808179,17.524515996364876,19.017531752396945,18.255731600483703,18.198276737696688,19.244957713611782,0.2603412566487559,Low_Compression,24.32,24.14,24.15,24.17,29.79,21.38,-0.005,-0.0206868,,,2026-01-09 08:51:11.010323
ACN,2026-01-09 08:51:11.010323,2026-01-09,,schwab,280.113,1174082.0,lastPrice,1767977208153,1767977171110,299.9,True,OPEN,OK,COMPUTED,23.55,,,,23.55,,,,,,,,,,,,,,,,,,,,,,,33.527710081367196,25.08616906151524,26.278758995312145,27.776928358630737,27.52109424097709,33.527710081367196,25.08616906151524,26.278758995312145,27.776928358630737,27.52109424097709,27.92194886076949,28.488114274128424,27.278001785566985,7.248951086055055,Normal,284.4,277.3271,281.96,281.82,398.35,229.4001,-1.707,-0.60570577,,,2026-01-09 08:51:11.010323
MRK,2026-01-09 08:51:11.010323,2026-01-09,,schwab,111.17,3936108.0,lastPrice,1767977221533,1767977220432,250.578,True,OPEN,OK,COMPUTED,25.87,,,,25.87,,,,,,,,,,,,,,,,,,,,,,,15.01636785579064,18.90134787060528,21.76059451615469,26.091823867199476,29.068583651891217,15.01636785579064,18.90134787060528,21.76059451615469,26.091823867199476,29.068583651891217,28.2695510381047,27.527486068315586,29.037521663591203,-6.744226660364051,Normal,112.4799,110.22,110.87,110.99,112.9,73.31,0.18,0.16217677,,,2026-01-09 08:51:11.010323
RTX,2026-01-09 08:51:11.010323,2026-01-09,,schwab,188.131,3093660.0,lastPrice,1767977212568,1767977223238,247.772,True,OPEN,OK,COMPUTED,31.062,,,,31.062,,,,,,,,,,,,,,,,,,,,,,,19.47071495951418,19.925555050380336,21.52975890320999,24.708876049893963,23.70687965646084,19.47071495951418,19.925555050380336,21.52975890320999,24.708876049893963,23.70687965646084,22.604644797275466,22.00073837723957,21.497332260460436,-2.059043943695812,Normal_Compression,189.0,184.37,186.03,187.17,196.6999,112.27,0.961,0.51343698,,,2026-01-09 08:51:11.010323
UBER,2026-01-09 08:51:11.010323,2026-01-09,,schwab,85.37,6173391.0,lastPrice,1767977220748,1767977220698,250.312,True,OPEN,OK,COMPUTED,39.73,,,,39.73,,,,,,,,,,,,,,,,,,,,,,,37.33587495559258,33.17036039631713,36.92401443729084,34.94256962379042,34.170847848124474,37.33587495559258,33.17036039631713,36.92401443729084,34.94256962379042,34.170847848124474,32.5414359297961,32.12813707218383,33.14225449153514,0.4118605183017365,Normal_Compression,87.28,85.2209,87.27,87.59,101.99,60.63,-2.22,-2.53453591,,,2026-01-09 08:51:11.010323
TXN,2026-01-09 08:51:11.010323,2026-01-09,,schwab,189.055,1484279.0,lastPrice,1767977222277,1767977221162,249.848,True,OPEN,OK,COMPUTED,38.986,,,,38.986,,,,,,,,,,,,,,,,,,,,,,,47.89302789071386,35.42897201158422,34.323072203755565,32.95019963587884,31.16929591057452,47.89302789071386,35.42897201158422,34.323072203755565,32.95019963587884,31.16929591057452,36.34702340824613,33.84920704529237,34.92048318782211,13.569955686958297,Normal_Expansion,190.19,187.51,188.8,188.45,221.69,139.95,0.605,0.32104006,,,2026-01-09 08:51:11.010323
BX,2026-01-09 08:51:11.010323,2026-01-09,,schwab,157.452,924009.0,lastPrice,1767977221978,1767977197474,273.536,True,OPEN,OK,COMPUTED,31.938,,,,31.938,,,,,,,,,,,,,,,,,,,,,,,36.98879910331335,29.874476982680843,27.49244752188209,27.76412811609042,28.915788571006228,36.98879910331335,29.874476982680843,27.49244752188209,27.76412811609042,28.915788571006228,27.734173259395963,28.76641317285962,29.675753290651446,9.496351581431256,Normal,157.49,154.0,155.85,155.3,190.085,115.66,2.152,1.38570509,,,2026-01-09 08:51:11.010323
PEP,2026-01-09 08:51:11.010323,2026-01-09,,schwab,140.16,1507114.0,lastPrice,1767977223108,1767977212677,258.333,True,OPEN,OK,COMPUTED,21.594,,,,21.594,,,,,,,,,,,,,,,,,,,,,,,15.616273215292184,14.493525784058518,17.406695860067035,16.33289358236659,19.270633209311384,15.616273215292184,14.493525784058518,17.406695860067035,16.33289358236659,19.270633209311384,19.71110813102103,21.633784364675815,21.491394899954265,-1.7904226447748517,Normal_Compression,140.16,138.7,139.44,139.37,160.15,127.6,0.79,0.56683648,,,2026-01-09 08:51:11.010323
VZ,2026-01-09 08:51:11.010323,2026-01-09,,schwab,40.615,9842266.0,lastPrice,1767977223342,1767977221116,249.894,True,OPEN,OK,COMPUTED,21.165,,,,21.165,,,,,,,,,,,,,,,,,,,,,,,8.526559236465017,11.877314347339931,14.734599385057178,18.654458985736454,19.79831018957935,8.526559236465017,11.877314347339931,14.734599385057178,18.654458985736454,19.79831018957935,18.309412241497867,18.496324519323988,18.549139462719396,-6.208040148592161,Low,40.725,40.29,40.57,40.57,47.355,10.5999,0.045,0.1109194,,,2026-01-09 08:51:11.010323
QCOM,2026-01-09 08:51:11.010323,2026-01-09,,schwab,178.52,4229314.0,lastPrice,1767977212866,1767977217919,253.091,True,OPEN,OK,COMPUTED,39.227,,,,39.227,,,,,,,,,,,,,,,,,,,,,,,26.97784735271478,22.794418624161807,23.337356292610263,35.86972160412243,34.83500827174629,26.97784735271478,22.794418624161807,23.337356292610263,35.86972160412243,34.83500827174629,33.858189422423,32.10482111682341,33.39239728351653,3.640491060104512,Normal_Compression,178.86,174.8,178.12,181.87,205.95,120.8019,-3.35,-1.84197504,,,2026-01-09 08:51:11.010323
SCHW,2026-01-09 08:51:11.010323,2026-01-09,,schwab,101.44,1880520.0,lastPrice,1767977223114,1767977215805,255.205,True,OPEN,OK,COMPUTED,26.853,,,,26.853,,,,,,,,,,,,,,,,,,,,,,,17.844069717128374,18.16568014171467,17.58613146017581,17.53456844300156,21.442196857665703,17.844069717128374,18.16568014171467,17.58613146017581,17.53456844300156,21.442196857665703,20.642922489140208,19.787335403268028,18.907140528835154,0.2579382569525634,Normal_Compression,101.6199,100.87,101.34,101.34,104.76,65.88,0.1,0.09867772,,,2026-01-09 08:51:11.010323
BA,2026-01-09 08:51:11.010323,2026-01-09,,schwab,233.81,4052221.0,lastPrice,1767977221857,1767977221741,249.269,True,OPEN,OK,COMPUTED,28.464,,,,28.464,,,,,,,,,,,,,,,,,,,,,,,28.277855698953857,21.71292490244178,35.662125710773765,34.25621105704472,31.87296983865659,28.277855698953857,21.71292490244178,35.662125710773765,34.25621105704472,31.87296983865659,30.52251971509942,30.451581617193018,29.23735581965503,-7.384270011819908,Normal,234.28,228.3,228.34,227.38,242.6899,128.8801,6.43,2.82786525,,,2026-01-09 08:51:11.010323
BSX,2026-01-09 08:51:11.010323,2026-01-09,,schwab,97.76,1948181.0,lastPrice,1767977222672,1767977222763,248.247,True,OPEN,OK,COMPUTED,29.696,,,,29.696,,,,,,,,,,,,,,,,,,,,,,,15.77540350308166,15.1276109146926,18.79472852676132,21.92083649027903,20.505948182777047,15.77540350308166,15.1276109146926,18.79472852676132,21.92083649027903,20.505948182777047,20.428921242053644,19.81346714284641,19.15809530862686,-3.019325023679661,Normal_Compression,99.09,97.305,98.95,98.38,109.5,85.98,-0.62,-0.63020939,,,2026-01-09 08:51:11.010323
C,2026-01-09 08:51:11.010323,2026-01-09,,schwab,121.68,3331014.0,lastPrice,1767977223367,1767977221982,249.028,True,OPEN,OK,COMPUTED,32.33,,,,32.33,,,,,,,,,,,,,,,,,,,,,,,26.45545175194056,23.257322840235528,21.52352299994453,23.293536729332807,22.94020411384157,26.45545175194056,23.257322840235528,21.52352299994453,23.293536729332807,22.94020411384157,22.801843099782573,23.01374650734762,23.24060419996034,4.931928751996029,Normal_Compression,121.74,120.15,120.94,120.6,124.17,55.51,1.08,0.89552239,,,2026-01-09 08:51:11.010323
PGR,2026-01-09 08:51:11.010323,2026-01-09,,schwab,215.62,1109370.0,lastPrice,1767977222370,1767977219803,251.207,True,OPEN,OK,COMPUTED,26.54,,,,26.54,,,,,,,,,,,,,,,,,,,,,,,39.730493419890614,33.58608005019102,28.74631934972866,28.24530599693117,24.85879253181454,39.730493419890614,33.58608005019102,28.74631934972866,28.24530599693117,24.85879253181454,23.49725196176005,23.40501672928224,23.0004978035776,10.984174070161952,Normal_Expansion,216.7099,212.25,212.72,213.15,292.99,199.9,2.47,1.15880835,,,2026-01-09 08:51:11.010323
AMGN,2026-01-09 08:51:11.010323,2026-01-09,,schwab,329.05,528160.0,lastPrice,1767977222631,1767977222649,248.361,True,OPEN,OK,COMPUTED,30.87,,,,30.87,,,,,,,,,,,,,,,,,,,,,,,32.48939695769765,24.794307140228376,26.71284731924407,28.4139555891772,28.093798301868944,32.48939695769765,24.794307140228376,26.71284731924407,28.4139555891772,28.093798301868944,27.23004009349123,27.332049240912102,27.34828226630743,5.776549638453581,Normal,332.075,328.25,328.81,330.11,346.38,259.82,-1.06,-0.32110509,,,2026-01-09 08:51:11.010323
SHOP,2026-01-09 08:51:11.010323,2026-01-09,,schwab,165.925,1699870.0,lastPrice,1767977222279,1767977218376,252.634,True,OPEN,OK,COMPUTED,52.474,,,,52.474,,,,,,,,,,,,,,,,,,,,,,,39.28319758938487,33.53443079964627,40.03159029149713,44.11395520370068,44.8802628550693,39.28319758938487,33.53443079964627,40.03159029149713,44.11395520370068,44.8802628550693,51.13058917713449,49.77178895528285,50.18511670375651,-0.7483927021122625,High_Compression,168.91,163.03,168.01,168.28,182.19,69.84,-2.355,-1.39945329,,,2026-01-09 08:51:11.010323
HON,2026-01-09 08:51:11.010323,2026-01-09,,schwab,207.05,1250020.0,lastPrice,1767977222227,1767977217067,253.943,True,OPEN,OK,COMPUTED,24.925,,,,24.925,,,,,,,,,,,,,,,,,,,,,,,26.253712254999467,21.209238383866904,19.146434766342253,23.778584151976023,21.648672671648665,26.253712254999467,21.209238383866904,19.146434766342253,23.778584151976023,21.648672671648665,22.107786612896486,20.88110197848373,21.413942388560876,7.107277488657214,Normal,207.065,203.51,204.65,205.24,241.72,179.36,1.81,0.88189437,,,2026-01-09 08:51:11.010323
AMAT,2026-01-09 08:51:11.010323,2026-01-09,,schwab,294.3963,2782164.0,lastPrice,1767977223332,1767977214382,256.628,True,OPEN,OK,COMPUTED,46.618,,,,46.618,,,,,,,,,,,,,,,,,,,,,,,50.47544636582305,44.54010471108577,39.30200332124164,41.72403206069987,42.59992693018207,50.47544636582305,44.54010471108577,39.30200332124164,41.72403206069987,42.59992693018207,45.65370011610585,42.52874218544741,41.72157455246491,11.173443044581411,Normal_Expansion,295.98,286.5,288.4,281.64,298.22,123.7365,12.7563,4.52929271,,,2026-01-09 08:51:11.010323
NEE,2026-01-09 08:51:11.010323,2026-01-09,,schwab,80.12,1992764.0,lastPrice,1767977212347,1767977222229,248.781,True,OPEN,OK,COMPUTED,24.467,,,,24.467,,,,,,,,,,,,,,,,,,,,,,,20.563085246624546,16.855947861278818,19.69377239786974,19.873284818472715,20.81956247317677,20.563085246624546,16.855947861278818,19.69377239786974,19.873284818472715,20.81956247317677,22.700739282831183,22.981007482404777,25.039089102277845,0.8693128487548023,Normal_Compression,80.92,80.0,80.2,79.49,87.53,61.72,0.63,0.79255252,,,2026-01-09 08:51:11.010323
DHR,2026-01-09 08:51:11.010323,2026-01-09,,schwab,235.57,806575.0,lastPrice,1767977202801,1767977192979,278.031,True,OPEN,OK,COMPUTED,28.064,,,,28.064,,,,,,,,,,,,,,,,,,,,,,,13.100913609940555,17.327450198743186,18.401609338582244,22.019901141092525,27.341964674021668,13.100913609940555,17.327450198743186,18.401609338582244,22.019901141092525,27.341964674021668,27.738737774711787,27.07534544093368,28.543514808931747,-5.300695728641687,Normal,238.36,233.975,237.2,235.0,258.23,171.0,0.57,0.24255319,,,2026-01-09 08:51:11.010323
MU,2026-01-09 08:51:11.010323,2026-01-09,,schwab,338.83,15421836.0,lastPrice,1767977222475,1767977222491,248.519,True,OPEN,OK,COMPUTED,59.35,,,,59.35,,,,,,,,,,,,,,,,,,,,,,,76.81725358950551,76.82603739371812,66.75930362403814,68.47512167966036,64.42637905134927,76.81725358950551,76.82603739371812,66.75930362403814,68.47512167966036,64.42637905134927,60.02470507679176,55.895391520526914,53.6194762757657,10.057949965467373,High_Expansion,342.54,326.19,332.745,327.02,346.3,61.54,11.81,3.61139991,,,2026-01-09 08:51:11.010323
UNP,2026-01-09 08:51:11.010323,2026-01-09,,schwab,227.32,761989.0,lastPrice,1767977215107,1767977205736,265.274,True,OPEN,OK,COMPUTED,23.136,,,,23.136,,,,,,,,,,,,,,,,,,,,,,,25.745431670584857,20.564543421329144,19.100952634041633,17.936493308406888,17.458980473748323,25.745431670584857,20.564543421329144,19.100952634041633,17.936493308406888,17.458980473748323,19.02063714289312,18.26810494376212,19.460884122180406,6.644479036543224,Normal,231.46,226.86,230.61,229.85,256.84,204.66,-2.53,-1.10071786,,,2026-01-09 08:51:11.010323
GILD,2026-01-09 08:51:11.010323,2026-01-09,,schwab,120.86,2198764.0,lastPrice,1767977221174,1767977216019,254.991,True,OPEN,OK,COMPUTED,28.746,,,,28.746,,,,,,,,,,,,,,,,,,,,,,,29.5281390881664,26.262216980160137,23.83429377571643,25.19479830998131,24.117617034272136,29.5281390881664,26.262216980160137,23.83429377571643,25.19479830998131,24.117617034272136,26.102995368387045,26.23212830099431,28.500336064222605,5.6938453124499695,Normal,121.8955,119.33,120.34,120.67,128.7,88.57,0.19,0.15745421,,,2026-01-09 08:51:11.010323
TJX,2026-01-09 08:51:11.010323,2026-01-09,,schwab,158.33,1888409.0,lastPrice,1767977222713,1767977222554,248.456,True,OPEN,OK,COMPUTED,17.431,,,,17.431,,,,,,,,,,,,,,,,,,,,,,,16.294403575037013,13.486532015580282,13.403732599997062,15.33153447345041,15.118911707469698,16.294403575037013,13.486532015580282,13.403732599997062,15.33153447345041,15.118911707469698,15.346142735834109,15.176180054130912,15.81083563507629,2.890670975039951,Low_Compression,159.48,157.3,157.92,158.25,159.48,112.1,0.08,0.05055292,,,2026-01-09 08:51:11.010323
PFE,2026-01-09 08:51:11.010323,2026-01-09,,schwab,25.38,13356692.0,lastPrice,1767977223215,1767977222504,248.506,True,OPEN,OK,COMPUTED,23.86,,,,23.86,,,,,,,,,,,,,,,,,,,,,,,9.03748077043547,18.559863242266523,18.970045173306488,21.594603020479408,26.724704567328786,9.03748077043547,18.559863242266523,18.970045173306488,21.594603020479408,26.724704567328786,27.097772242392015,25.740602756297847,26.579432502383405,-9.932564402871018,Normal,25.55,25.23,25.34,25.29,27.69,20.915,0.09,0.35587189,,,2026-01-09 08:51:11.010323
COF,2026-01-09 08:51:11.010323,2026-01-09,,schwab,253.64,1110683.0,lastPrice,1767977220638,1767977222579,248.431,True,OPEN,OK,COMPUTED,32.008,,,,32.008,,,,,,,,,,,,,,,,,,,,,,,25.276259733812477,19.17334877481346,18.225775872970303,26.664665637719057,26.674872492757977,25.276259733812477,19.17334877481346,18.225775872970303,26.664665637719057,26.674872492757977,27.022771971795855,26.068082563053473,27.619273148511304,7.050483860842174,Normal,256.51,251.0,256.0,255.68,259.635,143.22,-2.04,-0.79787234,,,2026-01-09 08:51:11.010323
PANW,2026-01-09 08:51:11.010323,2026-01-09,,schwab,189.09,2246029.0,lastPrice,1767977222341,1767977215094,255.916,True,OPEN,OK,COMPUTED,32.388,,,,32.388,,,,,,,,,,,,,,,,,,,,,,,32.67908707873579,27.929009832590975,26.429109828700735,28.751428853705836,27.3630687583786,32.67908707873579,27.929009832590975,26.429109828700735,28.751428853705836,27.3630687583786,29.959312576829262,30.186533451935443,30.59424835115428,6.249977250035055,Normal,192.4199,187.32,191.93,190.8,223.61,144.145,-1.71,-0.89622642,,,2026-01-09 08:51:11.010323
CMCSA,2026-01-09 08:51:11.010323,2026-01-09,,schwab,28.265,7511551.0,lastPrice,1767977223253,1767977217461,253.549,True,OPEN,OK,COMPUTED,44.321,,,,44.321,,,,,,,,,,,,,,,,,,,,,,,20.775184026363767,29.584079546823727,27.34548520453966,27.959474943275115,24.907189269087347,20.775184026363767,29.584079546823727,27.34548520453966,27.959474943275115,24.907189269087347,24.893632230947425,24.10877371442594,23.33074885853605,-6.570301178175892,Normal,28.375,27.78,28.13,28.21,38.4,25.75,0.055,0.19496632,,,2026-01-09 08:51:11.010323
LOW,2026-01-09 08:51:11.010323,2026-01-09,,schwab,263.2,1243906.0,lastPrice,1767977221357,1767977220893,250.117,True,OPEN,OK,COMPUTED,24.188,,,,24.188,,,,,,,,,,,,,,,,,,,,,,,24.56053756624808,22.248909418972175,21.08192676101852,23.259892397220145,22.021719963022097,24.56053756624808,22.248909418972175,21.08192676101852,23.259892397220145,22.021719963022097,22.84472890330064,22.76162985262217,22.554053205571776,3.478610805229561,Normal_Compression,263.55,259.13,259.95,256.21,274.98,206.385,6.99,2.72823075,,,2026-01-09 08:51:11.010323
ANET,2026-01-09 08:51:11.010323,2026-01-09,,schwab,123.33,3791014.0,lastPrice,1767977220877,1767977218071,252.939,True,OPEN,OK,COMPUTED,46.333,,,,46.333,,,,,,,,,,,,,,,,,,,,,,,39.02140525400049,44.99485150871379,38.84359009237312,42.553595506776134,46.81347033971091,39.02140525400049,44.99485150871379,38.84359009237312,42.553595506776134,46.81347033971091,49.0046958408706,48.109432129844805,48.6916878181262,0.1778151616273717,Normal_Compression,124.83,121.9,124.57,123.72,164.94,59.43,-0.39,-0.31522793,,,2026-01-09 08:51:11.010323
CRWD,2026-01-09 08:51:11.010323,2026-01-09,,schwab,468.08,933907.0,lastPrice,1767977217631,1767977208438,262.572,True,OPEN,OK,COMPUTED,35.564,,,,35.564,,,,,,,,,,,,,,,,,,,,,,,35.7532179747182,32.24232686192583,29.810281448821456,31.9630765296969,37.21279669362943,35.7532179747182,32.24232686192583,29.810281448821456,31.9630765296969,37.21279669362943,36.44161480657184,35.30622580508365,36.72609724683909,5.942936525896741,Normal,475.98,466.25,472.19,463.87,566.9,298.0,4.21,0.90758187,,,2026-01-09 08:51:11.010323
LRCX,2026-01-09 08:51:11.010323,2026-01-09,,schwab,216.54,7282224.0,lastPrice,1767977221678,1767977220664,250.346,True,OPEN,OK,COMPUTED,58.236,,,,58.236,,,,,,,,,,,,,,,,,,,,,,,64.08840625305895,60.259325777208,50.24182359331674,51.45450511966282,49.93272468447896,64.08840625305895,60.259325777208,50.24182359331674,51.45450511966282,49.93272468447896,47.87433710502768,44.22326123777071,43.34718720071342,13.84658265974221,High_Expansion,217.36,202.72,204.66,200.96,217.36,56.32,15.58,7.75278662,,,2026-01-09 08:51:11.010323
ADP,2026-01-09 08:51:11.010323,2026-01-09,,schwab,266.94,700036.0,lastPrice,1767977223144,1767977206891,264.119,True,OPEN,OK,COMPUTED,25.018,,,,25.018,,,,,,,,,,,,,,,,,,,,,,,17.5018563900078,18.22049506648217,16.055930947156742,20.935213566152953,19.04446574729137,17.5018563900078,18.22049506648217,16.055930947156742,20.935213566152953,19.04446574729137,18.32485256251272,18.60051487512991,17.80596104572819,1.4459254428510562,Normal_Compression,268.08,264.66,265.55,265.67,329.9295,247.1835,1.27,0.47803666,,,2026-01-09 08:51:11.010323
KKR,2026-01-09 08:51:11.010323,2026-01-09,,schwab,135.16,745254.0,lastPrice,1767977221962,1767977207779,263.231,True,OPEN,OK,COMPUTED,38.333,,,,38.333,,,,,,,,,,,,,,,,,,,,,,,33.78668894001633,29.59845384209256,31.224160248443685,32.356382411390264,34.78575415244799,33.78668894001633,29.59845384209256,31.224160248443685,32.356382411390264,34.78575415244799,32.64787446081814,32.470861326801085,32.789283854847305,2.5625286915726484,Normal_Compression,135.31,132.31,134.52,133.64,170.4,86.15,1.52,1.13738402,,,2026-01-09 08:51:11.010323
APH,2026-01-09 08:51:11.010323,2026-01-09,,schwab,139.77,1929665.0,lastPrice,1767977222718,1767977221689,249.321,True,OPEN,OK,COMPUTED,42.917,,,,42.917,,,,,,,,,,,,,,,,,,,,,,,27.01993394652213,38.50573426783689,32.89376743975388,35.49977814435498,32.90954772184561,27.01993394652213,38.50573426783689,32.89376743975388,35.49977814435498,32.90954772184561,31.10021721462107,28.645746289006674,28.312996672916817,-5.87383349323175,Normal,139.89,135.915,136.26,136.25,144.37,56.45,3.52,2.58348624,,,2026-01-09 08:51:11.010323
ADI,2026-01-09 08:51:11.010323,2026-01-09,,schwab,301.5,910584.0,lastPrice,1767977219862,1767977215933,255.077,True,OPEN,OK,COMPUTED,30.485,,,,30.485,,,,,,,,,,,,,,,,,,,,,,,30.40864742996698,25.872279456508924,25.11493783322952,28.99825925135141,28.47868821282707,30.40864742996698,25.872279456508924,25.11493783322952,28.99825925135141,28.47868821282707,28.51134144672354,27.254310116523342,28.77955556865847,5.2937095967374574,Normal,302.15,297.12,299.77,299.16,302.15,158.65,2.34,0.78219013,,,2026-01-09 08:51:11.010323
CB,2026-01-09 08:51:11.010323,2026-01-09,,schwab,309.8,245346.0,lastPrice,1767977223331,1767977223329,247.681,True,OPEN,OK,COMPUTED,17.499,,,,17.499,,,,,,,,,,,,,,,,,,,,,,,19.221967591520645,18.67010532510196,16.821906615125894,19.10101841260327,17.261588856514248,19.221967591520645,18.67010532510196,16.821906615125894,19.10101841260327,17.261588856514248,16.912936980967807,17.03975504241588,17.24146200171394,2.4000609763947516,Normal_Compression,313.0,309.44,311.85,313.0,316.94,252.1604,-3.2,-1.02236422,,,2026-01-09 08:51:11.010323
COP,2026-01-09 08:51:11.010323,2026-01-09,,schwab,100.175,2502033.0,lastPrice,1767977222438,1767977216302,254.708,True,OPEN,OK,COMPUTED,29.771,,,,29.771,,,,,,,,,,,,,,,,,,,,,,,39.53525057176615,38.7597104888596,34.698549565832764,29.969471188086988,30.36391496152647,39.53525057176615,38.7597104888596,34.698549565832764,29.969471188086988,30.36391496152647,28.01384143405362,28.247764872099797,28.232416334164313,4.836701005933385,Normal_Compression,100.3,98.5136,99.14,98.72,106.2,79.88,1.455,1.47386548,,,2026-01-09 08:51:11.010323
VRTX,2026-01-09 08:51:11.010323,2026-01-09,,schwab,471.58,268445.0,lastPrice,1767977222838,1767977212742,258.268,True,OPEN,OK,COMPUTED,32.092,,,,32.092,,,,,,,,,,,,,,,,,,,,,,,33.93046297217704,25.58158090341154,31.60980429384068,26.29770571188827,24.77920282923169,33.93046297217704,25.58158090341154,31.60980429384068,26.29770571188827,24.77920282923169,42.11418520081007,38.71744464259548,38.800281394108886,2.3206586783363576,Normal_Compression,475.33,467.06,467.73,469.68,519.68,362.5,1.9,0.40453074,,,2026-01-09 08:51:11.010323
APP,2026-01-09 08:51:11.010323,2026-01-09,,schwab,642.86,1521464.0,lastPrice,1767977223467,1767977220771,250.239,True,OPEN,OK,COMPUTED,71.0835,,,,71.0835,,,,,,,,,,,,,,,,,,,,,,,57.76685657557806,56.01369776135206,55.17108191462483,54.93370329022361,60.530339382384,57.76685657557806,56.01369776135206,55.17108191462483,54.93370329022361,60.530339382384,60.37416979663476,58.99651247074858,60.08634666343162,2.595774660953232,High_Compression,645.29,612.2871,616.22,616.53,745.61,200.5,26.33,4.2706762,,,2026-01-09 08:51:11.010323
GOOGL,2026-01-09 08:51:11.010323,2026-01-09,,schwab,329.73,11597534.0,lastPrice,1767977223135,1767977222677,248.333,True,OPEN,OK,COMPUTED,34.348,,,,34.348,,,,,,,,,,,,,,,,,,,,,,,14.63309236524067,22.060286580726064,21.24815855738283,29.13270124529019,30.46697359290464,14.63309236524067,22.060286580726064,21.24815855738283,29.13270124529019,30.46697359290464,28.15821058350841,27.410239539078106,28.511635106024123,-6.6150661921421605,Normal,330.83,325.8,327.09,325.44,330.83,140.53,4.29,1.31821534,,,2026-01-09 08:51:11.010323
SPY,2026-01-09 08:51:11.010323,2026-01-09,,schwab,693.26,32648965.0,lastPrice,1767977223428,1767977223112,247.898,True,OPEN,OK,COMPUTED,11.286,,,,11.286,,,,,,,,,,,,,,,,,,,,,,,7.200278829256858,8.943909971741165,8.09575616198447,11.251058531004729,11.145819312142974,7.200278829256858,8.943909971741165,8.09575616198447,11.251058531004729,11.145819312142974,10.987062468008274,10.637994617471334,11.578202519389242,-0.8954773327276122,Low_Compression,693.65,689.18,690.63,689.51,693.96,481.8,3.75,0.54386448,,,2026-01-09 08:51:11.010323
QQQ,2026-01-09 08:51:11.010323,2026-01-09,,schwab,625.28,23302132.0,lastPrice,1767977223209,1767977222093,248.917,True,OPEN,OK,COMPUTED,16.065,,,,16.065,,,,,,,,,,,,,,,,,,,,,,,9.523214443180958,14.118476545132864,12.301467397508723,16.33618518898483,15.742813867810282,9.523214443180958,14.118476545132864,12.301467397508723,16.33618518898483,15.742813867810282,15.152482631369224,14.390225759054498,15.18628631622407,-2.7782529543277654,Low_Compression,625.88,619.06,621.41,620.47,637.01,402.39,4.81,0.77521879,,,2026-01-09 08:51:11.010323
TLT,2026-01-09 08:51:11.010323,2026-01-09,,schwab,87.74,26545360.0,lastPrice,1767977223040,1767977222950,248.06,True,OPEN,OK,COMPUTED,8.496,,,,8.496,,,,,,,,,,,,,,,,,,,,,,,7.516343658661836,7.745769444186893,8.413759212488477,8.215309777937284,9.140031246714296,7.516343658661836,7.745769444186893,8.413759212488477,8.215309777937284,9.140031246714296,9.373377974084525,9.81109799829516,10.45638042363692,-0.8974155538266411,Low_Compression,87.905,87.12,87.3,87.35,94.09,83.295,0.39,0.44647968,,,2026-01-09 08:51:11.010323
XLE,2026-01-09 08:51:11.010323,2026-01-09,,schwab,46.735,18734838.0,lastPrice,1767977223402,1767977220320,250.69,True,OPEN,OK,COMPUTED,21.133,,,,21.133,,,,,,,,,,,,,,,,,,,,,,,28.539833400617063,25.86219390083628,23.00616830633355,19.67333412017652,19.57436587334002,28.539833400617063,25.86219390083628,23.00616830633355,19.67333412017652,19.57436587334002,18.26900060308452,18.667068721568857,18.802261601040588,5.533665094283517,Normal,46.88,46.505,46.75,46.55,47.41,37.245,0.185,0.39742213,,,2026-01-09 08:51:11.010323
XLF,2026-01-09 08:51:11.010323,2026-01-09,,schwab,55.975,12529844.0,lastPrice,1767977223133,1767977220320,250.69,True,OPEN,OK,COMPUTED,16.005,,,,16.005,,,,,,,,,,,,,,,,,,,,,,,15.14336494929853,12.945309671263669,12.238639984653911,13.982359020402374,13.556011476296057,15.14336494929853,12.945309671263669,12.238639984653911,13.982359020402374,13.556011476296057,13.187715854723864,13.254606225042892,13.30671218780809,2.9047249646446165,Low_Compression,56.16,55.7401,55.98,55.9,56.515,42.21,0.075,0.13416816,,,2026-01-09 08:51:11.010323
XLI,2026-01-09 08:51:11.010323,2026-01-09,,schwab,161.765,5086912.0,lastPrice,1767977223349,1767977221605,249.405,True,OPEN,OK,COMPUTED,12.993,,,,12.993,,,,,,,,,,,,,,,,,,,,,,,18.145711722040208,15.553194997669536,15.100742400827963,14.05110245428802,13.607864821109263,18.145711722040208,15.553194997669536,15.100742400827963,14.05110245428802,13.607864821109263,13.316224688638338,12.676758898872354,13.251148468138616,3.0449693212122426,Normal_Compression,161.79,160.63,160.63,160.17,162.6,112.75,1.595,0.99581694,,,2026-01-09 08:51:11.010323
XLK,2026-01-09 08:51:11.010323,2026-01-09,,schwab,145.6,8638729.0,lastPrice,1767977223311,1767977221192,249.818,True,OPEN,OK,COMPUTED,18.317,,,,18.317,,,,,,,,,,,,,,,,,,,,,,,13.584033794242478,19.514261750921012,16.980460966824104,20.057267241377,19.682886520734264,13.584033794242478,19.514261750921012,16.980460966824104,20.057267241377,19.682886520734264,18.707637242408673,17.647321819459762,18.46174835767587,-3.3964271725816264,Normal_Compression,145.815,144.025,144.57,144.24,152.995,86.225,1.36,0.94287299,,,2026-01-09 08:51:11.010323
XLU,2026-01-09 08:51:11.010323,2026-01-09,,schwab,42.555,11686416.0,lastPrice,1767977222228,1767977220320,250.69,True,OPEN,OK,COMPUTED,17.617,,,,17.617,,,,,,,,,,,,,,,,,,,,,,,17.63286446658401,14.73863958514455,15.316049282046317,13.588547836840176,13.379077674814052,17.63286446658401,14.73863958514455,15.316049282046317,13.588547836840176,13.379077674814052,13.017600823292424,12.667275959368428,13.033051156375514,2.3168151845376954,Normal_Compression,42.885,42.52,42.52,41.99,46.885,35.51,0.565,1.34555847,,,2026-01-09 08:51:11.010323
XLP,2026-01-09 08:51:11.010323,2026-01-09,,schwab,78.925,7151114.0,lastPrice,1767977223409,1767977220739,250.271,True,OPEN,OK,COMPUTED,11.393,,,,11.393,,,,,,,,,,,,,,,,,,,,,,,14.57360988960524,12.652257181857191,11.452581644902835,12.430656420977908,11.911930451053031,14.57360988960524,12.652257181857191,11.452581644902835,12.430656420977908,11.911930451053031,11.708058876536278,11.343035350679198,11.43007807921167,3.121028244702403,Low_Compression,78.94,78.37,78.43,78.44,84.35,75.16,0.485,0.61830699,,,2026-01-09 08:51:11.010323
SMH,2026-01-09 08:51:11.010323,2026-01-09,,schwab,387.805,2436014.0,lastPrice,1767977222222,1767977221118,249.892,True,OPEN,OK,COMPUTED,29.863,,,,29.863,,,,,,,,,,,,,,,,,,,,,,,27.10640800454843,32.40885789888349,28.02906762570063,30.285837900689145,29.844753563806513,27.10640800454843,32.40885789888349,28.02906762570063,30.285837900689145,29.844753563806513,28.135912443101105,26.656278555026336,27.29473306080678,-0.9226596211522028,Normal_Compression,388.03,380.08,382.275,378.98,389.365,170.11,8.825,2.32861892,,,2026-01-09 08:51:11.010323
DKNG,2026-01-09 08:51:11.010323,2026-01-09,,schwab,35.63,3196038.0,lastPrice,1767977222792,1767977216908,254.102,True,OPEN,OK,COMPUTED,48.078,,,,48.078,,,,,,,,,,,,,,,,,,,,,,,35.65381680046736,29.638034036906756,32.993475605178155,44.93593564472635,48.17989376242104,35.65381680046736,29.638034036906756,32.993475605178155,44.93593564472635,48.17989376242104,44.53464972047083,43.677394644146915,42.52423570401245,2.660341195289206,Normal_Compression,36.95,35.335,36.515,35.98,53.61,26.23,-0.35,-0.97276265,,,2026-01-09 08:51:11.010323
COIN,2026-01-09 08:51:11.010323,2026-01-09,,schwab,241.5075,4367267.0,lastPrice,1767977223288,1767977223330,247.68,True,OPEN,OK,COMPUTED,53.457,,,,53.457,,,,,,,,,,,,,,,,,,,,,,,51.95826414586402,46.966183929215646,47.49546082903745,60.026681340650114,58.7641670824736,51.95826414586402,46.966183929215646,47.49546082903745,60.026681340650114,58.7641670824736,60.57138004483308,64.0927422622812,67.51746441334126,4.462803316826573,High_Compression,246.9,237.15,246.07,245.59,444.645,142.58,-4.0825,-1.66232338,,,2026-01-09 08:51:11.010323
U,2026-01-09 08:51:11.010323,2026-01-09,,schwab,45.85,1995832.0,lastPrice,1767977217938,1767977221058,249.952,True,OPEN,OK,COMPUTED,68.103,,,,68.103,,,,,,,,,,,,,,,,,,,,,,,24.146395979842815,35.60054100745751,38.46643035517043,63.26982056917678,62.11118198459794,24.146395979842815,35.60054100745751,38.46643035517043,63.26982056917678,62.11118198459794,61.23786447625013,61.58982113143671,62.82603391396281,-14.320034375327616,Normal_Contraction,46.48,45.11,45.645,45.28,52.15,15.33,0.57,1.25883392,,,2026-01-09 08:51:11.010323
TSM,2026-01-09 08:51:11.010323,2026-01-09,,schwab,322.105,5238365.0,lastPrice,1767977223268,1767977219437,251.573,True,OPEN,OK,COMPUTED,35.759,,,,35.759,,,,,,,,,,,,,,,,,,,,,,,31.904724262636968,34.75709716396132,30.596760044949452,29.12362415605409,34.23103329247928,31.904724262636968,34.75709716396132,30.596760044949452,29.12362415605409,34.23103329247928,33.04768939132638,32.235522831051306,32.1945000667573,1.307964217687516,Normal_Compression,322.42,318.2501,319.83,318.01,333.08,134.25,4.095,1.28769536,,,2026-01-09 08:51:11.010323
INTC,2026-01-09 08:51:11.010323,2026-01-09,,schwab,44.25,90450786.0,lastPrice,1767977223375,1767977222417,248.593,True,OPEN,OK,COMPUTED,64.961,,,,64.961,,,,,,,,,,,,,,,,,,,,,,,56.767070519022234,51.30535263409757,61.30561265489053,54.09144374668989,62.43432613651995,56.767070519022234,51.30535263409757,61.30561265489053,54.09144374668989,62.43432613651995,61.30515496131667,58.816203262461144,56.237438787050685,-4.538542135868298,High_Compression,44.99,41.57,41.825,41.11,44.99,17.665,3.14,7.63804427,,,2026-01-09 08:51:11.010323
PYPL,2026-01-09 08:51:11.010323,2026-01-09,,schwab,57.84,6975894.0,lastPrice,1767977221215,1767977222462,248.548,True,OPEN,OK,COMPUTED,44.625,,,,44.625,,,,,,,,,,,,,,,,,,,,,,,18.22842748707726,17.428379455254536,18.512306537926303,30.1222091036613,33.10013336581872,18.22842748707726,17.428379455254536,18.512306537926303,30.1222091036613,33.10013336581872,33.719340631133136,33.63174526466416,32.32345057397623,-0.2838790508490447,Normal_Compression,58.86,57.28,58.8,58.27,93.245,55.85,-0.43,-0.73794405,,,2026-01-09 08:51:11.010323
BIDU,2026-01-09 08:51:11.010323,2026-01-09,,schwab,144.12,1349989.0,lastPrice,1767977222996,1767977212347,258.663,True,OPEN,OK,COMPUTED,44.05,,,,44.05,,,,,,,,,,,,,,,,,,,,,,,78.47836618189726,60.906974404288874,55.699247678544936,51.99768786088956,57.6123945503301,78.47836618189726,60.906974404288874,55.699247678544936,51.99768786088956,57.6123945503301,52.57020721503616,50.32236901222642,47.86928906436926,22.77911850335232,High_Expansion,144.42,141.56,142.0,141.26,151.425,74.71,2.86,2.02463542,,,2026-01-09 08:51:11.010323
MDB,2026-01-09 08:51:11.010323,2026-01-09,,schwab,416.05,370494.0,lastPrice,1767977220428,1767977220400,250.61,True,OPEN,OK,COMPUTED,40.795,,,,40.795,,,,,,,,,,,,,,,,,,,,,,,55.85059240739052,42.93134153411128,70.09848291647914,54.70464431108834,48.17060201085,55.85059240739052,42.93134153411128,70.09848291647914,54.70464431108834,48.17060201085,68.23892939931707,62.78273961282146,60.41813656387897,-14.24789050908862,High_Contraction,420.795,410.74,414.78,413.52,444.72,140.78,2.53,0.61182047,,,2026-01-09 08:51:11.010323
CLS,2026-01-09 08:51:11.010323,2026-01-09,,schwab,302.77,993440.0,lastPrice,1767977223073,1767977219395,251.615,True,OPEN,OK,COMPUTED,86.944,,,,86.944,,,,,,,,,,,,,,,,,,,,,,,51.209491721826694,73.36022285819837,69.73674628111881,79.27423994854863,73.70001125611014,51.209491721826694,73.36022285819837,69.73674628111881,79.27423994854863,73.70001125611014,72.70927281998813,67.33786313712974,64.57104085727823,-18.52725455929212,High_Contraction,305.34,289.0,293.45,288.6,363.4,58.05,14.17,4.90990991,,,2026-01-09 08:51:11.010323
